Date,Adj Close,Close,High,Low,Open,Volume
1999-01-22,0.0376028269529342,0.0410160012543201,0.0488279983401298,0.0388020016252994,0.0437499992549419,2714688000
1999-01-25,0.0415422767400741,0.0453130006790161,0.0458329990506172,0.0410160012543201,0.0442709997296333,510480000
1999-01-26,0.0383188612759113,0.041797000914812,0.0467449985444545,0.0411459989845752,0.0458329990506172,343200000
1999-01-27,0.038199670612812,0.0416669994592666,0.04296899959445,0.0395830012857914,0.0419269986450672,244368000
1999-01-28,0.0380795821547508,0.0415359996259212,0.0419269986450672,0.0412760004401207,0.0416669994592666,227520000
1999-01-29,0.0362891033291816,0.0395830012857914,0.0416669994592666,0.0395830012857914,0.0415359996259212,244032000
1999-02-01,0.0370060205459594,0.0403649993240833,0.0406249985098838,0.0395830012857914,0.0395830012857914,154704000
1999-02-02,0.0341410599648952,0.0372399985790252,0.0406249985098838,0.0360679998993873,0.0395830012857914,264096000
1999-02-03,0.0348570644855499,0.0380209982395172,0.0385419987142086,0.0364580005407333,0.0367190018296241,75120000
1999-02-04,0.0367667414247989,0.0401040017604827,0.0411459989845752,0.0380209982395172,0.0385419987142086,181920000
1999-02-05,0.0378411933779716,0.0412760004401207,0.0416669994592666,0.0397140011191368,0.0407549999654293,136848000
1999-02-08,0.0365283489227294,0.0398439988493919,0.0416669994592666,0.0398439988493919,0.0415359996259212,154080000
1999-02-09,0.0350954495370388,0.038281001150608,0.0408850014209747,0.0377600006759166,0.0406249985098838,86976000
1999-02-10,0.0347378961741924,0.037891000509262,0.0393229983747005,0.0372399985790252,0.038281001150608,148224000
1999-02-11,0.0377220287919044,0.0411459989845752,0.0427079983055591,0.0380209982395172,0.0380209982395172,132240000
1999-02-12,0.0398709699511528,0.0434900000691413,0.0437499992549419,0.0416669994592666,0.0416669994592666,109728000
1999-02-16,0.0401093438267707,0.0437499992549419,0.046094000339508,0.0393229983747005,0.0442709997296333,211008000
1999-02-17,0.0379603989422321,0.0414059981703758,0.0432289987802505,0.0406249985098838,0.0427079983055591,67728000
1999-02-18,0.0385572239756584,0.0420570001006126,0.0432289987802505,0.0408850014209747,0.0427079983055591,70704000
1999-02-19,0.0398709699511528,0.0434900000691413,0.0442709997296333,0.0411459989845752,0.0416669994592666,75360000
1999-02-22,0.0401093438267707,0.0437499992549419,0.0447920002043247,0.0414059981703758,0.0442709997296333,205248000
1999-02-23,0.0420190021395683,0.0458329990506172,0.0467449985444545,0.042187999933958,0.0447920002043247,138096000
1999-02-24,0.0453616008162498,0.0494790002703666,0.0546879991888999,0.0483070015907287,0.0526040010154247,612768000
1999-02-25,0.0439295843243598,0.0479170009493827,0.0531250014901161,0.0471349991858005,0.0515629984438419,149136000
1999-02-26,0.0418998152017593,0.045703001320362,0.050000000745058,0.0453130006790161,0.0484380014240741,172608000
1999-03-01,0.0421390868723392,0.0459639988839626,0.0479170009493827,0.0437499992549419,0.046875,92160000
1999-03-02,0.0417806319892406,0.0455729998648166,0.046094000339508,0.0447920002043247,0.0458329990506172,55248000
1999-03-03,0.0389156751334667,0.0424479991197586,0.0458329990506172,0.042187999933958,0.0458329990506172,61392000
1999-03-04,0.0380795821547508,0.0415359996259212,0.0447920002043247,0.0411459989845752,0.0445309989154338,57360000
1999-03-05,0.0402285195887088,0.0438800007104873,0.0440099984407424,0.0419269986450672,0.0419269986450672,78768000
1999-03-08,0.0408253483474254,0.0445309989154338,0.0458329990506172,0.0419269986450672,0.0427079983055591,75888000
1999-03-09,0.0421390868723392,0.0459639988839626,0.0466150008141994,0.0444010011851787,0.0444010011851787,143184000
1999-03-10,0.0414221808314323,0.0451820008456707,0.0466150008141994,0.0445309989154338,0.0466150008141994,235344000
1999-03-11,0.0396316908299922,0.0432289987802505,0.0451820008456707,0.0432289987802505,0.0444010011851787,54288000
1999-03-12,0.0389156751334667,0.0424479991197586,0.0434900000691413,0.0416669994592666,0.0434900000691413,90768000
1999-03-15,0.040586981922388,0.0442709997296333,0.0447920002043247,0.0432289987802505,0.0434900000691413,108816000
1999-03-16,0.0392741449177265,0.0428389981389045,0.0450519993901252,0.0424479991197586,0.0445309989154338,79152000
1999-03-17,0.039512500166893,0.0430990010499954,0.0440099984407424,0.0420570001006126,0.0432289987802505,51360000
1999-03-18,0.0399901494383811,0.0436200015246868,0.0442709997296333,0.042187999933958,0.0432289987802505,46320000
1999-03-19,0.0401093438267707,0.0437499992549419,0.0450519993901252,0.0434900000691413,0.0434900000691413,105312000
1999-03-22,0.0389156751334667,0.0424479991197586,0.0447920002043247,0.0424479991197586,0.0446610003709793,36672000
1999-03-23,0.0365283489227294,0.0398439988493919,0.0427079983055591,0.0390629991888999,0.0427079983055591,163968000
1999-03-24,0.0362891033291816,0.0395830012857914,0.0398439988493919,0.0380209982395172,0.0395830012857914,60864000
1999-03-25,0.0367667414247989,0.0401040017604827,0.0416669994592666,0.0393229983747005,0.0394529998302459,40320000
1999-03-26,0.0399901494383811,0.0436200015246868,0.0437499992549419,0.0406249985098838,0.0406249985098838,88272000
1999-03-29,0.0411837995052337,0.0449220016598701,0.0459639988839626,0.0441409982740879,0.0449220016598701,65952000
1999-03-30,0.0377220287919044,0.0411459989845752,0.0454429984092712,0.0408850014209747,0.0450519993901252,69504000
1999-03-31,0.0403477139770984,0.0440099984407424,0.0445309989154338,0.0404950007796287,0.0424479991197586,153600000
1999-04-01,0.0391540452837944,0.0427079983055591,0.0442709997296333,0.0419269986450672,0.0440099984407424,30432000
1999-04-05,0.0379603989422321,0.0414059981703758,0.0432289987802505,0.0411459989845752,0.042187999933958,98640000
1999-04-06,0.0370060205459594,0.0403649993240833,0.0419269986450672,0.0395830012857914,0.041797000914812,69696000
1999-04-07,0.0401093438267707,0.0437499992549419,0.0440099984407424,0.0403649993240833,0.0406249985098838,89280000
1999-04-08,0.0408253483474254,0.0445309989154338,0.0458329990506172,0.0434900000691413,0.0440099984407424,130128000
1999-04-09,0.0401093438267707,0.0437499992549419,0.0447920002043247,0.0434900000691413,0.0447920002043247,48624000
1999-04-12,0.0384380407631397,0.0419269986450672,0.0432289987802505,0.0411459989845752,0.0432289987802505,33312000
1999-04-13,0.0368859320878982,0.0402339994907379,0.0427079983055591,0.0395830012857914,0.0427079983055591,36144000
1999-04-14,0.0358123555779457,0.0390629991888999,0.0410160012543201,0.0390629991888999,0.0401040017604827,48288000
1999-04-15,0.0367667414247989,0.0401040017604827,0.0401040017604827,0.0390629991888999,0.0401040017604827,35856000
1999-04-16,0.0379603989422321,0.0414059981703758,0.0420570001006126,0.0398439988493919,0.0398439988493919,38928000
1999-04-19,0.0362891033291816,0.0395830012857914,0.0419269986450672,0.0390629991888999,0.0419269986450672,31296000
1999-04-20,0.0355730839073658,0.0388020016252994,0.0411459989845752,0.0384109988808631,0.0395830012857914,67680000
1999-04-21,0.0361699275672435,0.0394529998302459,0.0395830012857914,0.0385419987142086,0.0388020016252994,37488000
1999-04-22,0.0346178002655506,0.0377600006759166,0.0395830012857914,0.0373700000345706,0.0395830012857914,227184000
1999-04-23,0.0329474136233329,0.0359379984438419,0.0377600006759166,0.0356770008802413,0.0376299992203712,126048000
1999-04-26,0.0312761142849922,0.0341150015592575,0.0364580005407333,0.0333329997956752,0.0359379984438419,123504000
1999-04-27,0.0346178002655506,0.0377600006759166,0.0380209982395172,0.034375000745058,0.0348960012197494,226944000
1999-04-28,0.034379418939352,0.0375000014901161,0.0380209982395172,0.0363279990851879,0.0380209982395172,120096000
1999-04-29,0.034379418939352,0.0375000014901161,0.0377600006759166,0.0367190018296241,0.0376299992203712,48144000
1999-04-30,0.0348570644855499,0.0380209982395172,0.0395830012857914,0.0376299992203712,0.037891000509262,99312000
1999-05-03,0.0350954495370388,0.038281001150608,0.0384109988808631,0.0372399985790252,0.0384109988808631,33840000
1999-05-04,0.03318577632308,0.0361980013549327,0.038281001150608,0.0354170016944408,0.038281001150608,96048000
1999-05-05,0.033901784569025,0.0369790010154247,0.0369790010154247,0.034375000745058,0.0364580005407333,144576000
1999-05-06,0.0332453846931457,0.0362630002200603,0.0375000014901161,0.03515600040555,0.0367190018296241,35616000
1999-05-07,0.0334241315722465,0.0364580005407333,0.0367190018296241,0.03515600040555,0.03515600040555,25008000
1999-05-10,0.0334241315722465,0.0364580005407333,0.0372399985790252,0.0361980013549327,0.0361980013549327,19680000
1999-05-11,0.0352146178483963,0.0384109988808631,0.0395830012857914,0.0372399985790252,0.0380209982395172,171744000
1999-05-12,0.0362891033291816,0.0395830012857914,0.0397140011191368,0.038281001150608,0.0388020016252994,168480000
1999-05-13,0.0362891033291816,0.0395830012857914,0.0406249985098838,0.0394529998302459,0.0395830012857914,69936000
1999-05-14,0.034379418939352,0.0375000014901161,0.0395830012857914,0.0369790010154247,0.0395830012857914,28464000
1999-05-17,0.0360507480800151,0.0393229983747005,0.0393229983747005,0.0368489995598793,0.0369790010154247,35760000
1999-05-18,0.0377220287919044,0.0411459989845752,0.0416669994592666,0.0385419987142086,0.0397140011191368,151536000
1999-05-19,0.0360507480800151,0.0393229983747005,0.0445309989154338,0.038672000169754,0.04296899959445,451728000
1999-05-20,0.03318577632308,0.0361980013549327,0.0395830012857914,0.034765999764204,0.0395830012857914,178176000
1999-05-21,0.0324697755277156,0.0354170016944408,0.0356770008802413,0.034375000745058,0.0356770008802413,303504000
1999-05-24,0.0323496684432029,0.0352860018610954,0.0364580005407333,0.034765999764204,0.0356770008802413,162624000
1999-05-25,0.0325889587402343,0.0355469994246959,0.0359379984438419,0.03515600040555,0.0354170016944408,130080000
1999-05-26,0.0324697755277156,0.0354170016944408,0.0372399985790252,0.0354170016944408,0.0354170016944408,104736000
1999-05-27,0.0322304964065551,0.03515600040555,0.0356770008802413,0.03515600040555,0.0356770008802413,82320000
1999-05-28,0.0325889587402343,0.0355469994246959,0.0356770008802413,0.03515600040555,0.0356770008802413,88656000
1999-06-01,0.0327081307768821,0.0356770008802413,0.0356770008802413,0.0348960012197494,0.0354170016944408,98544000
1999-06-02,0.0315144807100296,0.034375000745058,0.0356770008802413,0.034375000745058,0.0356770008802413,130128000
1999-06-03,0.0323496684432029,0.0352860018610954,0.0355469994246959,0.0348960012197494,0.0352860018610954,41568000
1999-06-04,0.0325889587402343,0.0355469994246959,0.0356770008802413,0.0352860018610954,0.0355469994246959,78912000
1999-06-07,0.0329474136233329,0.0359379984438419,0.0364580005407333,0.0356770008802413,0.0357419997453689,125136000
1999-06-08,0.0337826125323772,0.0368489995598793,0.0375000014901161,0.0359379984438419,0.0360679998993873,153312000
1999-06-09,0.034379418939352,0.0375000014901161,0.038281001150608,0.0369790010154247,0.0369790010154247,95184000
1999-06-10,0.034498605877161,0.0376299992203712,0.0377600006759166,0.0372399985790252,0.0375000014901161,36096000
1999-06-11,0.0337826125323772,0.0368489995598793,0.0377600006759166,0.0355469994246959,0.0376299992203712,61008000
1999-06-14,0.0324697755277156,0.0354170016944408,0.0369790010154247,0.03515600040555,0.0369139984250068,51648000
1999-06-15,0.0324697755277156,0.0354170016944408,0.0356770008802413,0.0348960012197494,0.0354170016944408,49296000
1999-06-16,0.0334241315722465,0.0364580005407333,0.0375000014901161,0.0354170016944408,0.0359379984438419,64416000
1999-06-17,0.0324697755277156,0.0354170016944408,0.0367190018296241,0.0354170016944408,0.0361980013549327,74928000
1999-06-18,0.0312761142849922,0.0341150015592575,0.0356770008802413,0.0341150015592575,0.0356770008802413,158736000
1999-06-21,0.0329474136233329,0.0359379984438419,0.0359379984438419,0.0342120006680488,0.03515600040555,83472000
1999-06-22,0.0323496684432029,0.0352860018610954,0.0359379984438419,0.0345049984753131,0.0359379984438419,193056000
1999-06-23,0.0329474136233329,0.0359379984438419,0.0359379984438419,0.0345049984753131,0.0348960012197494,210912000
1999-06-24,0.0322304964065551,0.03515600040555,0.0361980013549327,0.0348960012197494,0.0361980013549327,115200000
1999-06-25,0.0327081307768821,0.0356770008802413,0.0360679998993873,0.0348960012197494,0.0348960012197494,73536000
1999-06-28,0.03318577632308,0.0361980013549327,0.0368489995598793,0.0354170016944408,0.0368489995598793,109152000
1999-06-29,0.0335442386567592,0.0365890003740787,0.0371089987456798,0.0361980013549327,0.0367190018296241,92688000
1999-06-30,0.0365283489227294,0.0398439988493919,0.0398439988493919,0.0369790010154247,0.0377600006759166,269232000
1999-07-01,0.0346178002655506,0.0377600006759166,0.0398439988493919,0.0356770008802413,0.0398439988493919,88992000
1999-07-02,0.037125214934349,0.0404950007796287,0.0404950007796287,0.0375000014901161,0.038281001150608,224880000
1999-07-06,0.0372443869709968,0.0406249985098838,0.0408850014209747,0.0401040017604827,0.0408850014209747,198096000
1999-07-07,0.0365283489227294,0.0398439988493919,0.0408850014209747,0.0398439988493919,0.0408850014209747,63120000
1999-07-08,0.0373635627329349,0.0407549999654293,0.0414059981703758,0.0388020016252994,0.0401040017604827,186048000
1999-07-09,0.0405273810029029,0.0442060008645057,0.0445309989154338,0.0406249985098838,0.0406249985098838,211728000
1999-07-12,0.0423774681985378,0.0462240017950534,0.0481770001351833,0.0450519993901252,0.046875,401040000
1999-07-13,0.0424966402351856,0.0463539995253086,0.0470050014555454,0.0442709997296333,0.0467449985444545,138864000
1999-07-14,0.0408253483474254,0.0445309989154338,0.0473960004746913,0.0442709997296333,0.0463539995253086,137952000
1999-07-15,0.0410646460950374,0.0447920002043247,0.0463539995253086,0.0447920002043247,0.0449220016598701,137040000
1999-07-16,0.0418998152017593,0.045703001320362,0.046094000339508,0.0447920002043247,0.0455729998648166,103872000
1999-07-19,0.0408253483474254,0.0445309989154338,0.0459639988839626,0.0442709997296333,0.0458329990506172,43632000
1999-07-20,0.0401093438267707,0.0437499992549419,0.0445309989154338,0.042187999933958,0.0445309989154338,178752000
1999-07-21,0.0389156751334667,0.0424479991197586,0.0432289987802505,0.0411459989845752,0.0432289987802505,112080000
1999-07-22,0.037125214934349,0.0404950007796287,0.042187999933958,0.0401040017604827,0.042187999933958,213264000
1999-07-23,0.037125214934349,0.0404950007796287,0.0416669994592666,0.0403649993240833,0.0403649993240833,80256000
1999-07-26,0.0372443869709968,0.0406249985098838,0.0415359996259212,0.0406249985098838,0.0415359996259212,60528000
1999-07-27,0.0373635627329349,0.0407549999654293,0.0408850014209747,0.0401040017604827,0.0406249985098838,98592000
1999-07-28,0.0379603989422321,0.0414059981703758,0.0419269986450672,0.0404950007796287,0.0406249985098838,244224000
1999-07-29,0.0383188612759113,0.041797000914812,0.0419269986450672,0.0403649993240833,0.0406249985098838,388800000
1999-07-30,0.0384380407631397,0.0419269986450672,0.04296899959445,0.0416669994592666,0.041797000914812,452304000
1999-08-02,0.0387964881956577,0.0423180013895034,0.0424479991197586,0.0416669994592666,0.0419269986450672,313344000
1999-08-03,0.0378411933779716,0.0412760004401207,0.0423180013895034,0.0408850014209747,0.0423180013895034,255216000
1999-08-04,0.0378411933779716,0.0412760004401207,0.0416669994592666,0.0411459989845752,0.0415359996259212,89952000
1999-08-05,0.0384380407631397,0.0419269986450672,0.0419269986450672,0.0406249985098838,0.0412760004401207,240576000
1999-08-06,0.0384380407631397,0.0419269986450672,0.0420570001006126,0.0416669994592666,0.041797000914812,183984000
1999-08-09,0.0384380407631397,0.0419269986450672,0.0424479991197586,0.0416669994592666,0.0420570001006126,31056000
1999-08-10,0.0391540452837944,0.0427079983055591,0.0445309989154338,0.0419269986450672,0.042187999933958,212064000
1999-08-11,0.0417806319892406,0.0455729998648166,0.046094000339508,0.04296899959445,0.0434900000691413,197712000
1999-08-12,0.043809488415718,0.0477860011160373,0.0489579997956752,0.0455729998648166,0.0458329990506172,239616000
1999-08-13,0.0433327555656433,0.0472659990191459,0.0483070015907287,0.046875,0.0473960004746913,84672000
1999-08-16,0.0416614525020122,0.0454429984092712,0.0476559996604919,0.0438800007104873,0.0476559996604919,223440000
1999-08-17,0.0417806319892406,0.0455729998648166,0.0463539995253086,0.0444010011851787,0.0455729998648166,193536000
1999-08-18,0.0427359230816364,0.0466150008141994,0.0471349991858005,0.0441409982740879,0.0450519993901252,279888000
1999-08-19,0.0518075078725814,0.0565100014209747,0.0591150000691413,0.0481770001351833,0.0498699992895126,1966992000
1999-08-20,0.0513307861983776,0.0559899993240833,0.0570309981703758,0.053906001150608,0.0566410012543201,353088000
1999-08-23,0.0482265427708625,0.0526040010154247,0.0552080012857914,0.05078100040555,0.0552080012857914,507984000
1999-08-24,0.047988187521696,0.0523440018296241,0.0528649985790252,0.0492190010845661,0.0518230013549327,398064000
1999-08-25,0.0477489121258258,0.0520830005407333,0.0529950000345706,0.050000000745058,0.0524739995598793,350352000
1999-08-26,0.0470328889787197,0.0513020008802413,0.0528649985790252,0.0505210012197494,0.0520830005407333,275376000
1999-08-27,0.0496594943106174,0.0541669987142086,0.0562499985098838,0.0520830005407333,0.0523440018296241,552384000
1999-08-30,0.0494797900319099,0.0539710000157356,0.0561200007796287,0.0516929998993873,0.0550779998302459,158640000
1999-08-31,0.0537180863320827,0.05859399959445,0.0588539987802505,0.0531250014901161,0.0541669987142086,786864000
1999-09-01,0.0512106902897357,0.0558589994907379,0.05859399959445,0.0549479983747005,0.05859399959445,565344000
1999-09-02,0.0506138578057289,0.0552080012857914,0.0554689988493919,0.0528649985790252,0.0540359988808631,341088000
1999-09-03,0.0509723238646984,0.0555990003049373,0.0570309981703758,0.0552080012857914,0.0562499985098838,258864000
1999-09-07,0.050733957439661,0.0553390011191368,0.0565100014209747,0.0550779998302459,0.0565100014209747,124416000
1999-09-08,0.0506138578057289,0.0552080012857914,0.0558589994907379,0.0552080012857914,0.0554689988493919,170064000
1999-09-09,0.0498978458344936,0.0544270016252994,0.0561200007796287,0.0533850006759166,0.0557290017604827,209472000
1999-09-10,0.0506138578057289,0.0552080012857914,0.0559899993240833,0.0549479983747005,0.0553390011191368,167424000
1999-09-13,0.0489425733685493,0.0533850006759166,0.0554689988493919,0.0528649985790252,0.0554689988493919,174432000
1999-09-14,0.0475105345249176,0.0518230013549327,0.0533850006759166,0.0515629984438419,0.0533850006759166,250368000
1999-09-15,0.0478690080344677,0.0522140003740787,0.0528649985790252,0.05078100040555,0.0511719994246959,212736000
1999-09-16,0.0466744415462017,0.0509110018610954,0.0520830005407333,0.0502599999308586,0.0515629984438419,158112000
1999-09-17,0.0465552471578121,0.05078100040555,0.0510420016944408,0.0489579997956752,0.050586000084877,171648000
1999-09-20,0.0448839478194713,0.0489579997956752,0.0505210012197494,0.0489579997956752,0.0498699992895126,229104000
1999-09-21,0.040586981922388,0.0442709997296333,0.0481770001351833,0.0436200015246868,0.0479170009493827,737328000
1999-09-22,0.0415422767400741,0.0453130006790161,0.0455729998648166,0.0416669994592666,0.0442709997296333,375984000
1999-09-23,0.0380795821547508,0.0415359996259212,0.0455729998648166,0.0411459989845752,0.0454429984092712,379584000
1999-09-24,0.0346178002655506,0.0377600006759166,0.0427079983055591,0.0348960012197494,0.0416669994592666,684912000
1999-09-27,0.0367667414247989,0.0401040017604827,0.0408850014209747,0.0377600006759166,0.0402339994907379,432000000
1999-09-28,0.0401093438267707,0.0437499992549419,0.0442709997296333,0.0401040017604827,0.0401690006256103,413184000
1999-09-29,0.0368859320878982,0.0402339994907379,0.0463539995253086,0.0395830012857914,0.0446610003709793,594048000
1999-09-30,0.0367667414247989,0.0401040017604827,0.04296899959445,0.0395830012857914,0.0416669994592666,342528000
1999-10-01,0.0365283489227294,0.0398439988493919,0.0408850014209747,0.0377600006759166,0.0394529998302459,347760000
1999-10-04,0.0372443869709968,0.0406249985098838,0.0412760004401207,0.0401040017604827,0.0411459989845752,177600000
1999-10-05,0.0408253483474254,0.0445309989154338,0.0447920002043247,0.0406249985098838,0.0406249985098838,478080000
1999-10-06,0.0457200482487678,0.0498699992895126,0.0520830005407333,0.0442709997296333,0.0446610003709793,1508736000
1999-10-07,0.0427359230816364,0.0466150008141994,0.0519529990851879,0.0463539995253086,0.0519529990851879,487296000
1999-10-08,0.0448839478194713,0.0489579997956752,0.050390999764204,0.0447920002043247,0.0466150008141994,398928000
1999-10-11,0.0436903126537799,0.0476559996604919,0.0494790002703666,0.0463539995253086,0.0493489988148212,544464000
1999-10-12,0.0430934838950634,0.0470050014555454,0.0484380014240741,0.046875,0.0479170009493827,322992000
1999-10-13,0.0418998152017593,0.045703001320362,0.046484000980854,0.0447920002043247,0.046484000980854,280368000
1999-10-14,0.0410646460950374,0.0447920002043247,0.0458329990506172,0.0442709997296333,0.0458329990506172,192336000
1999-10-15,0.0408253483474254,0.0445309989154338,0.0447920002043247,0.0424479991197586,0.042578000575304,210720000
1999-10-18,0.0386773124337196,0.042187999933958,0.0446610003709793,0.0419269986450672,0.0446610003709793,215184000
1999-10-19,0.037125214934349,0.0404950007796287,0.0434900000691413,0.0397140011191368,0.0434900000691413,308928000
1999-10-20,0.0384380407631397,0.0419269986450672,0.0424479991197586,0.0404950007796287,0.0411459989845752,348720000
1999-10-21,0.0402285195887088,0.0438800007104873,0.0438800007104873,0.0406249985098838,0.041797000914812,382128000
1999-10-22,0.0411837995052337,0.0449220016598701,0.0462240017950534,0.0437499992549419,0.0437499992549419,286752000
1999-10-25,0.0391540452837944,0.0427079983055591,0.0453130006790161,0.0427079983055591,0.0446610003709793,213840000
1999-10-26,0.0429742895066738,0.046875,0.0484380014240741,0.0442709997296333,0.0445309989154338,481248000
1999-10-27,0.0410646460950374,0.0447920002043247,0.0473960004746913,0.0440099984407424,0.0471349991858005,214128000
1999-10-28,0.0391540452837944,0.0427079983055591,0.0458329990506172,0.0424479991197586,0.0450519993901252,222768000
1999-10-29,0.0422582700848579,0.046094000339508,0.046875,0.04296899959445,0.0432289987802505,330528000
1999-11-01,0.0448839478194713,0.0489579997956752,0.05078100040555,0.0453130006790161,0.0453130006790161,782544000
1999-11-02,0.0477489121258258,0.0520830005407333,0.0523440018296241,0.0494790002703666,0.0498699992895126,837504000
1999-11-03,0.0524043403565883,0.0571609996259212,0.05859399959445,0.0537759996950626,0.0541669987142086,2011680000
1999-11-04,0.0557469353079795,0.0608070008456707,0.0623699985444545,0.057812999933958,0.057812999933958,1260336000
1999-11-05,0.0539564527571201,0.0588539987802505,0.063020996749401,0.0559899993240833,0.0625,616368000
1999-11-08,0.0555085763335228,0.0605470016598701,0.0622400008141994,0.0552080012857914,0.0570309981703758,470016000
1999-11-09,0.0546724610030651,0.0596349984407424,0.0606769993901252,0.0572919994592666,0.0604170002043247,272352000
1999-11-10,0.0541957281529903,0.0591150000691413,0.0598959997296333,0.0579430013895034,0.0598310008645057,144048000
1999-11-11,0.0580150596797466,0.0632809996604919,0.0664059966802597,0.057812999933958,0.0591150000691413,562704000
1999-11-12,0.061119295656681,0.0666669979691505,0.0666669979691505,0.0622400008141994,0.0660160034894943,501504000
1999-11-15,0.0599256455898284,0.0653650015592575,0.069141000509262,0.0643230006098747,0.067121997475624,362208000
1999-11-16,0.0656555444002151,0.0716150030493736,0.0729169994592666,0.0666669979691505,0.0669270008802414,723792000
1999-11-17,0.0681620389223098,0.0743490010499954,0.078125,0.0718749985098838,0.0729169994592666,786384000
1999-11-18,0.0684004053473472,0.0746089965105056,0.0765630006790161,0.0739580020308494,0.0759110003709793,235968000
1999-11-19,0.0818899571895599,0.0893229991197586,0.0924480035901069,0.0833330005407333,0.0835940018296241,2165184000
1999-11-22,0.0817707628011703,0.0891930013895034,0.0916669964790344,0.0838539972901344,0.0916019976139068,540192000
1999-11-23,0.0759216994047164,0.0828130021691322,0.0837239995598793,0.0791670009493827,0.0800779983401298,553248000
1999-11-24,0.0735334828495979,0.0802080035209655,0.0833330005407333,0.0740889981389045,0.0824220031499862,406848000
1999-11-26,0.0730566978454589,0.0796879976987838,0.0802080035209655,0.0770829990506172,0.079426996409893,71760000
1999-11-29,0.0704301446676254,0.0768230035901069,0.0804689973592758,0.0750000029802322,0.079426996409893,298608000
1999-11-30,0.0661322847008705,0.0721350014209747,0.0783850029110908,0.0721350014209747,0.0770829990506172,314688000
1999-12-01,0.0694748759269714,0.0757810026407241,0.0768230035901069,0.0721350014209747,0.0721350014209747,223536000
1999-12-02,0.0746079683303833,0.0813800022006034,0.0824220031499862,0.0760419964790344,0.0760419964790344,309888000
1999-12-03,0.0728174820542335,0.079426996409893,0.0835940018296241,0.0783850029110908,0.0821610018610954,342768000
1999-12-06,0.0748472437262535,0.0816410034894943,0.0820309966802597,0.0796879976987838,0.0796879976987838,178608000
1999-12-07,0.0723398551344871,0.0789059996604919,0.0824220031499862,0.0757810026407241,0.0822919979691505,186384000
1999-12-08,0.0755632370710372,0.0824220031499862,0.0832030028104782,0.0783850029110908,0.078645996749401,201696000
1999-12-09,0.0732950866222381,0.0799480006098747,0.0843750014901161,0.0770829990506172,0.0822919979691505,214944000
1999-12-10,0.0724589973688125,0.079035997390747,0.0817710012197494,0.0776040032505989,0.0813800022006034,98304000
1999-12-13,0.0722206383943557,0.0787760019302368,0.0808589980006218,0.0770829990506172,0.078125,183840000
1999-12-14,0.0710269585251808,0.0774739980697631,0.0808589980006218,0.0766929984092712,0.0789059996604919,273888000
1999-12-15,0.068758837878704,0.0750000029802322,0.077344000339508,0.0731770023703575,0.076953001320362,205968000
1999-12-16,0.0682812258601188,0.0744789987802505,0.0765630006790161,0.0742190033197403,0.0753910019993782,132576000
1999-12-17,0.0718621611595153,0.0783850029110908,0.0795570015907287,0.0761720016598701,0.0765630006790161,262080000
1999-12-20,0.0778313502669334,0.0848959982395172,0.0864259973168373,0.0757810026407241,0.0785159990191459,402432000
1999-12-21,0.0811739638447761,0.0885419994592666,0.0886719971895217,0.0817710012197494,0.0848959982395172,388368000
1999-12-22,0.0830836147069931,0.0906250029802322,0.0916669964790344,0.0854170024394989,0.0888020023703575,251184000
1999-12-23,0.0885751768946647,0.0966150015592575,0.0968749970197677,0.0903650000691413,0.0907550007104873,280224000
1999-12-27,0.0852325782179832,0.092969000339508,0.0988280028104782,0.0919269993901252,0.0986979976296424,202416000
1999-12-28,0.0849932804703712,0.0927079990506172,0.0963540002703666,0.0924480035901069,0.092969000339508,179184000
1999-12-29,0.0878582149744033,0.0958330035209655,0.0968749970197677,0.0924480035901069,0.0925130024552345,132144000
1999-12-30,0.0885751768946647,0.0966150015592575,0.0972660034894943,0.094270996749401,0.0958330035209655,139776000
1999-12-31,0.0896487608551979,0.0977860018610954,0.0979169979691505,0.0960939973592758,0.0964189991354942,127344000
2000-01-03,0.0894103571772575,0.0975259989500045,0.0992190018296241,0.0919269993901252,0.0984380021691322,300912000
2000-01-04,0.0870230421423912,0.0949219986796379,0.0960939973592758,0.0901039987802505,0.0958330035209655,300480000
2000-01-05,0.0841580778360366,0.0917970016598701,0.09375,0.0904949977993965,0.0921880006790161,188352000
2000-01-06,0.0786665305495262,0.0858070030808448,0.0917970016598701,0.0822919979691505,0.0917970016598701,120480000
2000-01-07,0.0799802988767623,0.0872400030493736,0.0881510004401207,0.0841149985790252,0.0854170024394989,71184000
2000-01-10,0.0826059952378273,0.0901039987802505,0.09375,0.0859379991889,0.0874999985098838,239856000
2000-01-11,0.0792633816599845,0.0864579975605011,0.0906250029802322,0.0864579975605011,0.0895830020308494,148128000
2000-01-12,0.0772345587611198,0.0842449963092804,0.0865890011191368,0.0830729976296424,0.0864579975605011,123552000
2000-01-13,0.0804570391774177,0.0877600014209747,0.0885419994592666,0.0830729976296424,0.0841149985790252,132192000
2000-01-14,0.0839188247919082,0.0915360003709793,0.0951820015907287,0.0888020023703575,0.0890630036592483,604560000
2000-01-18,0.0875006988644599,0.0954430028796196,0.0958330035209655,0.0885419994592666,0.0927079990506172,261648000
2000-01-19,0.0866645872592926,0.0945309996604919,0.0958330035209655,0.09375,0.0958330035209655,164688000
2000-01-20,0.086426205933094,0.094270996749401,0.1005209982395172,0.0934899970889091,0.0953129976987838,179568000
2000-01-21,0.0854709446430206,0.0932290032505989,0.0944010019302368,0.0908849984407424,0.0940100029110908,544272000
2000-01-24,0.0816516205668449,0.0890630036592483,0.0962240025401115,0.0885419994592666,0.0962240025401115,256944000
2000-01-25,0.0809346809983253,0.0882809981703758,0.0903650000691413,0.0854170024394989,0.0894529968500137,237120000
2000-01-26,0.0775920823216438,0.0846349969506263,0.0906250029802322,0.0830729976296424,0.0882809981703758,232464000
2000-01-27,0.0735334828495979,0.0802080035209655,0.0852859988808631,0.0770829990506172,0.0852859988808631,458208000
2000-01-28,0.0713854730129242,0.0778649970889091,0.0796879976987838,0.0747400000691413,0.0791670009493827,194448000
2000-01-31,0.0707886070013046,0.0772140026092529,0.0799480006098747,0.0729169994592666,0.0782549977302551,182400000
2000-02-01,0.0724589973688125,0.079035997390747,0.0796879976987838,0.0744789987802505,0.077344000339508,92976000
2000-02-02,0.0744887739419937,0.0812499970197677,0.0828130021691322,0.079035997390747,0.079426996409893,149040000
2000-02-03,0.0756823867559433,0.0825520008802414,0.085547000169754,0.0820309966802597,0.0838539972901344,108240000
2000-02-04,0.0774729028344154,0.0845049992203712,0.085156001150608,0.0828130021691322,0.085156001150608,123696000
2000-02-07,0.0726982951164245,0.0792969986796379,0.0848959982395172,0.0791670009493827,0.0848959982395172,217488000
2000-02-08,0.0761600583791732,0.0830729976296424,0.0859379991889,0.0791670009493827,0.0812499970197677,468816000
2000-02-09,0.0780697241425514,0.085156001150608,0.0876300036907196,0.0850260034203529,0.0861980020999908,589056000
2000-02-10,0.0940657779574394,0.1026040017604827,0.1041669994592666,0.0903650000691413,0.0903650000691413,970080000
2000-02-11,0.0954987257719039,0.1041669994592666,0.1078130006790161,0.0966150015592575,0.1076819971203804,423792000
2000-02-14,0.1107778772711753,0.1208330020308494,0.1208330020308494,0.1033850014209747,0.1044270023703575,650112000
2000-02-15,0.1064808964729309,0.1161459982395172,0.1212240010499954,0.1111980006098747,0.1210940033197403,450480000
2000-02-16,0.1113746985793113,0.1214839965105056,0.1255210041999817,0.1161459982395172,0.1174480020999908,1019568000
2000-02-17,0.1153141036629676,0.1257809996604919,0.1265629976987838,0.1195309981703758,0.1213539987802505,535776000
2000-02-18,0.1286845207214355,0.1403650045394897,0.1421879976987838,0.1230470016598701,0.1239579990506172,960864000
2000-02-22,0.1251025944948196,0.1364579945802688,0.1377599984407425,0.1312499940395355,0.1359380036592483,542496000
2000-02-23,0.1258195489645004,0.1372399926185608,0.1386719942092895,0.1332029998302459,0.1348959952592849,511392000
2000-02-24,0.1246259585022926,0.1359380036592483,0.138932004570961,0.1302080005407333,0.1380210071802139,244320000
2000-02-25,0.1168662086129188,0.1274739950895309,0.1360680013895034,0.1218750029802322,0.1360680013895034,278736000
2000-02-28,0.1160310208797454,0.1265629976987838,0.1281249970197677,0.1244790032505989,0.1268229931592941,517872000
2000-02-29,0.1222376599907875,0.1333329975605011,0.1348959952592849,0.1257809996604919,0.1257809996604919,306048000
2000-03-01,0.118656687438488,0.1294270008802414,0.1333329975605011,0.1273439973592758,0.1333329975605011,383568000
2000-03-02,0.1106586977839469,0.1207029968500137,0.1304689943790435,0.1203130036592483,0.1304689943790435,191040000
2000-03-03,0.1124491766095161,0.1226560026407241,0.1239579990506172,0.1197919994592666,0.1208330020308494,273696000
2000-03-06,0.1117331460118293,0.1218750029802322,0.1328130066394806,0.1208330020308494,0.1234380006790161,432096000
2000-03-07,0.1591245383024215,0.173567995429039,0.1817709952592849,0.1494790017604828,0.15625,1952208000
2000-03-08,0.1604373753070831,0.1749999970197677,0.1765629947185516,0.1609379947185516,0.1734700053930282,668736000
2000-03-09,0.1915640085935592,0.2089519947767257,0.2249999940395355,0.1765629947185516,0.1770830005407333,952944000
2000-03-10,0.2253759652376175,0.2458329945802688,0.3020829856395721,0.2182289958000183,0.2197919934988021,2161200000
2000-03-13,0.2850632965564728,0.3109380006790161,0.3125,0.2208330035209655,0.2229170054197311,2415168000
2000-03-14,0.2103351950645446,0.2294269949197769,0.3092449903488159,0.2249999940395355,0.3092449903488159,1567776000
2000-03-15,0.2017403542995453,0.2200520038604736,0.2522140145301819,0.2125000059604644,0.2458660006523132,995616000
2000-03-16,0.1798649430274963,0.1961909979581833,0.2348960041999817,0.1929689943790435,0.2270829975605011,750384000
2000-03-17,0.1907581537961959,0.208073005080223,0.2229170054197311,0.1916339993476867,0.1916670054197311,557616000
2000-03-20,0.1906390041112899,0.2079430073499679,0.2231770008802414,0.2013020068407058,0.216276004910469,365280000
2000-03-21,0.1812080591917038,0.1976560056209564,0.2101559937000274,0.1812500059604644,0.2083330005407333,536640000
2000-03-22,0.1825217604637146,0.1990890055894851,0.2052080035209655,0.1958329975605011,0.1992190033197403,230592000
2000-03-23,0.1857442110776901,0.2026039958000183,0.2135419994592666,0.1968750059604644,0.1972659975290298,309408000
2000-03-24,0.1779854744672775,0.194141000509262,0.2104170024394989,0.1875,0.2013020068407058,231600000
2000-03-27,0.1662863940000534,0.1813800036907196,0.2000000029802322,0.1796880066394806,0.1937499940395355,388944000
2000-03-28,0.1538722515106201,0.1678390055894851,0.1770830005407333,0.1645829975605011,0.1751299947500229,393312000
2000-03-29,0.1437253057956695,0.1567710041999817,0.1723960041999817,0.1500000059604644,0.1684899926185608,469440000
2000-03-30,0.1428891122341156,0.1558589935302734,0.1703130006790161,0.1468749940395355,0.1520829945802688,361920000
2000-03-31,0.1613623797893524,0.1760089993476867,0.1830729991197586,0.1635420024394989,0.1665039956569671,962976000
2000-04-03,0.1487391740083694,0.1622399985790252,0.1749999970197677,0.1576820015907287,0.1744139939546585,329952000
2000-04-04,0.1432476341724395,0.15625,0.1736979931592941,0.1187499985098838,0.1708330065011978,513792000
2000-04-05,0.1751206219196319,0.1910160034894943,0.203125,0.149739995598793,0.1578129976987838,639600000
2000-04-06,0.1832377463579177,0.1998700052499771,0.2100259959697723,0.1903650015592575,0.1998700052499771,404592000
2000-04-07,0.1958912163972854,0.2136719971895218,0.21875,0.2010419964790344,0.2098959982395172,318576000
2000-04-10,0.1785823702812194,0.1947920024394989,0.2299479991197586,0.1907549947500229,0.2173179984092712,395280000
2000-04-11,0.1679576486349105,0.1832029968500137,0.1979169994592666,0.1666669994592666,0.1812169998884201,457584000
2000-04-12,0.1505296379327774,0.1641930043697357,0.1875,0.1635420024394989,0.1834640055894851,313440000
2000-04-13,0.1440828591585159,0.157160997390747,0.1713539958000183,0.1544270068407058,0.1654949933290481,313296000
2000-04-14,0.131400004029274,0.143326997756958,0.1584639996290207,0.1364579945802688,0.1471350044012069,421920000
2000-04-17,0.1381145864725113,0.1506509929895401,0.15625,0.1312499940395355,0.1312499940395355,294096000
2000-04-18,0.1625862866640091,0.1773439943790435,0.1869789958000183,0.1609379947185516,0.1658200025558471,477504000
2000-04-19,0.1548266559839248,0.1688800007104873,0.1854169964790344,0.1666669994592666,0.1829430013895034,278352000
2000-04-20,0.1539913862943649,0.1679690033197403,0.1766930073499679,0.1656250059604644,0.1734379976987838,153936000
2000-04-24,0.1463509500026703,0.1596350073814392,0.165364995598793,0.1513019949197769,0.1583330035209655,205968000
2000-04-25,0.1623470038175583,0.1770830005407333,0.1822919994592666,0.1664060056209564,0.1667969971895218,249696000
2000-04-26,0.1606757342815399,0.1752600073814392,0.1937499940395355,0.1749999970197677,0.1894530057907104,254112000
2000-04-27,0.1738068461418151,0.1895830035209655,0.1914059966802597,0.1626300066709518,0.1635420024394989,280992000
2000-04-28,0.170225903391838,0.1856770068407058,0.2000000029802322,0.1856770068407058,0.1925780028104782,179040000
2000-05-01,0.1757173985242843,0.1916670054197311,0.1968750059604644,0.1871089935302734,0.1927080005407333,119424000
2000-05-02,0.1689130663871765,0.1842450052499771,0.2028650045394897,0.1789059937000274,0.1916670054197311,234000000
2000-05-03,0.1661672294139862,0.1812500059604644,0.1890629976987838,0.1666669994592666,0.1830729991197586,329184000
2000-05-04,0.1681970357894897,0.1834640055894851,0.1911460012197494,0.179297000169754,0.1808589994907379,241200000
2000-05-05,0.1759557276964187,0.1919270008802414,0.1963540017604828,0.1802079975605011,0.182681992650032,170592000
2000-05-08,0.1695098727941513,0.1848960071802139,0.1937499940395355,0.1846349984407425,0.1869789958000183,185136000
2000-05-09,0.1671225279569625,0.1822919994592666,0.1895830035209655,0.1770830005407333,0.1880210041999817,176832000
2000-05-10,0.1506488472223281,0.1643230020999908,0.1805990040302276,0.1627600044012069,0.1804690062999725,274080000
2000-05-11,0.157094731926918,0.1713539958000183,0.1743489950895309,0.1644529998302459,0.1666669994592666,245904000
2000-05-12,0.1523201167583465,0.1661459952592849,0.1854169964790344,0.1661459952592849,0.1760420054197311,187824000
2000-05-15,0.1628245711326599,0.177604004740715,0.1804690062999725,0.1572919934988021,0.165364995598793,282096000
2000-05-16,0.1795367300510406,0.1958329975605011,0.201432004570961,0.1833329945802688,0.1854169964790344,366432000
2000-05-17,0.2110512107610702,0.2302079945802688,0.2388020008802414,0.2061199992895126,0.2062499970197677,1290624000
2000-05-18,0.1967263668775558,0.2145829945802688,0.235285997390747,0.2131509929895401,0.2315099984407425,509904000
2000-05-19,0.1950551569461822,0.2127600014209747,0.2197919934988021,0.2067710012197494,0.2083330005407333,521184000
2000-05-22,0.2077095061540603,0.2265630066394806,0.2265630066394806,0.1917970031499862,0.2104170024394989,517152000
2000-05-23,0.2060382664203643,0.2247399985790252,0.2457029968500137,0.2171880006790161,0.2208330035209655,778560000
2000-05-24,0.2034116685390472,0.2218749970197677,0.2281250059604644,0.1921879947185516,0.224479004740715,739632000
2000-05-25,0.2005466520786285,0.21875,0.2385420054197311,0.2160159945487976,0.2251300066709518,569184000
2000-05-26,0.2015615552663803,0.2198570072650909,0.2259110063314438,0.2062499970197677,0.2198570072650909,183456000
2000-05-30,0.2098575383424759,0.2289060056209564,0.2346349954605102,0.2247399985790252,0.2257809937000274,303648000
2000-05-31,0.21797476708889,0.2377600073814392,0.2416670024394989,0.2281250059604644,0.2281250059604644,469536000
2000-06-01,0.2240631729364395,0.2444009929895401,0.2470050007104873,0.2382809966802597,0.2447919994592666,418992000
2000-06-02,0.251280665397644,0.2740890085697174,0.27708300948143,0.2494789958000183,0.2494789958000183,592176000
2000-06-05,0.2566814124584198,0.2799800038337707,0.293749988079071,0.2627600133419037,0.2736980020999908,491904000
2000-06-06,0.2438794523477554,0.2660160064697265,0.2914060056209564,0.2645829916000366,0.2809900045394897,375888000
2000-06-07,0.2330163717269897,0.2541669905185699,0.2662760019302368,0.2502599954605102,0.2640630006790161,332352000
2000-06-08,0.234807014465332,0.2561199963092804,0.2609379887580871,0.2458329945802688,0.2606770098209381,460704000
2000-06-09,0.2414911985397339,0.2634109854698181,0.2750000059604645,0.2570309937000274,0.2609379887580871,467280000
2000-06-12,0.2350452989339828,0.2563799917697906,0.2667970061302185,0.2505210041999817,0.2645829916000366,380016000
2000-06-13,0.2424464672803878,0.2644529938697815,0.2645829916000366,0.2479169964790344,0.249219000339508,447840000
2000-06-14,0.2422081977128982,0.2641929984092712,0.2708329856395721,0.2607100009918213,0.2694010138511657,275088000
2000-06-15,0.2485348582267761,0.2710939943790436,0.2710939943790436,0.249219000339508,0.2634109854698181,338592000
2000-06-16,0.2860176861286163,0.3119789958000183,0.3125,0.2700519859790802,0.2701170146465301,987840000
2000-06-19,0.3039233386516571,0.3315100073814392,0.3567709922790527,0.3033849895000458,0.3111979961395263,1052160000
2000-06-20,0.2998647391796112,0.3270829916000366,0.3411459922790527,0.3229170143604278,0.3372400104999542,610272000
2000-06-21,0.3303046524524688,0.360285997390747,0.3666670024394989,0.3220050036907196,0.3220050036907196,614880000
2000-06-22,0.3122797608375549,0.340624988079071,0.3661459982395172,0.3372400104999542,0.3587239980697632,614352000
2000-06-23,0.2827951312065124,0.308463990688324,0.3356769979000091,0.30833300948143,0.3315100073814392,607392000
2000-06-26,0.3169352114200592,0.3457030057907104,0.3476560115814209,0.3096350133419037,0.3145830035209656,618288000
2000-06-27,0.2721704840660095,0.296875,0.3484379947185516,0.2877599895000458,0.3427079916000366,604608000
2000-06-28,0.2616659998893738,0.2854169905185699,0.3145830035209656,0.27708300948143,0.3031249940395355,586608000
2000-06-29,0.2239439487457275,0.2442709952592849,0.280469000339508,0.2395830005407333,0.280469000339508,1184880000
2000-06-30,0.2428049445152282,0.264844000339508,0.2692709863185882,0.2432290017604828,0.2557289898395538,1209192000
2000-07-03,0.2334941625595092,0.2546879947185516,0.2750000059604645,0.2520830035209656,0.2666670083999634,232680000
2000-07-05,0.2084255069494247,0.2273440062999725,0.2541669905185699,0.2197919934988021,0.2536459863185882,777936000
2000-07-06,0.2210790067911148,0.2411459982395172,0.2494789958000183,0.2221350073814392,0.2276040017604828,603936000
2000-07-07,0.2222726792097091,0.2424480020999908,0.2541669905185699,0.2374999970197677,0.25,346560000
2000-07-10,0.2337324172258377,0.2549479901790619,0.2609379887580871,0.2359379976987838,0.2382809966802597,351264000
2000-07-11,0.2525934875011444,0.2755210101604461,0.2885420024394989,0.2486979961395263,0.251563012599945,755304000
2000-07-12,0.2597554624080658,0.2833330035209656,0.2976559996604919,0.2778649926185608,0.2869789898395538,388152000
2000-07-13,0.2841078341007232,0.3098959922790527,0.3114579916000366,0.2888019979000091,0.2893230020999908,458736000
2000-07-14,0.2819589972496032,0.3075520098209381,0.3221350014209747,0.3000000119209289,0.3161459863185882,280200000
2000-07-17,0.278855562210083,0.3041670024394989,0.3125,0.3031249940395355,0.3122400045394897,105552000
2000-07-18,0.2733640670776367,0.2981770038604736,0.3125,0.2874999940395355,0.2874999940395355,183672000
2000-07-19,0.2559360563755035,0.2791669964790344,0.2895829975605011,0.2731769979000091,0.2874999940395355,189504000
2000-07-20,0.2628596425056457,0.2867189943790436,0.293749988079071,0.278124988079071,0.278905987739563,142992000
2000-07-21,0.2662023603916168,0.2903650104999542,0.2958329916000366,0.2833330035209656,0.2874999940395355,251928000
2000-07-24,0.2435210198163986,0.265625,0.29270800948143,0.2541669905185699,0.2906250059604645,281112000
2000-07-25,0.2344484478235244,0.2557289898395538,0.2718749940395355,0.2552079856395721,0.2697919905185699,335304000
2000-07-26,0.2170203626155853,0.2367189973592758,0.2557289898395538,0.2296880036592483,0.2557289898395538,380064000
2000-07-27,0.2015019506216049,0.2197919934988021,0.2322919964790344,0.2166669964790344,0.2291669994592666,331560000
2000-07-28,0.2062765806913375,0.2249999940395355,0.2414059937000274,0.2083330005407333,0.2208330035209655,512664000
2000-07-31,0.229196161031723,0.25,0.2505210041999817,0.2249999940395355,0.2374999970197677,371232000
2000-08-01,0.2246599793434143,0.2450519949197769,0.2520830035209656,0.2432290017604828,0.25,350616000
2000-08-02,0.229196161031723,0.25,0.254036009311676,0.2377600073814392,0.2416670024394989,345432000
2000-08-03,0.2392239421606063,0.2609379887580871,0.2666670083999634,0.2249999940395355,0.2249999940395355,368664000
2000-08-04,0.2435210198163986,0.265625,0.2708329856395721,0.26145800948143,0.267188012599945,194784000
2000-08-07,0.2626203000545501,0.2864579856395721,0.2888019979000091,0.2664059996604919,0.2674480080604553,246936000
2000-08-08,0.2568903267383575,0.2802079916000366,0.2958329916000366,0.2791669964790344,0.2802079916000366,128112000
2000-08-09,0.2492509633302688,0.2718749940395355,0.2856769859790802,0.267969012260437,0.2838540077209472,136248000
2000-08-10,0.2521158456802368,0.2750000059604645,0.28125,0.2604170143604278,0.265625,156432000
2000-08-11,0.2461475580930709,0.2684899866580963,0.2776040136814117,0.2557289898395538,0.2755210101604461,131928000
2000-08-14,0.2485348582267761,0.2710939943790436,0.2744790017604828,0.262499988079071,0.2718749940395355,108576000
2000-08-15,0.2719917893409729,0.2966800034046173,0.3020829856395721,0.2716149985790252,0.2723959982395172,443328000
2000-08-16,0.278855562210083,0.3041670024394989,0.3127599954605102,0.2950519919395447,0.3127599954605102,266232000
2000-08-17,0.2841078341007232,0.3098959922790527,0.3114579916000366,0.2989580035209656,0.3000000119209289,129816000
2000-08-18,0.2941347360610962,0.3208329975605011,0.3244790136814117,0.3080730140209198,0.3085939884185791,204720000
2000-08-21,0.2986711263656616,0.325780987739563,0.3382810056209564,0.324999988079071,0.3325519859790802,464472000
2000-08-22,0.2704991400241852,0.2950519919395447,0.3156250119209289,0.2921879887580871,0.3088540136814117,658872000
2000-08-23,0.2862568497657776,0.3122400045394897,0.3127599954605102,0.2843750119209289,0.2903650104999542,352800000
2000-08-24,0.2938963770866394,0.3205730020999908,0.3236980140209198,0.3046880066394806,0.3104169964790344,332616000
2000-08-25,0.2864952683448791,0.3125,0.32395800948143,0.3109380006790161,0.3171879947185516,153048000
2000-08-28,0.2979550957679748,0.324999988079071,0.3291670083999634,0.3104169964790344,0.314063012599945,189264000
2000-08-29,0.2972389757633209,0.3242189884185791,0.3270829916000366,0.3208329975605011,0.3263019919395447,149376000
2000-08-30,0.2998647391796112,0.3270829916000366,0.3315100073814392,0.3171879947185516,0.3205730020999908,178080000
2000-08-31,0.3032073974609375,0.3307290077209472,0.34375,0.3255209922790527,0.3320310115814209,388896000
2000-09-01,0.3036849796772003,0.3312500119209289,0.340624988079071,0.3276039958000183,0.3375000059604645,204144000
2000-09-05,0.3041625618934631,0.3317709863185882,0.3393230140209198,0.3294270038604736,0.3390629887580871,246144000
2000-09-06,0.2831525802612304,0.3088540136814117,0.3330729901790619,0.3062500059604645,0.3330729901790619,230136000
2000-09-07,0.2984328269958496,0.3255209922790527,0.3260419964790344,0.3005209863185882,0.3135420083999634,239760000
2000-09-08,0.2807653844356537,0.3062500059604645,0.3291670083999634,0.3052079975605011,0.3218750059604645,222648000
2000-09-11,0.2693055868148803,0.293749988079071,0.3041670024394989,0.2822920083999634,0.3023439943790436,285888000
2000-09-12,0.2676344215869903,0.2919270098209381,0.309374988079071,0.2874999940395355,0.2940100133419037,125976000
2000-09-13,0.2675151228904724,0.291797012090683,0.2966150045394897,0.2848959863185882,0.2911460101604461,239976000
2000-09-14,0.2650085389614105,0.2890630066394806,0.3062500059604645,0.2854169905185699,0.2932290136814117,216336000
2000-09-15,0.2707980871200561,0.2953779995441437,0.2994790077209472,0.2854169905185699,0.2874999940395355,242592000
2000-09-18,0.2549807429313659,0.278124988079071,0.2979170083999634,0.2750000059604645,0.296094000339508,163488000
2000-09-19,0.2628596425056457,0.2867189943790436,0.2874999940395355,0.262499988079071,0.2653650045394897,301104000
2000-09-20,0.254264771938324,0.2773439884185791,0.2843750119209289,0.2729170024394989,0.278905987739563,227568000
2000-09-21,0.2651873528957367,0.2892580032348633,0.2955729961395263,0.2791669964790344,0.2794269919395447,346824000
2000-09-22,0.2697831988334656,0.2942709922790527,0.2979170083999634,0.2604170143604278,0.2606770098209381,387264000
2000-09-25,0.2891218662261963,0.3153649866580963,0.3197920024394989,0.3010419905185699,0.3033849895000458,467568000
2000-09-26,0.2960454523563385,0.3229170143604278,0.3265630006790161,0.3041670024394989,0.3187499940395355,337344000
2000-09-27,0.3122797608375549,0.340624988079071,0.3557290136814117,0.3203130066394806,0.3203130066394806,676128000
2000-09-28,0.3218299746513366,0.3510420024394989,0.3531250059604645,0.3291670083999634,0.3375000059604645,333816000
2000-09-29,0.3127575218677521,0.3411459922790527,0.3541670143604278,0.3354170024394989,0.3411459922790527,373872000
2000-10-02,0.3053562343120575,0.3330729901790619,0.359375,0.3244790136814117,0.3458330035209656,340584000
2000-10-03,0.2888825535774231,0.3151040077209472,0.3375000059604645,0.3125,0.3348959982395172,300264000
2000-10-04,0.2855400443077087,0.3114579916000366,0.3166669905185699,0.3026039898395538,0.3067710101604461,419568000
2000-10-05,0.278855562210083,0.3041670024394989,0.3138020038604736,0.2976559996604919,0.3138020038604736,525048000
2000-10-06,0.2614266574382782,0.2851560115814209,0.3070310056209564,0.2809900045394897,0.3049480020999908,1027176000
2000-10-09,0.2671566009521484,0.2914060056209564,0.2958329916000366,0.2583329975605011,0.2778649926185608,665256000
2000-10-10,0.2468635290861129,0.2692709863185882,0.2932290136814117,0.2666670083999634,0.2791669964790344,415944000
2000-10-11,0.2490124255418777,0.2716149985790252,0.2864579856395721,0.2427079975605011,0.2528649866580963,535776000
2000-10-12,0.2392239421606063,0.2609379887580871,0.293749988079071,0.2583329975605011,0.2776040136814117,401616000
2000-10-13,0.2487733066082,0.2713539898395538,0.2791669964790344,0.2599610090255737,0.2627600133419037,578976000
2000-10-16,0.2430434376001358,0.2651039958000183,0.2713539898395538,0.2588540017604828,0.2713539898395538,339216000
2000-10-17,0.2253759652376175,0.2458329945802688,0.2651039958000183,0.2429690062999725,0.2640630006790161,463248000
2000-10-18,0.2217949777841568,0.2419269979000091,0.2559899985790252,0.2190099954605102,0.2299479991197586,416952000
2000-10-19,0.243282601237297,0.2653650045394897,0.2687500119209289,0.2536459863185882,0.2575519979000091,294888000
2000-10-20,0.265963077545166,0.2901040017604828,0.296875,0.2572920024394989,0.2591150104999542,387360000
2000-10-23,0.259994626045227,0.283594012260437,0.2942709922790527,0.2744790017604828,0.2924480140209198,182112000
2000-10-24,0.2516382038593292,0.2744790017604828,0.2869789898395538,0.2734380066394806,0.2822920083999634,193968000
2000-10-25,0.2296738624572754,0.2505210041999817,0.2708329856395721,0.2486979961395263,0.2669270038604736,385512000
2000-10-26,0.2394623309373855,0.2611980140209198,0.2708329856395721,0.234375,0.2520830035209656,265776000
2000-10-27,0.2339708507061004,0.2552079856395721,0.2679040133953094,0.2458329945802688,0.26145800948143,210960000
2000-10-30,0.2174979597330093,0.2372400015592575,0.2567059993743896,0.236978992819786,0.2510420083999634,192120000
2000-10-31,0.2373729795217514,0.2589190006256103,0.2630209922790527,0.2390629947185516,0.2466149926185608,299256000
2000-11-01,0.237313374876976,0.2588540017604828,0.262499988079071,0.2437500059604644,0.2526040077209472,304536000
2000-11-02,0.2554585039615631,0.2786459922790527,0.2854169905185699,0.2635419964790344,0.267969012260437,192888000
2000-11-03,0.2721704840660095,0.296875,0.3020829856395721,0.2729170024394989,0.2750000059604645,268632000
2000-11-06,0.2931803464889526,0.3197920024394989,0.3333329856395721,0.3020829856395721,0.3039059937000274,635040000
2000-11-07,0.2733640670776367,0.2981770038604736,0.3145830035209656,0.2874999940395355,0.3145830035209656,258240000
2000-11-08,0.2652469277381897,0.2893230020999908,0.3015629947185516,0.2848959863185882,0.3015629947185516,187080000
2000-11-09,0.2375526577234268,0.2591150104999542,0.2854169905185699,0.2463539987802505,0.2718749940395355,564528000
2000-11-10,0.2246599793434143,0.2450519949197769,0.28125,0.2385420054197311,0.267969012260437,805248000
2000-11-13,0.2256152778863906,0.2460940033197403,0.2729170024394989,0.2249999940395355,0.2328130006790161,530040000
2000-11-14,0.2669183015823364,0.2911460101604461,0.2932290136814117,0.2604170143604278,0.262499988079071,470736000
2000-11-15,0.2633968591690063,0.2873049974441528,0.2950519919395447,0.2742190062999725,0.2859379947185516,423864000
2000-11-16,0.2468635290861129,0.2692709863185882,0.2864579856395721,0.2666670083999634,0.2791669964790344,235536000
2000-11-17,0.2420889884233474,0.2640630006790161,0.2851560115814209,0.2552079856395721,0.2713539898395538,178776000
2000-11-20,0.2234662920236587,0.2437500059604644,0.2544269859790802,0.2408850044012069,0.2542969882488251,298752000
2000-11-21,0.219169333577156,0.2390629947185516,0.2562499940395355,0.2265630066394806,0.2541669905185699,382512000
2000-11-22,0.2077095061540603,0.2265630066394806,0.2364580035209655,0.2166669964790344,0.2291669994592666,409752000
2000-11-24,0.2196459770202636,0.2395830005407333,0.2484380006790161,0.2291669994592666,0.2291669994592666,165072000
2000-11-27,0.2122448533773422,0.2315099984407425,0.2583329975605011,0.2219399958848953,0.2567709982395172,363864000
2000-11-28,0.1964284479618072,0.214258000254631,0.2374999970197677,0.2091149985790252,0.2350260019302368,382344000
2000-11-29,0.1843122690916061,0.2010419964790344,0.2177080065011978,0.1848960071802139,0.2174479961395263,636408000
2000-11-30,0.1547074168920517,0.1687500029802322,0.1838539987802505,0.1515630036592483,0.1838539987802505,981624000
2000-12-01,0.1699874550104141,0.1854169964790344,0.203125,0.1781249940395355,0.1791670024394989,784080000
2000-12-04,0.172613188624382,0.1882809996604919,0.1927080005407333,0.1739580035209655,0.1865890026092529,474264000
2000-12-05,0.1838345527648925,0.2005210071802139,0.208854004740715,0.1828130036592483,0.2015630006790161,997224000
2000-12-06,0.1575723588466644,0.171875,0.2020830065011978,0.1708330065011978,0.196614995598793,950928000
2000-12-07,0.1547074168920517,0.1687500029802322,0.1778649985790252,0.1546880006790161,0.1635420024394989,785184000
2000-12-08,0.1900421380996704,0.2072920054197311,0.2083330005407333,0.1688150018453598,0.1861979961395263,853392000
2000-12-11,0.1900421380996704,0.2072920054197311,0.2114579975605011,0.1953130066394806,0.2005210071802139,757632000
2000-12-12,0.1847898364067077,0.2015630006790161,0.205728992819786,0.1947920024394989,0.2020830065011978,409512000
2000-12-13,0.1704651564359665,0.1859380006790161,0.2041669934988021,0.1822919994592666,0.2007810026407241,675072000
2000-12-14,0.1587660461664199,0.1731770038604736,0.1861979961395263,0.1687500029802322,0.1846349984407425,569016000
2000-12-15,0.1430093050003051,0.1559900045394897,0.1723960041999817,0.1552080065011978,0.1622399985790252,1094424000
2000-12-18,0.1477243155241012,0.1611330062150955,0.1666669994592666,0.158853992819786,0.1624999940395355,658872000
2000-12-19,0.1365624517202377,0.1489579975605011,0.1781249940395355,0.1458330005407333,0.1635420024394989,946200000
2000-12-20,0.1217609345912933,0.1328130066394806,0.161979004740715,0.1255210041999817,0.1414059996604919,1105392000
2000-12-21,0.1064808964729309,0.1161459982395172,0.1489579975605011,0.1145830005407333,0.1309899985790252,845256000
2000-12-22,0.1339367181062698,0.1460939943790435,0.1593749970197677,0.1255210041999817,0.1255210041999817,949080000
2000-12-26,0.1284451633691787,0.1401039958000183,0.1494790017604828,0.130729004740715,0.1479170024394989,343824000
2000-12-27,0.1370400786399841,0.1494790017604828,0.1552080065011978,0.1328130066394806,0.1385419964790344,339456000
2000-12-28,0.1377561390399933,0.1502600014209747,0.1541669964790344,0.1411460041999817,0.1434900015592575,419232000
2000-12-29,0.125162199139595,0.1365229934453964,0.1549479961395263,0.1333329975605011,0.1500000059604644,495168000
2001-01-02,0.1143597289919853,0.1247399970889091,0.1393229961395263,0.124219000339508,0.1375000029802322,290808000
2001-01-03,0.1494551599025726,0.1630209982395172,0.1643230020999908,0.1177079975605011,0.1208330020308494,910368000
2001-01-04,0.166644886136055,0.1817709952592849,0.1859380006790161,0.1557289958000183,0.1601559966802597,815448000
2001-01-05,0.141695499420166,0.154557004570961,0.180989995598793,0.1510419994592666,0.1802079975605011,432768000
2001-01-08,0.1551850736141204,0.1692710071802139,0.1760420054197311,0.1502600014209747,0.1502600014209747,573768000
2001-01-09,0.1582884043455124,0.1726559996604919,0.1760420054197311,0.1632809937000274,0.1716150045394897,302904000
2001-01-10,0.1692705154418945,0.1846349984407425,0.1854169964790344,0.1598960012197494,0.1638019979000091,392928000
2001-01-11,0.1833569556474685,0.2000000029802322,0.2078129947185516,0.1770830005407333,0.1802079975605011,447648000
2001-01-12,0.1795367300510406,0.1958329975605011,0.2156250029802322,0.1937499940395355,0.2033849954605102,669000000
2001-01-16,0.1654512137174606,0.1804690062999725,0.1968750059604644,0.1773439943790435,0.1968750059604644,414984000
2001-01-17,0.1714195162057876,0.1869789958000183,0.2000000029802322,0.1861979961395263,0.1942709982395172,592584000
2001-01-18,0.2043073326349258,0.2228520065546035,0.2281250059604644,0.1828130036592483,0.1869789958000183,948168000
2001-01-19,0.1988754123449325,0.2169270068407058,0.2374999970197677,0.2135419994592666,0.2291669994592666,1018704000
2001-01-22,0.1909965425729751,0.2083330005407333,0.21875,0.202344000339508,0.2104170024394989,377712000
2001-01-23,0.2100372165441513,0.2291020005941391,0.2333330065011978,0.2046879976987838,0.205728992819786,433632000
2001-01-24,0.2091415375471115,0.2281250059604644,0.2312500029802322,0.2148440033197403,0.2289060056209564,451728000
2001-01-25,0.1881315559148788,0.2052080035209655,0.2208330035209655,0.2005210071802139,0.2203129976987838,440016000
2001-01-26,0.194100797176361,0.2117190062999725,0.2141930013895034,0.1923180073499679,0.1937499940395355,259248000
2001-01-29,0.1950551569461822,0.2127600014209747,0.2130209952592849,0.1979169994592666,0.2052080035209655,354168000
2001-01-30,0.1993529945611953,0.2174479961395263,0.2220049947500229,0.2119790017604828,0.2161460071802139,243720000
2001-01-31,0.1972040832042694,0.2151039987802505,0.2260420024394989,0.2104170024394989,0.2177080065011978,358344000
2001-02-01,0.1982189416885376,0.2162110060453415,0.2177080065011978,0.205728992819786,0.2151039987802505,371856000
2001-02-02,0.1790600419044494,0.1953130066394806,0.221353992819786,0.1937499940395355,0.2164060026407241,320520000
2001-02-05,0.178820714354515,0.1950519979000091,0.1963540017604828,0.1835940033197403,0.1950519979000091,367584000
2001-02-06,0.1797760128974914,0.1960940062999725,0.2000000029802322,0.1909510046243667,0.1914059966802597,250440000
2001-02-07,0.1714195162057876,0.1869789958000183,0.1963540017604828,0.1765629947185516,0.1947920024394989,720384000
2001-02-08,0.1704651564359665,0.1859380006790161,0.1986979991197586,0.1851560026407241,0.1880210041999817,384288000
2001-02-09,0.1692705154418945,0.1846349984407425,0.1856770068407058,0.1778649985790252,0.1843750029802322,259608000
2001-02-12,0.164735198020935,0.1796880066394806,0.1846349984407425,0.1708330065011978,0.1825519949197769,354336000
2001-02-13,0.1697481721639633,0.1851560026407241,0.1937499940395355,0.180989995598793,0.1830729991197586,467736000
2001-02-14,0.1821632981300354,0.1986979991197586,0.2041669934988021,0.1749999970197677,0.1828130036592483,690888000
2001-02-15,0.2155874818563461,0.2351559996604919,0.2390629947185516,0.224479004740715,0.2260420024394989,1108512000
2001-02-16,0.2272865176200866,0.2479169964790344,0.2541669905185699,0.2229170054197311,0.2231770008802414,1081176000
2001-02-20,0.2046053111553192,0.2231770008802414,0.2468750029802322,0.2229170054197311,0.2416670024394989,701304000
2001-02-21,0.2139161080121994,0.2333330065011978,0.2427079975605011,0.2125000059604644,0.2148440033197403,646512000
2001-02-22,0.2229886651039123,0.2432290017604828,0.25,0.2249999940395355,0.2320310026407241,815304000
2001-02-23,0.2075894027948379,0.2264319956302642,0.2458329945802688,0.21875,0.2419269979000091,1034664000
2001-02-26,0.2029339671134948,0.221353992819786,0.2260420024394989,0.2117190062999725,0.2197919934988021,751824000
2001-02-27,0.1907581537961959,0.208073005080223,0.224479004740715,0.2067710012197494,0.2158849984407425,533832000
2001-02-28,0.1707034856081009,0.1861979961395263,0.21875,0.1822919994592666,0.2065100073814392,784056000
2001-03-01,0.1841921359300613,0.2009110003709793,0.2041669934988021,0.1666669994592666,0.1838539987802505,915288000
2001-03-02,0.1664661467075348,0.1815759986639022,0.1997399926185608,0.1791670024394989,0.1864580065011978,1413504000
2001-03-05,0.1680769026279449,0.1833329945802688,0.1880210041999817,0.1734379976987838,0.174478992819786,742296000
2001-03-06,0.1843122690916061,0.2010419964790344,0.2075520008802414,0.1894530057907104,0.1927080005407333,834408000
2001-03-07,0.1991146206855774,0.2171880006790161,0.2177080065011978,0.2018229961395263,0.2054689973592758,938280000
2001-03-08,0.2057989984750747,0.224479004740715,0.2268230020999908,0.2109380066394806,0.2109380066394806,829344000
2001-03-09,0.1912358105182647,0.2085939943790435,0.2138019949197769,0.1890629976987838,0.2127600014209747,1216776000
2001-03-12,0.1843122690916061,0.2010419964790344,0.2109380066394806,0.1921879947185516,0.2015630006790161,762144000
2001-03-13,0.2062765806913375,0.2249999940395355,0.2281250059604644,0.2026039958000183,0.2036460041999817,1082352000
2001-03-14,0.21797476708889,0.2377600073814392,0.2385420054197311,0.2148440033197403,0.2148440033197403,1351128000
2001-03-15,0.228718563914299,0.2494789958000183,0.2655600011348724,0.2432290017604828,0.252344012260437,1875984000
2001-03-16,0.2277641743421554,0.2484380006790161,0.2552079856395721,0.2382809966802597,0.2455729991197586,1225200000
2001-03-19,0.2408943772315979,0.2627600133419037,0.2645829916000366,0.2336589992046356,0.2471349984407425,943896000
2001-03-20,0.2184524089097976,0.2382809966802597,0.2760420143604278,0.2354169934988021,0.2596350014209747,1990560000
2001-03-21,0.2346877157688141,0.2559899985790252,0.2630209922790527,0.2374999970197677,0.2388020008802414,1877352000
2001-03-22,0.2583233118057251,0.2817710041999817,0.282813012599945,0.2562499940395355,0.2583329975605011,1697760000
2001-03-23,0.2559360563755035,0.2791669964790344,0.2921879887580871,0.2651039958000183,0.2869789898395538,1509672000
2001-03-26,0.2697831988334656,0.2942709922790527,0.2958329916000366,0.2791669964790344,0.2791669964790344,1542960000
2001-03-27,0.259994626045227,0.283594012260437,0.2986980080604553,0.2713539898395538,0.2885420024394989,1702152000
2001-03-28,0.2601734697818756,0.2837890088558197,0.2911460101604461,0.2750000059604645,0.2757810056209564,1433280000
2001-03-29,0.2640533149242401,0.2880209982395172,0.2979170083999634,0.2755210101604461,0.2813149988651275,1632960000
2001-03-30,0.2479975819587707,0.2705079913139343,0.2914060056209564,0.2687500119209289,0.2859379947185516,1423176000
2001-04-02,0.2375526577234268,0.2591150104999542,0.2763020098209381,0.2557289898395538,0.2697919905185699,1265160000
2001-04-03,0.2454305738210678,0.2677080035209656,0.2747400104999542,0.2549479901790619,0.2552079856395721,1991616000
2001-04-04,0.2201236933469772,0.240104004740715,0.2580730020999908,0.2242189943790435,0.2575519979000091,3362472000
2001-04-05,0.2404176443815231,0.2622399926185608,0.2664059996604919,0.2489580065011978,0.2559899985790252,1724760000
2001-04-06,0.2394623309373855,0.2611980140209198,0.2750000059604645,0.2544269859790802,0.2588540017604828,1547664000
2001-04-09,0.2278210669755935,0.2485000044107437,0.272707998752594,0.244375005364418,0.2662500143051147,1097160000
2001-04-10,0.2493269592523574,0.2719579935073852,0.2800000011920929,0.2521249949932098,0.2544580101966858,1186416000
2001-04-11,0.2643778622150421,0.2883749902248382,0.2991670072078705,0.2804169952869415,0.2887080013751983,1426872000
2001-04-12,0.2683502435684204,0.29270800948143,0.3052079975605011,0.2776249945163727,0.2830420136451721,1440264000
2001-04-16,0.2618181705474853,0.2855829894542694,0.2935419976711273,0.280333012342453,0.2874999940395355,764112000
2001-04-17,0.2746530771255493,0.2995829880237579,0.3018749952316284,0.28125,0.281374990940094,1112448000
2001-04-18,0.2951286137104034,0.3219169974327087,0.3516669869422912,0.3122079968452453,0.3122079968452453,2301864000
2001-04-19,0.3204924464225769,0.3495829999446869,0.3551250100135803,0.3222920000553131,0.3237499892711639,1632264000
2001-04-20,0.3321814835071563,0.3623329997062683,0.3749580085277557,0.3362500071525574,0.3453750014305115,1773840000
2001-04-23,0.3146478831768036,0.343207985162735,0.3547919988632202,0.33958300948143,0.3544580042362213,1239000000
2001-04-24,0.292378306388855,0.3189170062541961,0.3678750097751617,0.3135420083999634,0.3422499895095825,1828320000
2001-04-25,0.3058239221572876,0.3335829973220825,0.3449580073356628,0.3185420036315918,0.3197500109672546,1423728000
2001-04-26,0.2817205786705017,0.3072920143604278,0.3408330082893371,0.3041670024394989,0.3408330082893371,1486008000
2001-04-27,0.3017752766609192,0.3291670083999634,0.3305419981479645,0.3129580020904541,0.3191669881343841,915672000
2001-04-30,0.3182004690170288,0.3470830023288727,0.366457998752594,0.3309580087661743,0.3381249904632568,1583280000
2001-05-01,0.3479198813438415,0.37950000166893,0.380416989326477,0.3427079916000366,0.3483330011367798,1867368000
2001-05-02,0.3399364948272705,0.3707920014858246,0.3893750011920929,0.3658330142498016,0.3893750011920929,1547784000
2001-05-03,0.3384466767311096,0.3691670000553131,0.37083300948143,0.3573330044746399,0.3595829904079437,960504000
2001-05-04,0.3431067764759063,0.3742499947547912,0.3801249861717224,0.356667011976242,0.3583329916000366,953520000
2001-05-07,0.3585013449192047,0.3910419940948486,0.3937500119209289,0.3684580028057098,0.3728330135345459,975600000
2001-05-08,0.3325636684894562,0.3627499938011169,0.3970000147819519,0.3594169914722442,0.3968330025672912,1620144000
2001-05-09,0.316978394985199,0.3457500040531158,0.358832985162735,0.3433330059051513,0.3512080013751983,1319040000
2001-05-10,0.30632084608078,0.3341250121593475,0.3599579930305481,0.3300000131130218,0.3557499945163727,998904000
2001-05-11,0.298489511013031,0.3255830109119415,0.3354170024394989,0.3189170062541961,0.333292007446289,921216000
2001-05-14,0.3010492622852325,0.3283750116825104,0.3322499990463257,0.3147920072078705,0.3265419900417328,702432000
2001-05-15,0.3118598759174347,0.3401669859886169,0.3541670143604278,0.3274999856948852,0.3312500119209289,1242600000
2001-05-16,0.3265661001205444,0.3562079966068268,0.3583329916000366,0.3302499949932098,0.3323749899864197,957096000
2001-05-17,0.3323344588279724,0.3625000119209289,0.3729169964790344,0.3518750071525574,0.3573749959468841,919056000
2001-05-18,0.3296602666378021,0.3595829904079437,0.37083300948143,0.3524999916553497,0.3612920045852661,575832000
2001-05-21,0.344557911157608,0.3758330047130584,0.3833329975605011,0.3515830039978027,0.3587920069694519,1064688000
2001-05-22,0.3548717200756073,0.3870829939842224,0.3908329904079437,0.3666670024394989,0.3813329935073852,1049976000
2001-05-23,0.3518546819686889,0.3837920129299164,0.4166670143604278,0.3791669905185699,0.4022920131683349,2244912000
2001-05-24,0.3570491075515747,0.3894580006599426,0.3993330001831054,0.3697920143604278,0.3812499940395355,1680576000
2001-05-25,0.3502878844738006,0.382082998752594,0.3872919976711273,0.375,0.3816249966621399,947952000
2001-05-29,0.3359255194664001,0.3664169907569885,0.3799999952316284,0.3612500131130218,0.3799169957637787,920568000
2001-05-30,0.3296602666378021,0.3595829904079437,0.3759579956531524,0.3558329939842224,0.3577919900417328,3308904000
2001-05-31,0.3270245492458343,0.3567079901695251,0.3645829856395721,0.3490000069141388,0.3624579906463623,1262928000
2001-06-01,0.3451308608055115,0.3764579892158508,0.37950000166893,0.3570829927921295,0.3591670095920563,1022472000
2001-06-04,0.3397834599018097,0.3706249892711639,0.378708004951477,0.3656669855117798,0.3767080008983612,621552000
2001-06-05,0.3576221466064453,0.390082985162735,0.3939580023288727,0.3695830106735229,0.3702079951763153,987168000
2001-06-06,0.3591504395008087,0.3917500078678131,0.3968749940395355,0.3858329951763153,0.391541987657547,698976000
2001-06-07,0.3794342875480652,0.413875013589859,0.4149999916553497,0.3854170143604278,0.3882920145988464,1141152000
2001-06-08,0.3695787787437439,0.403124988079071,0.4132499992847442,0.3988330066204071,0.4126250147819519,712680000
2001-06-11,0.3587682247161865,0.3913330137729645,0.4041669964790344,0.3850829899311065,0.4037080109119415,581928000
2001-06-12,0.3707248568534851,0.4043749868869781,0.410207986831665,0.3822920024394989,0.3831250071525574,1102728000
2001-06-13,0.3582721948623657,0.3907920122146606,0.4135000109672546,0.3872919976711273,0.4073329865932464,938712000
2001-06-14,0.3575076758861542,0.389957994222641,0.3966250121593475,0.3802079856395721,0.3857499957084656,946152000
2001-06-15,0.3630853295326233,0.396041989326477,0.4029169976711273,0.3782500028610229,0.3854170143604278,1094544000
2001-06-18,0.348721981048584,0.3803749978542328,0.4014579951763153,0.3760420083999634,0.3950420022010803,856656000
2001-06-19,0.3296602666378021,0.3595829904079437,0.3965829908847809,0.3518750071525574,0.3875420093536377,1513128000
2001-06-20,0.3438327014446258,0.3750419914722442,0.3791669905185699,0.3456250131130218,0.3529579937458038,1759200000
2001-06-21,0.350326269865036,0.3821249902248382,0.3887499868869781,0.3635419905185699,0.3735420107841491,1484568000
2001-06-22,0.3487604260444641,0.380416989326477,0.3903749883174896,0.3754169940948486,0.3802079856395721,761184000
2001-06-25,0.3480728566646576,0.3796670138835907,0.3862499892711639,0.3685829937458038,0.3846670091152191,640032000
2001-06-26,0.3581191599369049,0.390625,0.3925000131130218,0.3697920143604278,0.3712500035762787,757920000
2001-06-27,0.3470416367053985,0.3785420060157776,0.3895829916000366,0.3719170093536377,0.3887499868869781,895752000
2001-06-28,0.3511284589767456,0.382999986410141,0.3885419964790344,0.3791669905185699,0.3836250007152557,909336000
2001-06-29,0.354298859834671,0.38645800948143,0.3925000131130218,0.3800419867038727,0.3843750059604645,730920000
2001-07-02,0.3385988771915436,0.3693329989910126,0.3742919862270355,0.363750010728836,0.3711670041084289,1040016000
2001-07-03,0.3429160118103027,0.3740420043468475,0.3779169917106628,0.3649170100688934,0.3667919933795929,406296000
2001-07-05,0.318048357963562,0.3469170033931732,0.371874988079071,0.3464579880237579,0.3695830106735229,1020096000
2001-07-06,0.3082688748836517,0.3362500071525574,0.3443750143051147,0.3295829892158508,0.3417080044746399,802824000
2001-07-09,0.2981843054294586,0.3252499997615814,0.3399170041084289,0.3220829963684082,0.3318749964237213,1014072000
2001-07-10,0.3006294667720794,0.3279170095920563,0.3339579999446869,0.32395800948143,0.3295829892158508,1221744000
2001-07-11,0.3000563681125641,0.3272919952869415,0.3325420022010803,0.3171670138835907,0.3266670107841491,904632000
2001-07-12,0.3157939016819,0.3444580137729645,0.3468750119209289,0.3343749940395355,0.3427079916000366,981552000
2001-07-13,0.3092617094516754,0.3373329937458038,0.3456670045852661,0.3302080035209656,0.3419170081615448,690144000
2001-07-16,0.2843940258026123,0.3102079927921295,0.3375000059604645,0.3085420131683349,0.333541989326477,1191696000
2001-07-17,0.3002855181694031,0.3275420069694519,0.3305830061435699,0.3020829856395721,0.3050000071525574,1169904000
2001-07-18,0.289894700050354,0.316208004951477,0.3285830020904541,0.3095000088214874,0.3197500109672546,840984000
2001-07-19,0.294555515050888,0.3212920129299164,0.3346669971942901,0.3158749938011169,0.3207919895648956,840024000
2001-07-20,0.2860754132270813,0.3120419979095459,0.3204169869422912,0.3020829856395721,0.313291996717453,742464000
2001-07-23,0.2589916586875915,0.2824999988079071,0.3129169940948486,0.2821249961853027,0.3125,1547976000
2001-07-24,0.2765253484249115,0.3016250133514404,0.3018749952316284,0.2802500128746032,0.2862919867038727,1365312000
2001-07-25,0.2738510370254516,0.2987079918384552,0.3016670048236847,0.2886669933795929,0.3010829985141754,1245888000
2001-07-26,0.3017752766609192,0.3291670083999634,0.3312500119209289,0.2943750023841858,0.2958750128746032,1714152000
2001-07-27,0.3094148337841034,0.3375000059604645,0.3411250114440918,0.3187499940395355,0.3285419940948486,1094688000
2001-07-30,0.3020420670509338,0.3294579982757568,0.3392919898033142,0.3258329927921295,0.3379170000553131,582288000
2001-07-31,0.309032678604126,0.3370830118656158,0.3385420143604278,0.317916989326477,0.3299170136451721,1187760000
2001-08-01,0.3279037475585937,0.3576669991016388,0.3594169914722442,0.3413330018520355,0.3437080085277557,1204944000
2001-08-02,0.3356963694095611,0.3661670088768005,0.3674579858779907,0.3499580025672912,0.3622080087661743,1097928000
2001-08-03,0.3330606520175934,0.3632920086383819,0.3689169883728027,0.3556669950485229,0.3625000119209289,820344000
2001-08-06,0.3431451618671417,0.3742919862270355,0.3779999911785126,0.3568330109119415,0.3607079982757568,1292568000
2001-08-07,0.3380644023418426,0.3687500059604645,0.3760420083999634,0.3643749952316284,0.374208003282547,1088616000
2001-08-08,0.3294694423675537,0.359375,0.375,0.3577499985694885,0.3655419945716858,1125696000
2001-08-09,0.3237011432647705,0.3530830144882202,0.3647499978542328,0.3466669917106628,0.3577080070972442,1643616000
2001-08-10,0.3233197331428528,0.3526670038700104,0.3574999868869781,0.3420830070972442,0.3529169857501983,1036488000
2001-08-13,0.3368799090385437,0.3674579858779907,0.3714579939842224,0.3533749878406524,0.358707994222641,1514784000
2001-08-14,0.3279412686824798,0.3577080070972442,0.3631249964237213,0.3531669974327087,0.3607920110225677,2321160000
2001-08-15,0.3283235430717468,0.3581250011920929,0.3700830042362213,0.3549579977989197,0.3657920062541961,1816392000
2001-08-16,0.3421513438224792,0.3732079863548279,0.3737500011920929,0.3501250147819519,0.3515419960021972,1026096000
2001-08-17,0.3199964165687561,0.349041998386383,0.3684999942779541,0.3460829854011535,0.363750010728836,1668840000
2001-08-20,0.3177805244922638,0.3466250002384186,0.3503749966621399,0.335999995470047,0.3468329906463623,1183320000
2001-08-21,0.3110952973365783,0.3393329977989197,0.356667011976242,0.3387919962406158,0.3474999964237213,1186656000
2001-08-22,0.323892593383789,0.3532919883728027,0.3536669909954071,0.3343749940395355,0.3453330099582672,1498104000
2001-08-23,0.3167104721069336,0.3454580008983612,0.3566249907016754,0.34375,0.3520829975605011,1013592000
2001-08-24,0.3257638812065124,0.355333000421524,0.3624579906463623,0.3471249938011169,0.349166989326477,1110936000
2001-08-27,0.3370330035686493,0.3676249980926513,0.3723329901695251,0.3460420072078705,0.3473750054836273,1279608000
2001-08-28,0.3326397538185119,0.3628329932689667,0.3747920095920563,0.3600000143051147,0.3666250109672546,1178760000
2001-08-29,0.3219444751739502,0.3511669933795929,0.3661249876022339,0.348125010728836,0.3638330101966858,1435800000
2001-08-30,0.3209130764007568,0.3500419855117798,0.3524999916553497,0.3364579975605011,0.3445830047130584,1431312000
2001-08-31,0.3235865831375122,0.3529579937458038,0.3561669886112213,0.3431249856948852,0.347707986831665,887904000
2001-09-04,0.3010877072811126,0.3284170031547546,0.3519999980926513,0.3259580135345459,0.3519999980926513,1856136000
2001-09-05,0.3075052201747894,0.3354170024394989,0.3379170000553131,0.3147920072078705,0.328125,2395584000
2001-09-06,0.2949370145797729,0.3217079937458038,0.3391669988632202,0.3202080130577087,0.328792005777359,1950768000
2001-09-07,0.2980310618877411,0.3250829875469208,0.3300000131130218,0.3149999976158142,0.3166669905185699,1970256000
2001-09-10,0.2893987894058227,0.3156670033931732,0.3272919952869415,0.309125006198883,0.3223330080509186,1872360000
2001-09-17,0.25967937707901,0.2832500040531158,0.3032500147819519,0.2818329930305481,0.2960000038146972,1138596000
2001-09-18,0.2440178841352462,0.266167014837265,0.2908329963684082,0.2597500085830688,0.2887499928474426,894372000
2001-09-19,0.2410383969545364,0.262917011976242,0.2707499861717224,0.225500002503395,0.2676669955253601,1561908000
2001-09-20,0.2206398397684097,0.2406670004129409,0.2579169869422912,0.2333330065011978,0.2488330006599426,1470696000
2001-09-21,0.2060474157333374,0.2247499972581863,0.2356670051813125,0.2167499959468841,0.2220830023288726,1226304000
2001-09-24,0.229196161031723,0.25,0.2536669969558716,0.2318329960107803,0.2425830066204071,1507500000
2001-09-25,0.2202575504779815,0.2402500063180923,0.261583000421524,0.2395000010728836,0.2507500052452087,941724000
2001-09-26,0.2123118340969085,0.2315829992294311,0.2441670000553131,0.2291669994592666,0.2433329969644546,430812000
2001-09-27,0.2005466520786285,0.21875,0.2333330065011978,0.2125830054283142,0.2307499945163726,907296000
2001-09-28,0.2098676711320877,0.2289170026779174,0.2400829941034317,0.2154169976711273,0.2249999940395355,1044876000
2001-10-01,0.1920664310455322,0.2094999998807907,0.2325000017881393,0.2058330029249191,0.228750005364418,972804000
2001-10-02,0.1824401617050171,0.1990000009536743,0.2175000011920929,0.1888329982757568,0.2091670036315918,1123032000
2001-10-03,0.2183478772640228,0.2381670027971267,0.2507500052452087,0.1979999989271164,0.1979999989271164,1798824000
2001-10-04,0.2466911226511001,0.2690829932689667,0.2816669940948486,0.2421669960021972,0.2508330047130584,1980576000
2001-10-05,0.2513522207736969,0.274167001247406,0.2807500064373016,0.2549169957637787,0.2649999856948852,1078212000
2001-10-08,0.2570050656795501,0.280333012342453,0.2907499969005584,0.2633329927921295,0.2633329927921295,765900000
2001-10-09,0.2458513975143432,0.2681669890880584,0.286666989326477,0.2601670026779175,0.2810829877853393,917556000
2001-10-10,0.2616659998893738,0.2854169905185699,0.2874999940395355,0.2616670131683349,0.2634170055389404,968124000
2001-10-11,0.2900092899799347,0.316332995891571,0.3171670138835907,0.2990829944610595,0.3006669878959656,918000000
2001-10-12,0.3088804483413696,0.3369170129299164,0.3375000059604645,0.3072499930858612,0.30833300948143,1253100000
2001-10-15,0.3075052201747894,0.3354170024394989,0.3458330035209656,0.317916989326477,0.3270829916000366,908568000
2001-10-16,0.3384466767311096,0.3691670000553131,0.3718329966068268,0.3280830085277557,0.3350000083446502,1383852000
2001-10-17,0.3185827732086181,0.3474999964237213,0.3774999976158142,0.3458330035209656,0.3773329854011535,1695540000
2001-10-18,0.3320291936397552,0.3621670007705688,0.3655830025672912,0.3466669917106628,0.3474999964237213,1020864000
2001-10-19,0.3389051556587219,0.3696669936180115,0.375,0.3524999916553497,0.3569999933242798,1059264000
2001-10-22,0.3469269573688507,0.3784169852733612,0.3833329975605011,0.3587499856948852,0.3669170141220093,970824000
2001-10-23,0.3408147692680359,0.371749997138977,0.390082985162735,0.363332986831665,0.3832499980926513,953028000
2001-10-24,0.3558655977249145,0.38816699385643,0.3890829980373382,0.3608329892158508,0.3650000095367431,1212144000
2001-10-25,0.3767224848270416,0.4109170138835907,0.417833000421524,0.3733330070972442,0.3791669905185699,1152396000
2001-10-26,0.3498295843601227,0.3815830051898956,0.4203329980373382,0.3791669905185699,0.4080829918384552,1097124000
2001-10-29,0.3214091956615448,0.3505829870700836,0.3895829916000366,0.3501670062541961,0.3829169869422912,1004796000
2001-10-30,0.3208747506141662,0.3499999940395355,0.3661670088768005,0.3362500071525574,0.3441669940948486,1153380000
2001-10-31,0.3274452686309814,0.3571670055389404,0.3729169964790344,0.3520829975605011,0.363083004951477,989292000
2001-11-01,0.3554072082042694,0.3876670002937317,0.3905830085277557,0.356249988079071,0.3617500066757202,1093776000
2001-11-02,0.3603724539279938,0.3930830061435699,0.397832989692688,0.3716669976711273,0.3859170079231262,1087248000
2001-11-05,0.3616714477539062,0.3944999873638153,0.4108330011367798,0.3919999897480011,0.3999170064926147,933456000
2001-11-06,0.3865008354187011,0.4215829968452453,0.4234170019626617,0.3916670083999634,0.3937500119209289,1415376000
2001-11-07,0.3868071436882019,0.4219169914722442,0.438167005777359,0.4159170091152191,0.4183329939842224,1419144000
2001-11-08,0.3800834119319916,0.4145829975605011,0.4328329861164093,0.40208300948143,0.427166998386383,1915188000
2001-11-09,0.4064410626888275,0.4433329999446869,0.4436669945716858,0.4249170124530792,0.4329169988632202,2270484000
2001-11-12,0.4173662364482879,0.4552499949932098,0.4665830135345459,0.4281669855117798,0.4416669905185699,1458636000
2001-11-13,0.4139282405376434,0.4514999985694885,0.4567500054836273,0.4449999928474426,0.4566670060157776,1446516000
2001-11-14,0.4023925364017486,0.4389170110225677,0.4591670036315918,0.4266670048236847,0.4548330008983612,1150224000
2001-11-15,0.4045312404632568,0.4412499964237213,0.4472500085830688,0.4284169971942901,0.4339169859886169,874944000
2001-11-16,0.401017278432846,0.4374170005321502,0.4463329911231994,0.4314999878406524,0.4416669905185699,496128000
2001-11-19,0.3922308385372162,0.4278329908847809,0.4458329975605011,0.4041669964790344,0.4417499899864197,1943052000
2001-11-20,0.3812293410301208,0.4158329963684082,0.4374170005321502,0.4110830128192901,0.4299170076847076,937884000
2001-11-21,0.3763401210308075,0.4104999899864197,0.4214169979095459,0.3983330130577087,0.4088329970836639,728412000
2001-11-23,0.3816116154193878,0.4162499904632568,0.4166670143604278,0.4050000011920929,0.4120829999446869,254016000
2001-11-26,0.4088859558105469,0.4460000097751617,0.4465830028057098,0.4220829904079437,0.4232499897480011,1215780000
2001-11-27,0.4132407605648041,0.4507499933242798,0.4608330130577087,0.4375,0.4457499980926513,1183992000
2001-11-28,0.3923839330673218,0.4280000030994415,0.4524169862270355,0.4269999861717224,0.4449999928474426,740844000
2001-11-29,0.4095735549926758,0.4467499852180481,0.4614169895648956,0.4449999928474426,0.4590829908847809,5135472000
2001-11-30,0.4174423813819885,0.4553329944610595,0.4585829973220825,0.4399999976158142,0.4465830028057098,1034028000
2001-12-03,0.4111019372940063,0.4484170079231262,0.4513329863548279,0.4404169917106628,0.4457499980926513,851496000
2001-12-04,0.4441823065280914,0.484499990940094,0.4850000143051147,0.45066699385643,0.45066699385643,1384644000
2001-12-05,0.4800130128860473,0.5235829949378967,0.5245829820632935,0.4879170060157776,0.488332986831665,1707036000
2001-12-06,0.4724495410919189,0.5153329968452454,0.5208330154418945,0.5022500157356262,0.5195000171661377,1138944000
2001-12-07,0.4580100178718567,0.4995830059051513,0.5161669850349426,0.4906669855117798,0.5115000009536743,807036000
2001-12-10,0.4625939726829529,0.5045830011367798,0.515999972820282,0.492917001247406,0.4970830082893371,695868000
2001-12-11,0.4791730642318725,0.5226669907569885,0.5345829725265503,0.5083330273628235,0.5134170055389404,792252000
2001-12-12,0.4940708875656128,0.5389170050621033,0.5391669869422913,0.5164999961853027,0.5266669988632202,1004628000
2001-12-13,0.4798608124256134,0.5234169960021973,0.535082995891571,0.5213329792022705,0.5283330082893372,881400000
2001-12-14,0.501481294631958,0.546999990940094,0.5495830178260803,0.5209169983863831,0.5233330130577087,754680000
2001-12-17,0.519511878490448,0.5666670203208923,0.5745829939842224,0.5428329706192017,0.5428329706192017,1080960000
2001-12-18,0.5061414241790771,0.5520830154418945,0.5620830059051514,0.5474169850349426,0.5542500019073486,886968000
2001-12-19,0.4923134744167328,0.5370000004768372,0.554082989692688,0.5349169969558716,0.5429999828338623,854652000
2001-12-20,0.4729079306125641,0.5158330202102661,0.5489169955253601,0.5139170289039612,0.5391669869422913,951228000
2001-12-21,0.4933832585811615,0.5381669998168945,0.5416669845581055,0.5210000276565552,0.5270829796791077,723972000
2001-12-24,0.5056829452514648,0.5515829920768738,0.554332971572876,0.5376669764518738,0.5379170179367065,265308000
2001-12-26,0.5180593729019165,0.5650830268859863,0.5745000243186951,0.5542500019073486,0.554332971572876,642156000
2001-12-27,0.5300546288490295,0.5781670212745667,0.5807499885559082,0.5691670179367065,0.5699999928474426,730152000
2001-12-28,0.5172958970069885,0.5642499923706055,0.5854169726371765,0.558667004108429,0.5815830230712891,757680000
2001-12-31,0.5111074447631836,0.5575000047683716,0.5716670155525208,0.5562499761581421,0.5684170126914978,737580000
2002-01-02,0.5141631960868835,0.5608329772949219,0.5704169869422913,0.5458329916000366,0.5599169731140137,1298904000
2002-01-03,0.547855019569397,0.597582995891571,0.6000000238418579,0.5616670250892639,0.5619999766349792,1414752000
2002-01-04,0.531888484954834,0.5801669955253601,0.6054999828338623,0.5699999928474426,0.6054999828338623,936288000
2002-01-07,0.517600953578949,0.5645830035209656,0.5833330154418945,0.5567499995231628,0.5824999809265137,973068000
2002-01-08,0.5237133502960205,0.5712500214576721,0.584833025932312,0.5615000128746033,0.5634170174598694,774360000
2002-01-09,0.5165320038795471,0.5634170174598694,0.5895829796791077,0.555417001247406,0.5791670083999634,1141188000
2002-01-10,0.5041555166244507,0.5499169826507568,0.5680829882621765,0.5450000166893005,0.5604169964790344,992508000
2002-01-11,0.481846421957016,0.525583028793335,0.5537499785423279,0.5234169960021973,0.553583025932312,1380852000
2002-01-14,0.456558883190155,0.4979999959468841,0.5280830264091492,0.4979999959468841,0.524416983127594,1369560000
2002-01-15,0.4991892576217651,0.5444999933242798,0.5448330044746399,0.5181670188903809,0.518750011920929,1838808000
2002-01-16,0.4797076284885406,0.5232499837875366,0.5405830144882202,0.5212500095367432,0.5370830297470093,1115388000
2002-01-17,0.4965151250362396,0.5415830016136169,0.5416669845581055,0.5210000276565552,0.5405830144882202,1121544000
2002-01-18,0.4874242544174194,0.5316669940948486,0.5354170203208923,0.5208330154418945,0.521166980266571,803676000
2002-01-22,0.475199818611145,0.5183330178260803,0.538083016872406,0.5123329758644104,0.536666989326477,1085028000
2002-01-23,0.4841384589672088,0.5280830264091492,0.5318329930305481,0.5126670002937317,0.5230000019073486,889164000
2002-01-24,0.501481294631958,0.546999990940094,0.5525000095367432,0.5220829844474792,0.5333330035209656,1137684000
2002-01-25,0.5001822113990784,0.5455830097198486,0.5591670274734497,0.5325000286102295,0.5391669869422913,817752000
2002-01-28,0.5194349884986877,0.566582977771759,0.5666670203208923,0.5507500171661377,0.5562499761581421,924288000
2002-01-29,0.4939937889575958,0.5388330221176147,0.569582998752594,0.5299999713897705,0.567916989326477,1381932000
2002-01-30,0.4999530911445617,0.5453330278396606,0.5457500219345093,0.5287500023841858,0.5416669845581055,1218456000
2002-01-31,0.5022449493408203,0.5478330254554749,0.5566669702529907,0.5295829772949219,0.552416980266571,973980000
2002-02-01,0.489945501089096,0.5344169735908508,0.5527499914169312,0.53125,0.5469170212745667,688272000
2002-02-04,0.4668726623058319,0.5092499852180481,0.5462499856948853,0.508417010307312,0.5332499742507935,1104864000
2002-02-05,0.4622886478900909,0.5042499899864197,0.5102499723434448,0.4844169914722442,0.5058330297470093,1474620000
2002-02-06,0.4738246500492096,0.5168330073356628,0.5257499814033508,0.5074999928474426,0.5175830125808716,1242528000
2002-02-07,0.4584685266017914,0.5000830292701721,0.5174999833106995,0.4976670145988464,0.5174999833106995,964476000
2002-02-08,0.440973550081253,0.481000006198883,0.5062500238418579,0.4619170129299164,0.5034170150756836,1871292000
2002-02-11,0.4653443992137909,0.5075830221176147,0.5083330273628235,0.4785000085830688,0.4802500009536743,1249224000
2002-02-12,0.475199818611145,0.5183330178260803,0.5279170274734497,0.4941670000553131,0.4999170005321502,1216500000
2002-02-13,0.4690885543823242,0.511667013168335,0.5338330268859863,0.5066670179367065,0.5249999761581421,1230432000
2002-02-14,0.4748945832252502,0.5180000066757202,0.5287500023841858,0.5095000267028809,0.515999972820282,1225692000
2002-02-15,0.4381470680236816,0.4779169857501983,0.4970830082893371,0.4729169905185699,0.4941670000553131,3988548000
2002-02-19,0.4091151654720306,0.4462499916553497,0.4622499942779541,0.4425829946994781,0.457500010728836,1972524000
2002-02-20,0.430506557226181,0.4695830047130584,0.4745829999446869,0.4375,0.4383330047130584,1838736000
2002-02-21,0.4010933041572571,0.4375,0.4633330106735229,0.4369170069694519,0.4631670117378235,1531044000
2002-02-22,0.381382554769516,0.4160000085830688,0.4337500035762787,0.4104169905185699,0.4287500083446502,2585616000
2002-02-25,0.4112541079521179,0.4485830068588257,0.4518330097198486,0.417833000421524,0.4179170131683349,1599564000
2002-02-26,0.4201926589012146,0.4583329856395721,0.4662500023841858,0.4462499916553497,0.458416998386383,1902672000
2002-02-27,0.4060595631599426,0.442916989326477,0.4707500040531158,0.4416669905185699,0.46875,1723224000
2002-02-28,0.3897096514701843,0.4250830113887787,0.4479170143604278,0.421332985162735,0.4399999976158142,1585440000
2002-03-01,0.4273748397827148,0.466167002916336,0.4666669964790344,0.4279170036315918,0.4291670024394989,1311396000
2002-03-04,0.4512111842632293,0.4921669960021972,0.4975000023841858,0.4630829989910126,0.4675830006599426,1484724000
2002-03-05,0.4500650465488434,0.4909169971942901,0.504082977771759,0.4841670095920563,0.4845829904079437,1379448000
2002-03-06,0.4359312355518341,0.4754999876022339,0.4810830056667328,0.4652499854564667,0.4762499928474426,1446060000
2002-03-07,0.4324171841144562,0.4716669917106628,0.483832985162735,0.4584999978542328,0.4822500050067901,1346532000
2002-03-08,0.4453282058238983,0.4857499897480011,0.4957500100135803,0.4783329963684082,0.4806669950485229,1270356000
2002-03-11,0.4401327669620514,0.4800829887390136,0.4857499897480011,0.4720830023288727,0.4804170131683349,810540000
2002-03-12,0.4170610606670379,0.4549170136451721,0.4679169952869415,0.4516670107841491,0.4654169976711273,1255032000
2002-03-13,0.4094975292682647,0.4466669857501983,0.453916996717453,0.4449999928474426,0.45066699385643,1031616000
2002-03-14,0.3868071436882019,0.4219169914722442,0.4433329999446869,0.4210000038146972,0.4433329999446869,1139460000
2002-03-15,0.4031560122966766,0.4397499859333038,0.4402500092983246,0.4168330132961273,0.4249170124530792,1248288000
2002-03-18,0.4031560122966766,0.4397499859333038,0.4574170112609863,0.4347499907016754,0.4477500021457672,1236996000
2002-03-19,0.3945997953414917,0.430417001247406,0.4437499940395355,0.4278329908847809,0.442916989326477,846072000
2002-03-20,0.3554072082042694,0.3876670002937317,0.4241670072078705,0.3862499892711639,0.4233329892158508,2292588000
2002-03-21,0.3742773830890655,0.4082500040531158,0.4129169881343841,0.3838329911231994,0.3942500054836273,1721712000
2002-03-22,0.3710687160491943,0.4047499895095825,0.4155830144882202,0.4016669988632202,0.4155830144882202,1249140000
2002-03-25,0.3518922924995422,0.3838329911231994,0.4033330082893371,0.3833329975605011,0.4028330147266388,884160000
2002-03-26,0.3590744137763977,0.3916670083999634,0.4014169871807098,0.3776670098304748,0.3798330128192901,1123512000
2002-03-27,0.347614586353302,0.3791669905185699,0.3935000002384186,0.3725000023841858,0.3856669962406158,1068012000
2002-03-28,0.3389051556587219,0.3696669936180115,0.3841669857501983,0.348917007446289,0.3817499876022339,3124080000
2002-04-01,0.3333273231983185,0.3635829985141754,0.3664169907569885,0.3379999995231628,0.349166989326477,2365344000
2002-04-02,0.324617862701416,0.3540830016136169,0.372417002916336,0.3519999980926513,0.3526670038700104,1438008000
2002-04-03,0.3307301104068756,0.3607499897480011,0.3653329908847809,0.3483330011367798,0.3556669950485229,1094640000
2002-04-04,0.3291256725788116,0.3589999973773956,0.3712500035762787,0.3530830144882202,0.3580000102519989,1130964000
2002-04-05,0.3216384053230285,0.350832998752594,0.3671669960021972,0.3471669852733612,0.3613330125808716,1026900000
2002-04-08,0.332410603761673,0.3625830113887787,0.3625830113887787,0.3345000147819519,0.3345830142498016,1151316000
2002-04-09,0.3114015161991119,0.3396669924259186,0.3691670000553131,0.3388330042362213,0.3661670088768005,1380768000
2002-04-10,0.2942118048667907,0.320917010307312,0.3449999988079071,0.2966670095920563,0.3424170017242431,3689724000
2002-04-11,0.281299889087677,0.3068329989910126,0.3224169909954071,0.3033330142498016,0.3183329999446869,1437288000
2002-04-12,0.280230849981308,0.3056670129299164,0.3161669969558716,0.296083003282547,0.3136669993400574,1376880000
2002-04-15,0.2915375232696533,0.3179999887943268,0.3232499957084656,0.3108330070972442,0.311583012342453,1157208000
2002-04-16,0.304219514131546,0.331833004951477,0.3356670141220093,0.3253329992294311,0.3322499990463257,854856000
2002-04-17,0.3078105449676513,0.335750013589859,0.3406670093536377,0.3252499997615814,0.335750013589859,944484000
2002-04-18,0.3026921451091766,0.3301669955253601,0.3359169960021972,0.3229170143604278,0.3323329985141754,693156000
2002-04-19,0.2820643782615661,0.3076669871807098,0.3229170143604278,0.3072499930858612,0.3190000057220459,1125672000
2002-04-22,0.2834396660327911,0.3091669976711273,0.3154169917106628,0.3041670024394989,0.3042500019073486,808176000
2002-04-23,0.2719798684120178,0.2966670095920563,0.3151670098304748,0.2939170002937317,0.311583012342453,773508000
2002-04-24,0.2481433004140854,0.2706669867038727,0.304500013589859,0.2699170112609863,0.3000830113887787,1582956000
2002-04-25,0.2577696442604065,0.2811670005321502,0.2865830063819885,0.2694999873638153,0.269582986831665,1168296000
2002-04-26,0.2320225685834884,0.2530829906463623,0.2845830023288727,0.2530829906463623,0.2842499911785126,1191120000
2002-04-29,0.2706807255744934,0.2952499985694885,0.2994999885559082,0.273499995470047,0.2829999923706054,3930852000
2002-04-30,0.2659437656402588,0.2900829911231994,0.3062500059604645,0.2837499976158142,0.3022499978542328,1776504000
2002-05-01,0.2707568407058716,0.2953329980373382,0.2994169890880584,0.2779169976711273,0.2853330075740814,1718904000
2002-05-02,0.2598324120044708,0.2834169864654541,0.304082989692688,0.2833330035209656,0.296750009059906,1125084000
2002-05-03,0.2502062022686004,0.2729170024394989,0.2859170138835907,0.2714999914169311,0.2837499976158142,852756000
2002-05-06,0.2406559586524963,0.262499988079071,0.2783330082893371,0.2603330016136169,0.2658329904079437,1102044000
2002-05-07,0.2466911226511001,0.2690829932689667,0.2739169895648956,0.2559170126914978,0.2683329880237579,1412448000
2002-05-08,0.2750353515148163,0.3000000119209289,0.3046669960021972,0.2783330082893371,0.2874169945716858,1688688000
2002-05-09,0.2632702887058258,0.2871670126914978,0.3052499890327453,0.286666989326477,0.2990829944610595,1230840000
2002-05-10,0.2435594052076339,0.2656669914722442,0.294167011976242,0.262499988079071,0.2930830121040344,1321548000
2002-05-13,0.2583040595054626,0.2817499935626983,0.2826670110225677,0.266167014837265,0.2684170007705688,800892000
2002-05-14,0.283974140882492,0.3097499907016754,0.3129169940948486,0.2945829927921295,0.2997500002384186,1526112000
2002-05-15,0.2895509600639343,0.3158330023288727,0.3216669857501983,0.3007499873638153,0.3050000071525574,1504548000
2002-05-16,0.2900863289833069,0.3164170086383819,0.3229170143604278,0.3095000088214874,0.3159169852733612,985560000
2002-05-17,0.2992540597915649,0.3264169991016388,0.327333003282547,0.3169170022010803,0.324999988079071,934404000
2002-05-20,0.3024628162384033,0.3299170136451721,0.332082986831665,0.3221670091152191,0.3236669898033142,953412000
2002-05-21,0.2793901562690735,0.304749995470047,0.3387500047683716,0.3044170141220093,0.3341670036315918,1382604000
2002-05-22,0.2906969487667084,0.3170830011367798,0.3189170062541961,0.3066670000553131,0.3071669936180115,1547988000
2002-05-23,0.2729726135730743,0.2977499961853027,0.3186669945716858,0.288332998752594,0.3179999887943268,2556780000
2002-05-24,0.2676250338554382,0.2919169962406158,0.2935830056667328,0.2851670086383819,0.2920829951763153,737784000
2002-05-28,0.2570050656795501,0.280333012342453,0.2946670055389404,0.2745000123977661,0.2944999933242798,1367088000
2002-05-29,0.2667082250118255,0.2909170091152191,0.2920829951763153,0.2715829908847809,0.2758330106735229,1311012000
2002-05-30,0.2628119885921478,0.286666989326477,0.2935830056667328,0.2794170081615448,0.2849999964237213,1066080000
2002-05-31,0.2556298375129699,0.2788330018520355,0.2895829975605011,0.2783330082893371,0.288332998752594,674112000
2002-06-03,0.2405798435211181,0.2624169886112213,0.2733330130577087,0.2590830028057098,0.2720830142498016,901248000
2002-06-04,0.2527272999286651,0.2756670117378235,0.27708300948143,0.2603330016136169,0.2607499957084656,1095432000
2002-06-05,0.249060183763504,0.2716670036315918,0.2763330042362213,0.2620829939842224,0.2762500047683716,1114308000
2002-06-06,0.249136209487915,0.2717500030994415,0.2754170000553131,0.2687500119209289,0.2688330113887787,739356000
2002-06-07,0.2467682659626007,0.2691670060157776,0.2725000083446502,0.2495830059051513,0.2496670037508011,1371300000
2002-06-10,0.2447054982185363,0.2669169902801513,0.280333012342453,0.2662500143051147,0.2727499902248382,749148000
2002-06-11,0.2337040454149246,0.2549169957637787,0.2725000083446502,0.2542499899864197,0.2713330090045929,859308000
2002-06-12,0.21353480219841,0.2329169958829879,0.2533330023288727,0.2222499996423721,0.2488330006599426,2267544000
2002-06-13,0.2113188654184341,0.2304999977350235,0.238999992609024,0.2231670022010803,0.2346670031547546,1265892000
2002-06-14,0.2152913361787796,0.2348330020904541,0.2365829944610595,0.2144999951124191,0.2220000028610229,1116444000
2002-06-17,0.2172019034624099,0.2369170039892196,0.2431669980287552,0.2328329980373382,0.2400829941034317,1054140000
2002-06-18,0.2160558998584747,0.2356670051813125,0.2425000071525573,0.2312500029802322,0.2339999973773956,1008300000
2002-06-19,0.1822109967470169,0.1987500041723251,0.2241670042276382,0.1969999969005584,0.2241670042276382,2593620000
2002-06-20,0.1805305033922195,0.1969169974327087,0.204583004117012,0.1943330019712448,0.1991669982671737,1425048000
2002-06-21,0.173119232058525,0.1888329982757568,0.2035000026226043,0.1848330050706863,0.1959169954061508,1484364000
2002-06-24,0.1763280183076858,0.1923329979181289,0.1982499957084655,0.1783329993486404,0.1840000003576278,1379592000
2002-06-25,0.1617364138364792,0.1764169931411743,0.1958329975605011,0.1752499938011169,0.1958329975605011,1172232000
2002-06-26,0.153332307934761,0.1672500073909759,0.1731670051813125,0.1520829945802688,0.1564169973134994,2067828000
2002-06-27,0.1304887980222702,0.1423330008983612,0.1747500002384185,0.1400000005960464,0.1734170019626617,3182808000
2002-06-28,0.1312532722949981,0.1431670039892196,0.1490830034017563,0.1369169950485229,0.1400000005960464,1991184000
2002-07-01,0.1309471726417541,0.1428329944610595,0.1466670036315918,0.139833003282547,0.1424999982118606,1164372000
2002-07-02,0.1226960495114326,0.1338330060243606,0.1416669934988021,0.130167007446289,0.1411669999361038,1368180000
2002-07-03,0.1333160549402237,0.1454170048236847,0.1456670016050338,0.1329170018434524,0.1330000013113021,1073304000
2002-07-05,0.1450811475515365,0.1582500040531158,0.1583330035209655,0.1513330042362213,0.1558330059051513,739524000
2002-07-08,0.1494359225034713,0.163000002503395,0.1686670035123825,0.15625,0.1564169973134994,1587180000
2002-07-09,0.1421016603708267,0.1550000011920929,0.1655000001192093,0.1515000015497207,0.1634169965982437,1075080000
2002-07-10,0.1382053196430206,0.150749996304512,0.1599999964237213,0.1496669948101043,0.1587499976158142,926988000
2002-07-11,0.1522624194622039,0.1660829931497573,0.1666669994592666,0.1485829949378967,0.1499170064926147,1143948000
2002-07-12,0.1521102041006088,0.1659169942140579,0.1756670027971267,0.1624999940395355,0.1749999970197677,1344900000
2002-07-15,0.1672371476888656,0.1824170053005218,0.1825000047683715,0.1588329970836639,0.1663330048322677,1495272000
2002-07-16,0.1627292782068252,0.1774999946355819,0.194582998752594,0.1745830029249191,0.1779170036315918,1773432000
2002-07-17,0.1489014029502868,0.1624169945716858,0.1770830005407333,0.1554999947547912,0.1736669987440109,1922364000
2002-07-18,0.1450811475515365,0.1582500040531158,0.1691669970750808,0.157832995057106,0.1597499996423721,1243188000
2002-07-19,0.1385106146335601,0.1510829925537109,0.1595000028610229,0.1500000059604644,0.1534170061349868,845772000
2002-07-22,0.1320931166410446,0.1440829932689666,0.1546670049428939,0.1379169970750808,0.1504170000553131,1290744000
2002-07-23,0.1222376599907875,0.1333329975605011,0.1458330005407333,0.1284170001745224,0.1449169963598251,1409652000
2002-07-24,0.1300303190946579,0.1418330073356628,0.1439999938011169,0.1314170062541961,0.1315000057220459,1175100000
2002-07-25,0.1150565072894096,0.1254999935626983,0.1367499977350235,0.1209169998764991,0.1363330036401748,1796448000
2002-07-26,0.1123822331428527,0.1225830018520355,0.1321669965982437,0.1191670000553131,0.1291670054197311,1221900000
2002-07-29,0.1155149042606353,0.1260000020265579,0.1283330023288726,0.1219170019030571,0.1276669949293136,1227720000
2002-07-30,0.1239190474152565,0.1351670026779174,0.1414999961853027,0.125,0.1254169940948486,1818012000
2002-07-31,0.0845734179019928,0.0922499969601631,0.100500002503395,0.091167002916336,0.0984999984502792,4837140000
2002-08-01,0.076475441455841,0.083416998386383,0.0930000022053718,0.0833330005407333,0.0930000022053718,1725708000
2002-08-02,0.0714331269264221,0.0779170021414756,0.086667001247406,0.0758330002427101,0.0860830023884773,1795260000
2002-08-05,0.065703235566616,0.0716670006513595,0.0769170001149177,0.0707499980926513,0.0767500028014183,1330716000
2002-08-06,0.0691411569714546,0.0754169970750808,0.0782499983906745,0.0738330036401748,0.0750000029802322,1168800000
2002-08-07,0.0675367712974548,0.0736669972538948,0.0794999971985817,0.0708329975605011,0.0787499994039535,892980000
2002-08-08,0.0719675794243812,0.0785000026226043,0.0798330008983612,0.0724999979138374,0.0744170024991035,755424000
2002-08-09,0.0702871233224868,0.0766670033335685,0.0791670009493827,0.0750830024480819,0.0764169991016388,581304000
2002-08-12,0.0702871233224868,0.0766670033335685,0.0795829966664314,0.0738330036401748,0.0758330002427101,592800000
2002-08-13,0.0688349306583404,0.0750830024480819,0.0809170007705688,0.0750000029802322,0.0771669968962669,654420000
2002-08-14,0.0734958872199058,0.0801670029759407,0.0808330029249191,0.0758330002427101,0.0764999985694885,632688000
2002-08-15,0.0786143094301223,0.0857499986886978,0.0874169990420341,0.0823329985141754,0.0831670016050338,1140120000
2002-08-16,0.0816699340939521,0.0890830010175705,0.0920829996466636,0.0786669999361038,0.081166997551918,1657428000
2002-08-19,0.0966447070240974,0.1054169982671737,0.1120830029249191,0.092749997973442,0.0929170027375221,2243928000
2002-08-20,0.0923660844564437,0.1007499992847442,0.1083329990506172,0.0994170010089874,0.1062500029802322,1429488000
2002-08-21,0.0972552895545959,0.1060829982161521,0.1074170023202896,0.1004170030355453,0.105333000421524,1194876000
2002-08-22,0.0939704477787017,0.1024999991059303,0.1070830002427101,0.1018330007791519,0.1029170006513595,1358496000
2002-08-23,0.0877821147441864,0.0957499966025352,0.1002499982714653,0.0951670035719871,0.0995829999446868,919932000
2002-08-26,0.0884697437286377,0.0965000018477439,0.09825000166893,0.0920000001788139,0.0975830033421516,698568000
2002-08-27,0.0834274217486381,0.090999998152256,0.0986670032143592,0.0904169976711273,0.0981670022010803,686712000
2002-08-28,0.078232005238533,0.0853329971432685,0.0906670019030571,0.0850000008940696,0.090499997138977,700356000
2002-08-29,0.0792258009314537,0.0864169970154762,0.0903329998254776,0.0835829973220825,0.0842500030994415,815520000
2002-08-30,0.0771630480885505,0.0841670036315918,0.0891669988632202,0.0825000032782554,0.0855830013751983,1065888000
2002-09-03,0.0724260360002517,0.0790000036358833,0.0805829986929893,0.0776669979095459,0.0801670029759407,847284000
2002-09-04,0.0719675794243812,0.0785000026226043,0.0813329964876174,0.0750830024480819,0.0792500004172325,930552000
2002-09-05,0.0692172572016716,0.0754999965429306,0.0780830010771751,0.0750000029802322,0.0777499973773956,714312000
2002-09-06,0.0707455351948738,0.0771669968962669,0.0793329998850822,0.0759999975562095,0.0786669999361038,746460000
2002-09-09,0.0706685185432434,0.0770829990506172,0.0794999971985817,0.0742499977350235,0.0765829980373382,578040000
2002-09-10,0.080753169953823,0.0880829989910125,0.0920829996466636,0.0765829980373382,0.0766670033335685,2317632000
2002-09-11,0.0847265124320983,0.0924170017242431,0.0991669967770576,0.0908330008387565,0.0908330008387565,1657536000
2002-09-12,0.0820522308349609,0.0895000025629997,0.0950829982757568,0.0885000005364418,0.0901670008897781,1294932000
2002-09-13,0.080753169953823,0.0880829989910125,0.0928329974412918,0.0874999985098838,0.0885830000042915,796872000
2002-09-16,0.0756347253918647,0.0825000032782554,0.0870829969644546,0.0804169997572898,0.0867500007152557,925464000
2002-09-17,0.0744887739419937,0.0812499970197677,0.088249996304512,0.0807500034570694,0.086167000234127,884052000
2002-09-18,0.0724260360002517,0.0790000036358833,0.0815830007195472,0.0765829980373382,0.0799999982118606,811692000
2002-09-19,0.0699809417128562,0.076333001255989,0.0799999982118606,0.0759169980883598,0.0772499963641166,618492000
2002-09-20,0.0703632459044456,0.0767500028014183,0.0785000026226043,0.0750830024480819,0.0769170001149177,687312000
2002-09-23,0.0673075914382934,0.0734170004725456,0.0762500017881393,0.0729169994592666,0.0754999965429306,521676000
2002-09-24,0.0678420886397361,0.0740000009536743,0.0775000005960464,0.0712499991059303,0.0725829973816871,624444000
2002-09-25,0.0715852975845336,0.0780830010771751,0.0795829966664314,0.0752499997615814,0.0783329978585243,896616000
2002-09-26,0.067765973508358,0.0739170014858245,0.0804169997572898,0.0727500021457672,0.0795829966664314,739560000
2002-09-27,0.065397024154663,0.07133299857378,0.0756670013070106,0.0712499991059303,0.0737499967217445,650688000
2002-09-30,0.065397024154663,0.07133299857378,0.0744170024991035,0.069582998752594,0.0710830017924308,584124000
2002-10-01,0.0689120143651962,0.0751670002937316,0.0758330002427101,0.0693330019712448,0.0719169974327087,888360000
2002-10-02,0.0688349306583404,0.0750830024480819,0.0795829966664314,0.0750830024480819,0.0757500007748603,749100000
2002-10-03,0.0654740259051323,0.0714169964194297,0.0754169970750808,0.0712499991059303,0.0741669982671737,590568000
2002-10-04,0.0621882751584053,0.0678329989314079,0.0734999999403953,0.0666669979691505,0.0712499991059303,529788000
2002-10-07,0.0591326057910919,0.0644999966025352,0.0682500004768371,0.0640000030398368,0.0669170022010803,493068000
2002-10-08,0.057375144213438,0.0625829994678497,0.06683299690485,0.0599999986588954,0.0666669979691505,714252000
2002-10-09,0.0563061758875846,0.0614169985055923,0.0656670033931732,0.0603329986333847,0.0616669990122318,573132000
2002-10-10,0.0592087097465992,0.0645830035209655,0.0665830001235008,0.0608329996466636,0.0608329996466636,538032000
2002-10-11,0.0673075914382934,0.0734170004725456,0.074583001434803,0.0666669979691505,0.0670830011367797,994140000
2002-10-14,0.0653209537267685,0.0712499991059303,0.0734170004725456,0.069750003516674,0.0712499991059303,611484000
2002-10-15,0.0721207037568092,0.0786669999361038,0.0820000022649765,0.0775830000638961,0.0791670009493827,852768000
2002-10-16,0.0660846084356308,0.0720829963684082,0.0740000009536743,0.0708329975605011,0.0733330026268959,578124000
2002-10-17,0.0711269378662109,0.0775830000638961,0.0812499970197677,0.0764169991016388,0.0783329978585243,585792000
2002-10-18,0.0718144848942756,0.0783329978585243,0.0791670009493827,0.0742499977350235,0.0771669968962669,498372000
2002-10-21,0.0783090069890022,0.0854170024394989,0.088249996304512,0.0754999965429306,0.0772499963641166,930624000
2002-10-22,0.080906257033348,0.088249996304512,0.0933329984545707,0.0814170017838478,0.0815000012516975,1272168000
2002-10-23,0.084191121160984,0.0918330028653144,0.0930830016732215,0.0883330032229423,0.0895830020308494,925428000
2002-10-24,0.0799133777618408,0.0871670022606849,0.0946670025587081,0.0858329981565475,0.0936670005321502,1055172000
2002-10-25,0.0848025903105735,0.0925000011920929,0.0929170027375221,0.0863329991698265,0.0874999985098838,745956000
2002-10-28,0.0852610021829605,0.0930000022053718,0.0974999964237213,0.0924170017242431,0.0967499986290931,1070544000
2002-10-29,0.0815177410840988,0.088917002081871,0.0938329994678497,0.0842500030994415,0.0931669995188713,772728000
2002-10-30,0.0858725011348724,0.0936670005321502,0.0966669991612434,0.0914169996976852,0.0917500033974647,1139496000
2002-10-31,0.0909148007631301,0.0991669967770576,0.099832996726036,0.0940830036997795,0.0943330004811286,1255476000
2002-11-01,0.1077221930027008,0.1174999997019767,0.1189170032739639,0.0974999964237213,0.0976670011878013,2128836000
2002-11-04,0.119487315416336,0.1303330063819885,0.1375830024480819,0.1242500022053718,0.1245829984545707,2688132000
2002-11-05,0.1147511824965477,0.1251669973134994,0.1321669965982437,0.1195830032229423,0.1299999952316284,2034540000
2002-11-06,0.1236128881573677,0.1348329931497573,0.135000005364418,0.1243330016732215,0.1294170022010803,1646016000
2002-11-07,0.1111601516604423,0.1212500035762786,0.1313329935073852,0.1204999983310699,0.1313329935073852,1660560000
2002-11-08,0.0867892727255821,0.0946670025587081,0.108583003282547,0.0917500033974647,0.1024999991059303,3798900000
2002-11-11,0.0800655707716941,0.0873330011963844,0.0914999991655349,0.0851669982075691,0.0901670008897781,1378452000
2002-11-12,0.0871706455945968,0.0950829982757568,0.0983330011367797,0.0886669978499412,0.08941700309515,1381188000
2002-11-13,0.0899210125207901,0.09808299690485,0.100832998752594,0.090999998152256,0.0928329974412918,1802112000
2002-11-14,0.0958800837397575,0.1045830026268959,0.1065829992294311,0.1014169976115226,0.1045830026268959,1138728000
2002-11-15,0.1029090732336044,0.1122500002384185,0.1159169971942901,0.1087500005960464,0.1099999994039535,2054328000
2002-11-18,0.1067293137311935,0.1164169982075691,0.1216669976711273,0.1160830035805702,0.1212500035762786,1982472000
2002-11-19,0.1082567274570465,0.1180830001831054,0.123999997973442,0.1145000010728836,0.1157499998807907,1971948000
2002-11-20,0.1136812716722488,0.123999997973442,0.125,0.1200829967856407,0.1216669976711273,1292796000
2002-11-21,0.1233075931668281,0.1344999969005584,0.1406670063734054,0.1287499964237213,0.1289999932050705,2053920000
2002-11-22,0.1200988516211509,0.1309999972581863,0.1336670070886612,0.125,0.1263329982757568,1251900000
2002-11-25,0.1244535818696022,0.1357499957084655,0.1390829980373382,0.131750002503395,0.1370829939842224,1230084000
2002-11-26,0.1210917010903358,0.132082998752594,0.1390829980373382,0.1316670030355453,0.1364170014858245,1084332000
2002-11-27,0.1304887980222702,0.1423330008983612,0.1446669995784759,0.135916993021965,0.1376670002937317,1088556000
2002-11-29,0.1308709979057312,0.1427499949932098,0.148166999220848,0.1416669934988021,0.1460829973220825,519396000
2002-12-02,0.1298782080411911,0.1416669934988021,0.1522500067949295,0.1410000026226043,0.1503330022096634,1167504000
2002-12-03,0.1213208809494972,0.1323329955339431,0.1393329948186874,0.132082998752594,0.1389999985694885,1046220000
2002-12-04,0.1068054437637329,0.1164999976754188,0.125,0.1160830035805702,0.1230000033974647,2206548000
2002-12-05,0.1077983081340789,0.1175829991698265,0.1248330026865005,0.1147499978542327,0.123999997973442,1594872000
2002-12-06,0.1079514026641845,0.1177499964833259,0.1199999973177909,0.1106669977307319,0.1124999970197677,1159224000
2002-12-09,0.099318079650402,0.1083329990506172,0.1157499998807907,0.1074170023202896,0.1139170005917549,969792000
2002-12-10,0.1076461225748062,0.117417000234127,0.1195830032229423,0.1096670031547546,0.1110830008983612,1389888000
2002-12-11,0.1070346161723136,0.1167500019073486,0.1199999973177909,0.1126670017838478,0.1165829971432685,1364208000
2002-12-12,0.1052771732211113,0.1148329973220825,0.1225000023841857,0.1145830005407333,0.1210829988121986,1302552000
2002-12-13,0.1011516079306602,0.110333003103733,0.1127500012516975,0.1094999983906745,0.1127500012516975,707724000
2002-12-16,0.1071107313036918,0.1168330013751983,0.1174999997019767,0.1112499982118606,0.1141669973731041,1056972000
2002-12-17,0.1069585084915161,0.1166670024394989,0.1229169964790344,0.1157499998807907,0.1189170032739639,1077744000
2002-12-18,0.0987835675477981,0.1077499985694885,0.1131670027971267,0.1075000017881393,0.1129999980330467,1126836000
2002-12-19,0.0966447070240974,0.1054169982671737,0.1114170029759407,0.1043329983949661,0.105833001434803,1100604000
2002-12-20,0.0979428514838218,0.1068330034613609,0.1099169999361038,0.1015829965472221,0.1087500005960464,804576000
2002-12-23,0.0986304730176925,0.107583001255989,0.110166996717453,0.1062500029802322,0.1065829992294311,498648000
2002-12-24,0.0966447070240974,0.1054169982671737,0.110333003103733,0.104832999408245,0.1081670001149177,300336000
2002-12-26,0.094887226819992,0.1035000011324882,0.1087500005960464,0.10258299857378,0.1071669980883598,719760000
2002-12-27,0.0912962108850479,0.0995829999446868,0.1065829992294311,0.0986670032143592,0.1063330024480819,702528000
2002-12-30,0.0880874469876289,0.0960830003023147,0.1010830029845237,0.0938329994678497,0.1000000014901161,784740000
2002-12-31,0.0879352390766143,0.0959170013666153,0.0983330011367797,0.093249998986721,0.0950829982757568,825396000
2003-01-02,0.0940465331077575,0.10258299857378,0.1037499979138374,0.0965830013155937,0.1000000014901161,1302540000
2003-01-03,0.0940465331077575,0.10258299857378,0.1062500029802322,0.100832998752594,0.1029170006513595,1037496000
2003-01-06,0.1016870364546775,0.1109170019626617,0.1125829964876174,0.1049999967217445,0.1050830036401748,1033428000
2003-01-07,0.1013808101415634,0.1105829998850822,0.1156670004129409,0.1093330010771751,0.1130829975008964,1498272000
2003-01-08,0.0912962108850479,0.0995829999446868,0.1109170019626617,0.0988330021500587,0.1077499985694885,1852524000
2003-01-09,0.0929005518555641,0.1013329997658729,0.1037499979138374,0.100332997739315,0.1026669964194297,1436076000
2003-01-10,0.0945049300789833,0.103082999587059,0.1045830026268959,0.0986670032143592,0.1000000014901161,924492000
2003-01-13,0.0937412306666374,0.1022500023245811,0.1079170033335685,0.1017500013113021,0.1070000007748603,849120000
2003-01-14,0.0944288298487663,0.1030000001192092,0.1040000021457672,0.0999170020222663,0.10258299857378,868524000
2003-01-15,0.0915254056453704,0.099832996726036,0.1039170026779174,0.099832996726036,0.103082999587059,904584000
2003-01-16,0.0853370949625969,0.0930830016732215,0.0995829999446868,0.0917500033974647,0.0983330011367797,2039976000
2003-01-17,0.0821283459663391,0.0895830020308494,0.0918330028653144,0.088417001068592,0.0905829966068267,1058832000
2003-01-21,0.0800655707716941,0.0873330011963844,0.0931669995188713,0.0870829969644546,0.0912500023841857,967356000
2003-01-22,0.0801425799727439,0.0874169990420341,0.0896669998764991,0.0868330001831054,0.0870829969644546,550992000
2003-01-23,0.0823575779795646,0.0898329988121986,0.0912500023841857,0.0874169990420341,0.0897499993443489,918456000
2003-01-24,0.0776975005865097,0.0847499966621398,0.0895000025629997,0.0832500010728836,0.0890830010175705,897108000
2003-01-27,0.0765515118837356,0.0834999978542327,0.0872500017285347,0.0814170017838478,0.0829169973731041,889116000
2003-01-28,0.0793018490076065,0.0864999964833259,0.0880829989910125,0.0796670019626617,0.0824169963598251,1785480000
2003-01-29,0.080906257033348,0.088249996304512,0.088917002081871,0.0841670036315918,0.0841670036315918,1022040000
2003-01-30,0.0776213929057121,0.0846669971942901,0.0907500013709068,0.0837500020861625,0.0900000035762786,743064000
2003-01-31,0.0788435116410255,0.0860000029206276,0.0883330032229423,0.0814170017838478,0.0821669995784759,949656000
2003-02-03,0.0803717896342277,0.0876670032739639,0.0893329977989196,0.0858329981565475,0.0875829979777336,755556000
2003-02-04,0.0767807438969612,0.0837500020861625,0.0874999985098838,0.0825000032782554,0.0870829969644546,627720000
2003-02-05,0.0774682909250259,0.0844999998807907,0.0879170000553131,0.0841670036315918,0.0855830013751983,581508000
2003-02-06,0.0780798122286796,0.0851669982075691,0.090499997138977,0.0837500020861625,0.0903329998254776,1226184000
2003-02-07,0.0745648592710495,0.0813329964876174,0.0872500017285347,0.081166997551918,0.0868330001831054,915156000
2003-02-10,0.0754816532135009,0.0823329985141754,0.0829169973731041,0.0777499973773956,0.0812499970197677,982632000
2003-02-11,0.0741064399480819,0.0808330029249191,0.0854170024394989,0.0804169997572898,0.0829999968409538,850716000
2003-02-12,0.0744887739419937,0.0812499970197677,0.0842500030994415,0.0801670029759407,0.0808330029249191,641400000
2003-02-13,0.0754055455327034,0.0822499990463256,0.0830829963088035,0.0804169997572898,0.0826670005917549,889164000
2003-02-14,0.091983750462532,0.100332997739315,0.1004170030355453,0.0912500023841857,0.0935000032186508,3548844000
2003-02-18,0.0972552895545959,0.1060829982161521,0.108083002269268,0.1029170006513595,0.1041669994592666,1740516000
2003-02-19,0.0981720760464668,0.1070830002427101,0.1077499985694885,0.1042499989271164,0.1054169982671737,1141212000
2003-02-20,0.0981720760464668,0.1070830002427101,0.110333003103733,0.1066669970750808,0.1075000017881393,978132000
2003-02-21,0.0982490926980972,0.1071669980883598,0.1074170023202896,0.1033329963684082,0.1070000007748603,913260000
2003-02-24,0.0994711220264434,0.1084999963641166,0.112416997551918,0.1056670024991035,0.1062500029802322,1137012000
2003-02-25,0.0988596379756927,0.1078329980373382,0.1083329990506172,0.1033329963684082,0.1049999967217445,1239204000
2003-02-26,0.0940465331077575,0.10258299857378,0.1081670001149177,0.1023330017924308,0.1064170002937316,746892000
2003-02-27,0.0960332155227661,0.1047499999403953,0.1052500009536743,0.1019169986248016,0.1035830006003379,675312000
2003-02-28,0.0964155197143554,0.1051670014858245,0.1054169982671737,0.0984999984502792,0.1014999970793724,1653336000
2003-03-03,0.0948111042380333,0.1034170016646385,0.1083329990506172,0.1020829975605011,0.1064170002937316,702036000
2003-03-04,0.0940465331077575,0.10258299857378,0.1047499999403953,0.1015829965472221,0.1037499979138374,538392000
2003-03-05,0.0955748334527015,0.1042499989271164,0.104832999408245,0.1013329997658729,0.1015829965472221,522156000
2003-03-06,0.0939704477787017,0.1024999991059303,0.1044170036911964,0.1020829975605011,0.1034170016646385,548064000
2003-03-07,0.0954217165708541,0.1040830016136169,0.1044170036911964,0.1000000014901161,0.1009169965982437,581148000
2003-03-10,0.0927483513951301,0.1011670008301734,0.1035000011324882,0.101000003516674,0.1030000001192092,344796000
2003-03-11,0.0934359654784202,0.1019169986248016,0.1035830006003379,0.1007499992847442,0.1019169986248016,417144000
2003-03-12,0.0960332155227661,0.1047499999403953,0.1049999967217445,0.1018330007791519,0.1027500033378601,493920000
2003-03-13,0.1055833548307418,0.115166999399662,0.1158329993486404,0.1073329970240593,0.1078329980373382,1362732000
2003-03-14,0.1025268137454986,0.1118329986929893,0.1166670024394989,0.1110000014305114,0.1155830025672912,1094220000
2003-03-17,0.1084859073162078,0.1183329969644546,0.1205829977989196,0.1097500026226043,0.1099999994039535,1307808000
2003-03-18,0.1076461225748062,0.117417000234127,0.1192499995231628,0.1150000020861625,0.117917001247406,932280000
2003-03-19,0.1081806123256683,0.1180000007152557,0.1188329979777336,0.1138330027461052,0.1176669970154762,712992000
2003-03-20,0.1091734915971756,0.1190830022096633,0.1215829998254776,0.1149170026183128,0.1180000007152557,780060000
2003-03-21,0.1081806123256683,0.1180000007152557,0.1235829964280128,0.1126670017838478,0.1231670007109642,1681800000
2003-03-24,0.1041311398148536,0.1135829985141754,0.1166670024394989,0.1124999970197677,0.1131670027971267,839016000
2003-03-25,0.1071107313036918,0.1168330013751983,0.1185830011963844,0.1134999990463256,0.1139170005917549,672828000
2003-03-26,0.110090248286724,0.1200829967856407,0.1220830008387565,0.1185000017285347,0.1194169968366622,1107840000
2003-03-27,0.1069585084915161,0.1166670024394989,0.1209999993443489,0.1163330003619194,0.1185000017285347,1392732000
2003-03-28,0.1026038229465484,0.111916996538639,0.1170829981565475,0.1100829988718032,0.1166670024394989,1290684000
2003-03-31,0.0984012559056282,0.1073329970240593,0.1098330020904541,0.1068330034613609,0.1084999963641166,680508000
2003-04-01,0.1013046652078628,0.1105000004172325,0.1116669997572898,0.1071669980883598,0.1095829978585243,533808000
2003-04-02,0.1050479412078857,0.1145830005407333,0.1164999976754188,0.1127500012516975,0.1142499968409538,771900000
2003-04-03,0.1064231395721435,0.1160830035805702,0.1166670024394989,0.1136669963598251,0.1166670024394989,702780000
2003-04-04,0.1022976264357566,0.1115830019116401,0.1165829971432685,0.1110830008983612,0.1164169982075691,513840000
2003-04-07,0.1033674925565719,0.1127500012516975,0.1199999973177909,0.1116669997572898,0.1190830022096633,671256000
2003-04-08,0.1023746058344841,0.1116669997572898,0.1143329963088035,0.1109170019626617,0.1137500032782554,475032000
2003-04-09,0.1018392220139503,0.1110830008983612,0.1150830015540123,0.1109170019626617,0.1120830029249191,694260000
2003-04-10,0.1023746058344841,0.1116669997572898,0.1127500012516975,0.1105829998850822,0.1125829964876174,364104000
2003-04-11,0.101228654384613,0.1104170009493827,0.1138330027461052,0.1093330010771751,0.1129169985651969,374184000
2003-04-14,0.1029851734638214,0.1123329997062683,0.1126670017838478,0.1084169968962669,0.1087500005960464,445776000
2003-04-15,0.102450706064701,0.1117499992251396,0.1131670027971267,0.1088330000638961,0.1115830019116401,490212000
2003-04-16,0.102450706064701,0.1117499992251396,0.1145830005407333,0.1108329966664314,0.1143329963088035,671988000
2003-04-17,0.1042842715978622,0.1137500032782554,0.1140000000596046,0.1102500036358833,0.1125829964876174,520740000
2003-04-21,0.1069585084915161,0.1166670024394989,0.1169999986886978,0.1128330007195472,0.1139170005917549,597144000
2003-04-22,0.1083337068557739,0.1181669980287551,0.1182499974966049,0.1141669973731041,0.1160830035805702,787392000
2003-04-23,0.1107778772711753,0.1208330020308494,0.1215829998254776,0.1170829981565475,0.1180000007152557,606204000
2003-04-24,0.1074930354952812,0.1172500029206276,0.1209169998764991,0.1156670004129409,0.1209169998764991,660912000
2003-04-25,0.1035205945372581,0.1129169985651969,0.1185830011963844,0.1118329986929893,0.1165829971432685,884652000
2003-04-28,0.1066523045301437,0.1163330003619194,0.1184170022606849,0.1129169985651969,0.1142499968409538,674988000
2003-04-29,0.1099380776286125,0.1199169978499412,0.1215829998254776,0.1180830001831054,0.1190000027418136,670344000
2003-04-30,0.1094796955585479,0.1194169968366622,0.1225000023841857,0.1187499985098838,0.1192499995231628,466620000
2003-05-01,0.1101672798395156,0.120167002081871,0.1213330030441284,0.117917001247406,0.1185830011963844,733368000
2003-05-02,0.1214739754796028,0.1324999928474426,0.1333329975605011,0.1210829988121986,0.121749997138977,1691088000
2003-05-05,0.1244535818696022,0.1357499957084655,0.1420000046491623,0.1313329935073852,0.1337500065565109,1576164000
2003-05-06,0.1246066242456436,0.135916993021965,0.1394169926643371,0.1337500065565109,0.1350830048322677,1143864000
2003-05-07,0.1226200237870216,0.1337500065565109,0.1370829939842224,0.1314170062541961,0.1339170038700103,897372000
2003-05-08,0.1226960495114326,0.1338330060243606,0.1391669958829879,0.1304170042276382,0.132082998752594,1957452000
2003-05-09,0.1632638126611709,0.1780830025672912,0.179416999220848,0.1525000035762787,0.156917005777359,9230856000
2003-05-12,0.1586798876523971,0.1730830073356628,0.1825000047683715,0.171666994690895,0.1784999966621399,3007860000
2003-05-13,0.1557003259658813,0.1698330044746399,0.1724999994039535,0.1661670058965683,0.167166993021965,1824108000
2003-05-14,0.1555481404066085,0.1696670055389404,0.1724999994039535,0.1675000041723251,0.1704169958829879,965580000
2003-05-15,0.1608957350254058,0.1755000054836273,0.1758330017328262,0.1712500005960464,0.1721670031547546,1105656000
2003-05-16,0.1624240279197693,0.177166998386383,0.1802500039339065,0.1730830073356628,0.173333004117012,1028916000
2003-05-19,0.1532561779022216,0.167166993021965,0.176499992609024,0.1650830060243606,0.1748329997062683,1220484000
2003-05-20,0.1543251574039459,0.1683329939842224,0.1695829927921295,0.1666669994592666,0.1674170047044754,884124000
2003-05-21,0.159749761223793,0.1742500066757202,0.1743330061435699,0.1675000041723251,0.1684170067310333,905472000
2003-05-22,0.1602842658758163,0.1748329997062683,0.1764169931411743,0.1704169958829879,0.1745000034570694,888816000
2003-05-23,0.1594444662332534,0.1739169955253601,0.1783329993486404,0.1731670051813125,0.1749999970197677,867612000
2003-05-27,0.1735776215791702,0.1893330067396164,0.1899999976158142,0.1687500029802322,0.1720830053091049,1677408000
2003-05-28,0.173119232058525,0.1888329982757568,0.1908330023288726,0.1841669976711273,0.1887499988079071,1235556000
2003-05-29,0.1849613338708877,0.2017499953508377,0.2081670016050338,0.1883330047130584,0.1887499988079071,2297736000
2003-05-30,0.1999352127313614,0.218082994222641,0.2219170033931732,0.2154169976711273,0.2208330035209655,2142312000
2003-06-02,0.1888576596975326,0.2060000002384185,0.2240000069141388,0.2046670019626617,0.2237499952316284,1566144000
2003-06-03,0.1927539855241775,0.2102500051259994,0.2164999991655349,0.2011670023202896,0.2036669999361038,1596804000
2003-06-04,0.1973379403352737,0.2152500003576278,0.2154169976711273,0.2063329964876175,0.2095829993486404,1175604000
2003-06-05,0.2029917389154434,0.2214169949293136,0.2221670001745224,0.2095829993486404,0.2124170064926147,1204404000
2003-06-06,0.1968034505844116,0.2146670073270797,0.2312500029802322,0.2129999995231628,0.2300830036401748,1378836000
2003-06-09,0.1944344490766525,0.2120829969644546,0.2188329994678497,0.2088329941034317,0.2133329957723617,720588000
2003-06-10,0.1972618550062179,0.2151670008897781,0.2153329998254776,0.2097499966621399,0.2120829969644546,563304000
2003-06-11,0.1974140554666519,0.2153329998254776,0.2172500044107437,0.209999993443489,0.2138330042362213,943836000
2003-06-12,0.1944344490766525,0.2120829969644546,0.2191669940948486,0.2114170044660568,0.2168329954147339,1046688000
2003-06-13,0.1793075203895568,0.1955830007791519,0.2087499946355819,0.1941670030355453,0.202916994690895,1826808000
2003-06-16,0.1831278353929519,0.199750006198883,0.2022500038146972,0.1848330050706863,0.1979169994592666,1904868000
2003-06-17,0.1874824613332748,0.2045000046491623,0.2058330029249191,0.1983329951763153,0.2043330073356628,999852000
2003-06-18,0.1946636587381363,0.2123329937458038,0.2164169996976852,0.2008329927921295,0.2025000005960464,1122072000
2003-06-19,0.1828224807977676,0.1994169950485229,0.2143329977989196,0.1983329951763153,0.213249996304512,1190532000
2003-06-20,0.1809119284152984,0.1973329931497573,0.2016669958829879,0.1941670030355453,0.2015829980373382,937848000
2003-06-23,0.1744944304227829,0.1903329938650131,0.1981669962406158,0.1864169985055923,0.1971669942140579,734784000
2003-06-24,0.1741130053997039,0.1899169981479644,0.1933329999446869,0.1838330030441284,0.1891669929027557,1008816000
2003-06-25,0.175259068608284,0.1911669969558715,0.1981669962406158,0.1896670013666153,0.190417006611824,1060620000
2003-06-26,0.1754882037639618,0.1914169937372207,0.1940000057220459,0.1857499927282333,0.1917500048875808,960540000
2003-06-27,0.1723554879426956,0.1879999935626983,0.1954170018434524,0.1870830059051513,0.1936669945716858,709104000
2003-06-30,0.1750297993421554,0.1909170001745224,0.194250002503395,0.1883330047130584,0.1905000060796737,544128000
2003-07-01,0.1822109967470169,0.1987500041723251,0.1990000009536743,0.1867499947547912,0.1885000020265579,977016000
2003-07-02,0.1816764771938324,0.1981669962406158,0.2031670063734054,0.1954170018434524,0.2005829960107803,846828000
2003-07-03,0.1796137243509292,0.1959169954061508,0.2010000050067901,0.1931670010089874,0.193582996726036,420912000
2003-07-07,0.1913788318634033,0.2087499946355819,0.2098329961299896,0.1985000073909759,0.1985830068588256,832200000
2003-07-08,0.1892399787902832,0.2064169943332672,0.2091670036315918,0.2025000005960464,0.2029999941587448,602856000
2003-07-09,0.1935947090387344,0.2111669927835464,0.2145829945802688,0.2060000002384185,0.2063329964876175,755352000
2003-07-10,0.1856488436460495,0.2025000005960464,0.2072499990463256,0.1989170014858245,0.204583004117012,644568000
2003-07-11,0.1866418123245239,0.2035830020904541,0.206166997551918,0.2018329948186874,0.2049169987440109,495000000
2003-07-14,0.1851905435323715,0.202000007033348,0.209999993443489,0.2010000050067901,0.2087499946355819,694344000
2003-07-15,0.1791553795337677,0.1954170018434524,0.2059170007705688,0.1934999972581863,0.2049999982118606,1143456000
2003-07-16,0.1769394874572754,0.1930000036954879,0.2000000029802322,0.1883330047130584,0.199083000421524,880476000
2003-07-17,0.1680769026279449,0.1833329945802688,0.1895830035209655,0.1808329969644546,0.1871670037508011,853764000
2003-07-18,0.1624240279197693,0.177166998386383,0.1803330034017563,0.1705829948186874,0.179749995470047,1280832000
2003-07-21,0.1599790155887603,0.1745000034570694,0.178749993443489,0.1703329980373382,0.1781670004129409,985140000
2003-07-22,0.1626531928777694,0.1774169951677322,0.1807499974966049,0.1764169931411743,0.179416999220848,582444000
2003-07-23,0.1647921055555343,0.179749995470047,0.1808329969644546,0.1719170063734054,0.1772499978542328,605328000
2003-07-24,0.158374547958374,0.1727499961853027,0.1843329966068267,0.1712500005960464,0.1829999983310699,1116828000
2003-07-25,0.1608957350254058,0.1755000054836273,0.176499992609024,0.1666669994592666,0.1730830073356628,1002084000
2003-07-28,0.1559294909238815,0.170083001255989,0.1773329973220825,0.1693329960107803,0.1769170016050338,703752000
2003-07-29,0.1456926763057708,0.1589169949293136,0.1679999977350235,0.152999997138977,0.1546670049428939,2794788000
2003-07-30,0.1440883427858352,0.1571670025587082,0.1601669937372207,0.1561670005321502,0.1583330035209655,788724000
2003-07-31,0.1458448767662048,0.1590829938650131,0.1631669998168945,0.1574169993400573,0.1608330011367797,897600000
2003-08-01,0.1506579965353012,0.1643330007791519,0.1656669974327087,0.1575829982757568,0.159167006611824,767556000
2003-08-04,0.1563118398189544,0.1704999953508377,0.1735000014305114,0.1631669998168945,0.1641670018434524,1428852000
2003-08-05,0.1558534204959869,0.1700000017881393,0.1789170056581497,0.1685830056667328,0.174916997551918,1063488000
2003-08-06,0.1495120376348495,0.1630830019712448,0.1700000017881393,0.1589999943971634,0.1677500009536743,1025868000
2003-08-07,0.1474491953849792,0.1608330011367797,0.1650000065565109,0.1586669981479644,0.1626670062541961,1040340000
2003-08-08,0.11841831356287,0.1291670054197311,0.1385000050067901,0.1271670013666153,0.1379169970750808,3767580000
2003-08-11,0.1248358413577079,0.1361670047044754,0.1379169970750808,0.1304170042276382,0.1312499940395355,1675752000
2003-08-12,0.1273569762706756,0.1389169991016388,0.1392499953508377,0.1356669962406158,0.1379169970750808,764160000
2003-08-13,0.1281967163085937,0.139833003282547,0.142083004117012,0.1360000073909759,0.139500007033348,693552000
2003-08-14,0.1237659379839897,0.135000005364418,0.1371670067310333,0.1334999948740005,0.1351670026779174,1527696000
2003-08-15,0.1233836859464645,0.1345829963684082,0.1354169994592666,0.1333329975605011,0.1341670006513595,217716000
2003-08-18,0.1270507872104644,0.1385830044746399,0.1385830044746399,0.134332999587059,0.1367499977350235,717684000
2003-08-19,0.1367540210485458,0.149167001247406,0.1500000059604644,0.1415829956531524,0.1416669934988021,1403976000
2003-08-20,0.1348434537649154,0.1470829993486404,0.1498329937458038,0.1438329964876175,0.1470829993486404,870348000
2003-08-21,0.1385106146335601,0.1510829925537109,0.1525000035762787,0.1483329981565475,0.1506669968366623,644748000
2003-08-22,0.1395044177770614,0.1521670073270797,0.162332996726036,0.1520829945802688,0.1601669937372207,1002396000
2003-08-25,0.1387397795915603,0.1513330042362213,0.1550830006599426,0.1500000059604644,0.1550830006599426,434028000
2003-08-26,0.1365248262882232,0.1489170044660568,0.1516669988632202,0.1448329985141754,0.1494169980287552,768984000
2003-08-27,0.1406504064798355,0.1534170061349868,0.1550000011920929,0.1483329981565475,0.1499170064926147,567816000
2003-08-28,0.1369832754135131,0.1494169980287552,0.1557500064373016,0.1476670056581497,0.1549170017242431,828312000
2003-08-29,0.1388168334960937,0.151417002081871,0.1520829945802688,0.1485829949378967,0.149167001247406,532884000
2003-09-02,0.1375937908887863,0.1500830054283142,0.1554169952869415,0.1493330001831054,0.1540829986333847,711456000
2003-09-03,0.1349205076694488,0.1471669971942901,0.1527500003576278,0.1464170068502426,0.1523330062627792,849972000
2003-09-04,0.1362186223268509,0.1485829949378967,0.1520829945802688,0.1466670036315918,0.1477500051259994,740064000
2003-09-05,0.142713114619255,0.1556670069694519,0.159167006611824,0.1470829993486404,0.1488330066204071,1198740000
2003-09-08,0.1492827981710434,0.1628330051898956,0.1646669954061508,0.15625,0.1581670045852661,1508712000
2003-09-09,0.1584506779909134,0.1728329956531524,0.1789170056581497,0.1561670005321502,0.1583330035209655,2489436000
2003-09-10,0.147602304816246,0.1609999984502792,0.1724169999361038,0.1596670001745224,0.1679169982671737,1380624000
2003-09-11,0.1456926763057708,0.1589169949293136,0.1679169982671737,0.1525000035762787,0.1631669998168945,2612736000
2003-09-12,0.1478315591812133,0.1612499952316284,0.1647499948740005,0.1558330059051513,0.1575829982757568,1162404000
2003-09-15,0.1453864872455597,0.1585830003023147,0.1634169965982437,0.1580000072717666,0.1625829935073852,596028000
2003-09-16,0.1498943269252777,0.1634999960660934,0.164000004529953,0.1589169949293136,0.1589169949293136,620736000
2003-09-17,0.1516517549753189,0.1654170006513595,0.1685830056667328,0.1631669998168945,0.1644999980926513,902784000
2003-09-18,0.1527978032827377,0.1666669994592666,0.1667499989271164,0.1626670062541961,0.1644999980926513,603492000
2003-09-19,0.1515747755765915,0.1653330028057098,0.1696670055389404,0.1638330072164535,0.1685830056667328,648096000
2003-09-22,0.145615667104721,0.1588329970836639,0.1624169945716858,0.1574999988079071,0.1620829999446869,735504000
2003-09-23,0.1469908207654953,0.1603329926729202,0.1612499952316284,0.1570000052452087,0.1590829938650131,628932000
2003-09-24,0.1358372569084167,0.148166999220848,0.1583330035209655,0.1479170024394989,0.156917005777359,1600668000
2003-09-25,0.1339267194271087,0.1460829973220825,0.1519999951124191,0.1454170048236847,0.1493330001831054,736776000
2003-09-26,0.1288082748651504,0.1404999941587448,0.1460829973220825,0.1385830044746399,0.1456670016050338,895908000
2003-09-29,0.1218562722206115,0.1329170018434524,0.13816699385643,0.1308329999446869,0.1334169954061508,1944996000
2003-09-30,0.1220084950327873,0.1330830007791519,0.1375830024480819,0.1312499940395355,0.131750002503395,1020888000
2003-10-01,0.1230022385716438,0.1341670006513595,0.1357499957084655,0.1330000013113021,0.1333329975605011,877224000
2003-10-02,0.1249119266867637,0.1362500041723251,0.13816699385643,0.1329170018434524,0.1333329975605011,857628000
2003-10-03,0.1281967163085937,0.139833003282547,0.1433330029249191,0.1375830024480819,0.1400000005960464,862812000
2003-10-06,0.1272039115428924,0.1387500017881393,0.1414999961853027,0.1375830024480819,0.1400830000638961,377028000
2003-10-07,0.1283498257398605,0.1400000005960464,0.1400000005960464,0.1368329972028732,0.1387500017881393,510588000
2003-10-08,0.1238420307636261,0.1350830048322677,0.1412499994039535,0.1342500001192093,0.1400000005960464,739440000
2003-10-09,0.1255995035171508,0.1369999945163726,0.1423330008983612,0.135916993021965,0.1370829939842224,852408000
2003-10-10,0.1278153657913208,0.1394169926643371,0.140416994690895,0.1375000029802322,0.1391669958829879,413976000
2003-10-13,0.1291135549545288,0.1408330053091049,0.1437499970197677,0.1399170011281967,0.1410000026226043,434904000
2003-10-14,0.1314825564622879,0.1434170007705688,0.1438329964876175,0.1385000050067901,0.1393329948186874,623556000
2003-10-15,0.1298011243343353,0.1415829956531524,0.1477500051259994,0.1406670063734054,0.1450829952955246,703488000
2003-10-16,0.1314055323600769,0.1433330029249191,0.1438329964876175,0.1395830065011978,0.1417499929666519,446088000
2003-10-17,0.1272799968719482,0.138833001255989,0.145249992609024,0.1386670023202896,0.1424999982118606,459696000
2003-10-20,0.1301074028015136,0.1419170051813125,0.142083004117012,0.1380829960107803,0.1389169991016388,467388000
2003-10-21,0.1340797841548919,0.1462499946355819,0.1490000039339065,0.1424999982118606,0.1445000022649765,758724000
2003-10-22,0.1317878067493438,0.1437499970197677,0.1473329961299896,0.1430000066757202,0.1439999938011169,620952000
2003-10-23,0.1311763375997543,0.1430830061435699,0.1458330005407333,0.141416996717453,0.1416669934988021,451524000
2003-10-24,0.1307179629802703,0.1425829976797104,0.1438329964876175,0.1403329968452453,0.1416669934988021,447084000
2003-10-27,0.1314055323600769,0.1433330029249191,0.1449999958276748,0.1423330008983612,0.1433330029249191,254460000
2003-10-28,0.1396566033363342,0.1523330062627792,0.1531669944524765,0.1445830017328262,0.145249992609024,956064000
2003-10-29,0.1396566033363342,0.1523330062627792,0.1541669964790344,0.1477500051259994,0.1478330045938491,494004000
2003-10-30,0.137059286236763,0.1494999974966049,0.1563329994678497,0.1492500007152557,0.15625,581256000
2003-10-31,0.1350727081298828,0.1473329961299896,0.1520829945802688,0.1449999958276748,0.1508329957723617,598152000
2003-11-03,0.1375937908887863,0.1500830054283142,0.1529169976711273,0.145916998386383,0.146583005785942,773724000
2003-11-04,0.1380522549152374,0.1505829989910125,0.1537500023841858,0.1495829969644546,0.1533329933881759,700896000
2003-11-05,0.1385876387357711,0.1511670053005218,0.1526670008897781,0.1450829952955246,0.147499993443489,882024000
2003-11-06,0.1388168334960937,0.151417002081871,0.1541669964790344,0.1486669927835464,0.1534170061349868,1175280000
2003-11-07,0.1661672294139862,0.1812500059604644,0.1838330030441284,0.1766670048236847,0.1805000007152557,4292820000
2003-11-10,0.1657088249921798,0.1807499974966049,0.1843329966068267,0.1796669960021972,0.1818329989910125,1210056000
2003-11-11,0.1615833491086959,0.1762499958276748,0.179749995470047,0.1730830073356628,0.1766670048236847,799140000
2003-11-12,0.1637221574783325,0.1785829961299896,0.1791670024394989,0.1748329997062683,0.1756670027971267,617664000
2003-11-13,0.1637991517782211,0.1786669939756393,0.1811670064926147,0.1775829941034317,0.1785829961299896,580332000
2003-11-14,0.1540959328413009,0.1680829972028732,0.1791670024394989,0.1675830036401748,0.1791670024394989,888420000
2003-11-17,0.1524915248155594,0.1663330048322677,0.1683329939842224,0.163332998752594,0.1649170070886612,599880000
2003-11-18,0.150276631116867,0.1639170050621032,0.1724999994039535,0.163332998752594,0.1704169958829879,991428000
2003-11-19,0.1544782519340515,0.168500006198883,0.1691669970750808,0.1644999980926513,0.1650830060243606,567552000
2003-11-20,0.1503527164459228,0.164000004529953,0.1694999933242797,0.163332998752594,0.1658329963684082,738852000
2003-11-21,0.1509641855955124,0.1646669954061508,0.166250005364418,0.1615000069141388,0.1659999936819076,543240000
2003-11-24,0.1600550264120102,0.1745830029249191,0.1749999970197677,0.1650830060243606,0.166250005364418,940644000
2003-11-25,0.1628053486347198,0.1775829941034317,0.1790830045938491,0.173333004117012,0.1753329932689666,822804000
2003-11-26,0.162958562374115,0.1777500063180923,0.1810829937458038,0.1744170039892196,0.1805000007152557,430032000
2003-11-28,0.1621947735548019,0.1769170016050338,0.1781670004129409,0.1754170060157776,0.1776670068502426,206136000
2003-12-01,0.164486825466156,0.179416999220848,0.1807499974966049,0.1768330037593841,0.1789170056581497,526980000
2003-12-02,0.1637991517782211,0.1786669939756393,0.1823329925537109,0.1775829941034317,0.1783329993486404,574740000
2003-12-03,0.1621178090572357,0.1768330037593841,0.1850000023841858,0.1764169931411743,0.1791670024394989,710028000
2003-12-04,0.1612780541181564,0.1759169995784759,0.1805830001831054,0.1717499941587448,0.1774169951677322,521952000
2003-12-05,0.1560826152563095,0.1702499985694885,0.1766670048236847,0.1688330024480819,0.1717499941587448,559848000
2003-12-08,0.1572286188602447,0.1714999973773956,0.1732500046491623,0.1687500029802322,0.1702499985694885,340980000
2003-12-09,0.1490536630153656,0.1625829935073852,0.1728329956531524,0.1624999940395355,0.1711670011281967,598128000
2003-12-10,0.1523394137620926,0.1661670058965683,0.1670829951763153,0.1624999940395355,0.1625829935073852,568656000
2003-12-11,0.1600550264120102,0.1745830029249191,0.1766670048236847,0.1657499969005584,0.1660829931497573,694872000
2003-12-12,0.1592152863740921,0.1736669987440109,0.1780830025672912,0.1708330065011978,0.1769170016050338,700692000
2003-12-15,0.1560064852237701,0.1701669991016388,0.1790000051259994,0.1696670055389404,0.178749993443489,622752000
2003-12-16,0.1581453382968902,0.1724999994039535,0.1735830008983612,0.1661670058965683,0.1691669970750808,601728000
2003-12-17,0.1550897061824798,0.1691669970750808,0.171666994690895,0.1663330048322677,0.171083003282547,499116000
2003-12-18,0.158603698015213,0.1729999929666519,0.1747500002384185,0.1693329960107803,0.1694999933242797,436728000
2003-12-19,0.1609717607498169,0.175583004951477,0.1800000071525573,0.1736669987440109,0.1773329973220825,916956000
2003-12-22,0.1612010300159454,0.1758330017328262,0.1762499958276748,0.1712500005960464,0.1729999929666519,371184000
2003-12-23,0.1677716821432113,0.1829999983310699,0.1847500056028366,0.1750829964876175,0.1751669943332672,722760000
2003-12-24,0.1665495485067367,0.1816670000553131,0.1835000067949295,0.1811670064926147,0.1829169988632202,210852000
2003-12-26,0.173730731010437,0.1895000040531158,0.1905830055475235,0.1823329925537109,0.1830829977989196,363960000
2003-12-29,0.1810649931430816,0.197500005364418,0.1981669962406158,0.1921669989824295,0.1930830031633377,756624000
2003-12-30,0.1814473122358322,0.1979169994592666,0.2016669958829879,0.195250004529953,0.1954170018434524,550884000
2003-12-31,0.1772447079420089,0.1933329999446869,0.1987500041723251,0.1901669949293136,0.1978330016136169,497268000
2004-01-02,0.1763280183076858,0.1923329979181289,0.199083000421524,0.1923329979181289,0.1964170038700103,436416000
2004-01-05,0.1820579022169113,0.1985830068588256,0.1999170035123825,0.1934999972581863,0.195250004529953,575292000
2004-01-06,0.1894691586494445,0.2066670060157776,0.2094170004129409,0.1970829963684082,0.1979999989271164,1093344000
2004-01-07,0.1911496669054031,0.2084999978542328,0.2094999998807907,0.202916994690895,0.2043330073356628,673032000
2004-01-08,0.1918372511863708,0.2092500030994415,0.2120829969644546,0.2072499990463256,0.2110829949378967,433752000
2004-01-09,0.1945875436067581,0.2122499942779541,0.2148330062627792,0.206166997551918,0.2078330069780349,766584000
2004-01-12,0.1968034505844116,0.2146670073270797,0.2153329998254776,0.210999995470047,0.2129999995231628,541980000
2004-01-13,0.1866418123245239,0.2035830020904541,0.2156669944524765,0.201333001255989,0.2135829925537109,865800000
2004-01-14,0.1852665692567825,0.2020830065011978,0.2074999958276748,0.2001670002937317,0.204583004117012,544872000
2004-01-15,0.1855728030204773,0.2024170011281967,0.2040829956531524,0.1969999969005584,0.2005829960107803,609204000
2004-01-16,0.1883992701768875,0.2055000066757202,0.2072499990463256,0.2025830000638961,0.2045000046491623,451728000
2004-01-20,0.1936708688735962,0.2112500071525573,0.2115830034017563,0.2056670039892196,0.2080000042915344,487764000
2004-01-21,0.1847321689128875,0.2014999985694885,0.2103330045938491,0.2011670023202896,0.2094999998807907,494460000
2004-01-22,0.1804534792900085,0.196832999587059,0.2058330029249191,0.1944169998168945,0.2025830000638961,605724000
2004-01-23,0.1764049530029297,0.1924169957637787,0.199750006198883,0.19200000166893,0.1958329975605011,482472000
2004-01-26,0.1833569556474685,0.2000000029802322,0.2008329927921295,0.1921669989824295,0.1936669945716858,393684000
2004-01-27,0.1728900223970413,0.1885830014944076,0.1991669982671737,0.1870830059051513,0.1959999948740005,934104000
2004-01-28,0.1724316179752349,0.1880829930305481,0.1940000057220459,0.1870830059051513,0.1909999996423721,615204000
2004-01-29,0.1673893332481384,0.1825830042362213,0.1895830035209655,0.1762499958276748,0.1886669993400573,929700000
2004-01-30,0.1699874550104141,0.1854169964790344,0.1895830035209655,0.1810829937458038,0.1821669936180114,466464000
2004-02-02,0.1727379113435745,0.1884170025587082,0.1920830011367797,0.1850000023841858,0.1869170069694519,560844000
2004-02-03,0.1721263378858566,0.1877499967813491,0.1911669969558715,0.1852499991655349,0.1879169940948486,418032000
2004-02-04,0.1674663573503494,0.182667002081871,0.1865829974412918,0.1824170053005218,0.1850830018520355,436800000
2004-02-05,0.1699874550104141,0.1854169964790344,0.1875,0.1825000047683715,0.1836670041084289,331980000
2004-02-06,0.173883780837059,0.1896670013666153,0.1923329979181289,0.186832994222641,0.1878329962491989,471132000
2004-02-09,0.1726608425378799,0.1883330047130584,0.1941670030355453,0.1882500052452087,0.1910829991102218,373992000
2004-02-10,0.1790022552013397,0.195250004529953,0.1954170018434524,0.1888329982757568,0.1889169961214065,509700000
2004-02-11,0.1852665692567825,0.2020830065011978,0.2027499973773956,0.1970829963684082,0.1977500021457672,737808000
2004-02-12,0.1796897649765014,0.1959999948740005,0.2020830065011978,0.1929170042276382,0.2010000050067901,974892000
2004-02-13,0.1780093312263488,0.1941670030355453,0.199083000421524,0.1891669929027557,0.1908330023288726,1747500000
2004-02-17,0.1799951195716858,0.1963330060243606,0.1969169974327087,0.1922499984502792,0.1949169933795929,575976000
2004-02-18,0.1799951195716858,0.1963330060243606,0.1979169994592666,0.1949999928474426,0.1969169974327087,320244000
2004-02-19,0.1799190491437912,0.1962500065565109,0.2022500038146972,0.1958329975605011,0.1987500041723251,631032000
2004-02-20,0.184426873922348,0.2011670023202896,0.2016669958829879,0.1948329955339431,0.1959169954061508,618120000
2004-02-23,0.1780093312263488,0.1941670030355453,0.2011670023202896,0.1914999932050705,0.2008329927921295,853332000
2004-02-24,0.1709042489528656,0.1864169985055923,0.1932500004768371,0.1843329966068267,0.1908330023288726,708384000
2004-02-25,0.1718971580266952,0.1875,0.1910829991102218,0.1854999959468841,0.1875829994678497,652512000
2004-02-26,0.1730431318283081,0.1887499988079071,0.1905830055475235,0.1864169985055923,0.1902499943971634,344976000
2004-02-27,0.1699874550104141,0.1854169964790344,0.1893330067396164,0.1825830042362213,0.1891669929027557,595548000
2004-03-01,0.1725086718797683,0.188167005777359,0.1885000020265579,0.1846670061349868,0.184917002916336,506628000
2004-03-02,0.1692998856306076,0.1846670061349868,0.189750000834465,0.1839170008897781,0.1884170025587082,813348000
2004-03-03,0.16708405315876,0.1822499930858612,0.1841669976711273,0.1792500019073486,0.1841669976711273,552492000
2004-03-04,0.1707511991262436,0.1862500011920929,0.1865829974412918,0.1825830042362213,0.1840829998254776,413352000
2004-03-05,0.1695290952920913,0.184917002916336,0.1891669929027557,0.1814170032739639,0.1820829957723617,354888000
2004-03-08,0.1636460721492767,0.1784999966621399,0.1875,0.1770830005407333,0.1850000023841858,465168000
2004-03-09,0.1625001281499862,0.1772499978542328,0.1801670044660568,0.1742500066757202,0.1800000071525573,371232000
2004-03-10,0.1601320654153823,0.1746670007705688,0.1803330034017563,0.1734170019626617,0.1784169971942901,481692000
2004-03-11,0.1589090526103973,0.173333004117012,0.1784999966621399,0.1723330020904541,0.1723330020904541,526872000
2004-03-12,0.1622709035873413,0.1770000010728836,0.1791670024394989,0.1737499982118606,0.1756670027971267,377952000
2004-03-15,0.158603698015213,0.1729999929666519,0.1766670048236847,0.1719170063734054,0.1759169995784759,421224000
2004-03-16,0.1654036045074463,0.180417001247406,0.1812500059604644,0.1739999949932098,0.1751669943332672,597504000
2004-03-17,0.1694521456956863,0.1848330050706863,0.1865829974412918,0.1825830042362213,0.1833329945802688,524592000
2004-03-18,0.1713626980781555,0.1869170069694519,0.1891669929027557,0.1833329945802688,0.1838330030441284,528048000
2004-03-19,0.1693760156631469,0.1847500056028366,0.1878329962491989,0.1836670041084289,0.1859170049428939,452964000
2004-03-22,0.1680769026279449,0.1833329945802688,0.1847500056028366,0.1791670024394989,0.1819169968366623,576708000
2004-03-23,0.1687644869089126,0.1840829998254776,0.1878329962491989,0.181999996304512,0.1858330070972442,576036000
2004-03-24,0.1763280183076858,0.1923329979181289,0.1954170018434524,0.1833329945802688,0.1837500035762787,787344000
2004-03-25,0.1865656971931457,0.2035000026226043,0.2045000046491623,0.1941670030355453,0.1944999992847442,997128000
2004-03-26,0.1860312074422836,0.202916994690895,0.2060829997062683,0.2001670002937317,0.202916994690895,551604000
2004-03-29,0.1940530836582183,0.211667001247406,0.2144169956445694,0.2054170072078704,0.2058330029249191,985764000
2004-03-30,0.1998591125011444,0.2179999947547912,0.2189999967813491,0.2100829929113388,0.2102500051259994,724956000
2004-03-31,0.2016927003860473,0.2199999988079071,0.2223329991102218,0.2179169952869415,0.2190829962491989,604752000
2004-04-01,0.1981016546487808,0.2160830050706863,0.2247499972581863,0.2105830013751983,0.2202499955892563,1319508000
2004-04-02,0.2009289413690567,0.2191669940948486,0.2222499996423721,0.2141669988632202,0.2208330035209655,649740000
2004-04-05,0.2081101238727569,0.2269999980926513,0.2279170006513595,0.2179999947547912,0.2179999947547912,576744000
2004-04-06,0.1997059434652328,0.2178329974412918,0.2240830063819885,0.2166669964790344,0.2224999964237213,624096000
2004-04-07,0.1986370533704757,0.2166669964790344,0.2195830047130584,0.2128330022096634,0.2195000052452087,447864000
2004-04-08,0.2042898684740066,0.2228329926729202,0.2249999940395355,0.2198330014944076,0.2214999943971634,447096000
2004-04-12,0.2004705965518951,0.2186670005321502,0.2255830019712448,0.2173330038785934,0.2245829999446869,443784000
2004-04-13,0.1958097219467163,0.2135829925537109,0.2208330035209655,0.2125000059604644,0.2206670045852661,442704000
2004-04-14,0.1968034505844116,0.2146670073270797,0.2186670005321502,0.2100829929113388,0.2125000059604644,512016000
2004-04-15,0.1864896714687347,0.2034170031547546,0.2126670032739639,0.2025000005960464,0.2117500007152557,828084000
2004-04-16,0.1803774237632751,0.1967500001192093,0.2026669979095459,0.1963330060243606,0.2025830000638961,654864000
2004-04-19,0.1801482439041137,0.1965000033378601,0.1979169994592666,0.1930000036954879,0.1965830028057098,522804000
2004-04-20,0.1725086718797683,0.188167005777359,0.1991669982671737,0.1880829930305481,0.1969999969005584,513804000
2004-04-21,0.1727379113435745,0.1884170025587082,0.1949999928474426,0.1870000064373016,0.1889169961214065,688812000
2004-04-22,0.173730731010437,0.1895000040531158,0.192667007446289,0.1827500015497207,0.1866669952869415,695520000
2004-04-23,0.1775509417057037,0.1936669945716858,0.1969169974327087,0.1912499964237213,0.1918330043554306,443928000
2004-04-26,0.170598104596138,0.1860830038785934,0.1949169933795929,0.1855829954147339,0.1940830051898956,429912000
2004-04-27,0.1691468358039856,0.1844999939203262,0.1932500004768371,0.1838330030441284,0.1882500052452087,494568000
2004-04-28,0.1684591770172119,0.1837500035762787,0.1874170005321502,0.1823329925537109,0.1845829933881759,468768000
2004-04-29,0.1637991517782211,0.1786669939756393,0.1839170008897781,0.1762499958276748,0.182667002081871,645048000
2004-04-30,0.1567702144384384,0.1710000038146972,0.178749993443489,0.1703329980373382,0.1776670068502426,512928000
2004-05-03,0.1547835618257522,0.1688330024480819,0.1745830029249191,0.1658329963684082,0.1728329956531524,610668000
2004-05-04,0.1646389663219452,0.1795829981565475,0.1817499995231628,0.1708330065011978,0.1712500005960464,772380000
2004-05-05,0.1660141497850418,0.1810829937458038,0.182667002081871,0.1782499998807907,0.179749995470047,464280000
2004-05-06,0.1673893332481384,0.1825830042362213,0.1840000003576278,0.1754170060157776,0.1792500019073486,711348000
2004-05-07,0.1686883419752121,0.1840000003576278,0.1914169937372207,0.1829999983310699,0.1879169940948486,956772000
2004-05-10,0.1621178090572357,0.1768330037593841,0.1809999942779541,0.1729169934988021,0.1790830045938491,669072000
2004-05-11,0.166091188788414,0.1811670064926147,0.1829169988632202,0.1783329993486404,0.1790830045938491,399936000
2004-05-12,0.1637991517782211,0.1786669939756393,0.180417001247406,0.1724169999361038,0.1801670044660568,482328000
2004-05-13,0.164333701133728,0.1792500019073486,0.1825000047683715,0.1766670048236847,0.177166998386383,347952000
2004-05-14,0.164333701133728,0.1792500019073486,0.1831669956445694,0.1783329993486404,0.1800000071525573,459000000
2004-05-17,0.1617364138364792,0.1764169931411743,0.1790000051259994,0.1737499982118606,0.1766670048236847,308340000
2004-05-18,0.164333701133728,0.1792500019073486,0.1813330054283142,0.1773329973220825,0.1780000030994415,204420000
2004-05-19,0.1639513671398162,0.1788329929113388,0.1858330070972442,0.1779170036315918,0.1832499951124191,498276000
2004-05-20,0.1615833491086959,0.1762499958276748,0.1815000027418136,0.1753329932689666,0.1784999966621399,421488000
2004-05-21,0.1619656085968017,0.1766670048236847,0.1785829961299896,0.1742500066757202,0.1783329993486404,282096000
2004-05-24,0.1614302545785904,0.1760829985141754,0.1780830025672912,0.1739999949932098,0.1763329952955246,301620000
2004-05-25,0.1684591770172119,0.1837500035762787,0.1845829933881759,0.1732500046491623,0.1768330037593841,681264000
2004-05-26,0.1718971580266952,0.1875,0.1899999976158142,0.182667002081871,0.1837500035762787,524568000
2004-05-27,0.1724316179752349,0.1880829930305481,0.1934169977903366,0.1878329962491989,0.1905830055475235,556548000
2004-05-28,0.1791553795337677,0.1954170018434524,0.1965000033378601,0.1889169961214065,0.190417006611824,637980000
2004-06-01,0.1790022552013397,0.195250004529953,0.1972499936819076,0.1918330043554306,0.1920830011367797,318420000
2004-06-02,0.1776270866394043,0.1937499940395355,0.2009170055389404,0.193582996726036,0.2000000029802322,643800000
2004-06-03,0.1690707206726074,0.1844169944524765,0.194250002503395,0.1838330030441284,0.1938329935073852,700824000
2004-06-04,0.1673893332481384,0.1825830042362213,0.1885830014944076,0.1824170053005218,0.188167005777359,649608000
2004-06-07,0.1714387089014053,0.1870000064373016,0.189082995057106,0.1832499951124191,0.1855829954147339,571956000
2004-06-08,0.1683831661939621,0.1836670041084289,0.1862500011920929,0.1809169948101043,0.1859170049428939,615000000
2004-06-09,0.1605134159326553,0.1750829964876175,0.1850000023841858,0.1745000034570694,0.1847500056028366,498336000
2004-06-10,0.1589090526103973,0.173333004117012,0.1782499998807907,0.1717499941587448,0.1779170036315918,564516000
2004-06-14,0.1539437919855117,0.1679169982671737,0.1724169999361038,0.1665830016136169,0.1724169999361038,424752000
2004-06-15,0.1562357097864151,0.1704169958829879,0.1729999929666519,0.1688330024480819,0.170750007033348,394584000
2004-06-16,0.1537906676530838,0.1677500009536743,0.1710000038146972,0.1670829951763153,0.1699170023202896,252576000
2004-06-17,0.1507349759340286,0.1644169986248016,0.170750007033348,0.1635829955339431,0.1666669994592666,482376000
2004-06-18,0.1509641855955124,0.1646669954061508,0.1692499965429306,0.1624999940395355,0.1653330028057098,534336000
2004-06-21,0.1482899039983749,0.1617500036954879,0.1675000041723251,0.1606670022010803,0.1649170070886612,266568000
2004-06-22,0.1524915248155594,0.1663330048322677,0.1670829951763153,0.1615830063819885,0.1626670062541961,430308000
2004-06-23,0.1550897061824798,0.1691669970750808,0.1698330044746399,0.1654170006513595,0.1658329963684082,264660000
2004-06-24,0.1537145376205444,0.1676670014858245,0.1742500066757202,0.1664170026779174,0.1736669987440109,590652000
2004-06-25,0.1547074168920517,0.1687500029802322,0.170750007033348,0.1668329983949661,0.1688330024480819,329124000
2004-06-28,0.1534083485603332,0.1673330068588256,0.1717499941587448,0.1666669994592666,0.1711670011281967,299376000
2004-06-29,0.1586798876523971,0.1730830073356628,0.173333004117012,0.1676670014858245,0.1683329939842224,363852000
2004-06-30,0.156387910246849,0.1705829948186874,0.1732500046491623,0.168500006198883,0.168500006198883,329268000
2004-07-01,0.1492068171501159,0.1627500057220459,0.1727499961853027,0.1624999940395355,0.1724999994039535,505620000
2004-07-02,0.1471439152956009,0.1605000048875808,0.1645829975605011,0.1592500060796737,0.1644999980926513,294948000
2004-07-06,0.1385106146335601,0.1510829925537109,0.1602499932050705,0.1493330001831054,0.1585830003023147,575388000
2004-07-07,0.1391981989145279,0.1518329977989196,0.1561670005321502,0.1510829925537109,0.152999997138977,344136000
2004-07-08,0.1349205076694488,0.1471669971942901,0.1529169976711273,0.1469170004129409,0.1504170000553131,430056000
2004-07-09,0.1291135549545288,0.1408330053091049,0.1471669971942901,0.1380829960107803,0.1469999998807907,1114500000
2004-07-12,0.1261340081691742,0.1375830024480819,0.1408330053091049,0.1357499957084655,0.1369169950485229,676044000
2004-07-13,0.1259048283100128,0.1373330056667328,0.1416669934988021,0.1358329951763153,0.1392499953508377,567108000
2004-07-14,0.1203279793262481,0.1312499940395355,0.1361670047044754,0.1285829991102218,0.1324999928474426,901608000
2004-07-15,0.119487315416336,0.1303330063819885,0.1340000033378601,0.12950000166893,0.1325830072164535,611352000
2004-07-16,0.1159732863306999,0.1264999955892563,0.1344999969005584,0.1264999955892563,0.134332999587059,464700000
2004-07-19,0.1172723695635795,0.127917006611824,0.1293330043554306,0.1250829994678497,0.1268330067396164,461088000
2004-07-20,0.119640402495861,0.1305000036954879,0.1309999972581863,0.126582995057106,0.1278329938650131,341544000
2004-07-21,0.1123822331428527,0.1225830018520355,0.1326670050621032,0.1221669986844062,0.1324999928474426,613416000
2004-07-22,0.1147511824965477,0.1251669973134994,0.1258330047130584,0.1199999973177909,0.123999997973442,521460000
2004-07-23,0.1116946414113044,0.1218329966068267,0.1261669993400573,0.1209999993443489,0.1260000020265579,371496000
2004-07-26,0.1085628941655159,0.1184170022606849,0.124499998986721,0.1172500029206276,0.1234169974923133,503208000
2004-07-27,0.1121530160307884,0.1223329976201057,0.1226669996976852,0.1153329983353614,0.1190000027418136,789888000
2004-07-28,0.1093266084790229,0.1192499995231628,0.1225000023841857,0.1158329993486404,0.1220830008387565,505116000
2004-07-29,0.1165077462792396,0.1270830035209655,0.130167007446289,0.1203330010175705,0.1209169998764991,747360000
2004-07-30,0.1178068146109581,0.1284999996423721,0.1308329999446869,0.1252499967813491,0.1254999935626983,403956000
2004-08-02,0.1193351224064827,0.130167007446289,0.1306670010089874,0.1264169961214065,0.1285829991102218,420984000
2004-08-03,0.113146848976612,0.1234169974923133,0.1308329999446869,0.122417002916336,0.1307500004768371,741540000
2004-08-04,0.1143688932061195,0.1247500032186508,0.1259170025587082,0.1219170019030571,0.1220830008387565,507816000
2004-08-05,0.1112362593412399,0.1213330030441284,0.1266669929027557,0.1191670000553131,0.1260830014944076,859920000
2004-08-06,0.07204370200634,0.0785830020904541,0.0850000008940696,0.0775000005960464,0.0842500030994415,5088948000
2004-08-09,0.0752524510025978,0.0820830017328262,0.083916999399662,0.0792500004172325,0.0805829986929893,1579212000
2004-08-10,0.0812115520238876,0.0885830000042915,0.08941700309515,0.0852499976754188,0.086667001247406,2051916000
2004-08-11,0.0788435116410255,0.0860000029206276,0.0874169990420341,0.0854170024394989,0.0874169990420341,963816000
2004-08-12,0.0770099386572837,0.0839999988675117,0.0864999964833259,0.0838330015540123,0.0862499997019767,654384000
2004-08-13,0.0802186876535415,0.0874999985098838,0.0880829989910125,0.0852499976754188,0.0860000029206276,815700000
2004-08-16,0.0794550031423568,0.086667001247406,0.0888329967856407,0.0860000029206276,0.0864999964833259,531732000
2004-08-17,0.0838097184896469,0.0914169996976852,0.0919170007109642,0.0877500027418136,0.0885830000042915,744912000
2004-08-18,0.0893865302205085,0.0974999964237213,0.0974999964237213,0.0910829976201057,0.0918330028653144,872424000
2004-08-19,0.089081235229969,0.0971670001745224,0.0986670032143592,0.0956669971346855,0.0969170033931732,724404000
2004-08-20,0.0943527445197105,0.1029170006513595,0.1043329983949661,0.0963329970836639,0.0966669991612434,1199040000
2004-08-23,0.0964155197143554,0.1051670014858245,0.1062500029802322,0.1040000021457672,0.1045830026268959,800028000
2004-08-24,0.0928244218230247,0.1012500002980232,0.1071669980883598,0.0992500036954879,0.1066669970750808,939420000
2004-08-25,0.096796914935112,0.1055829972028732,0.1063330024480819,0.1015829965472221,0.1035000011324882,721308000
2004-08-26,0.0970260947942733,0.105833001434803,0.1064999997615814,0.1045830026268959,0.1054169982671737,612720000
2004-08-27,0.0988596379756927,0.1078329980373382,0.1093330010771751,0.105833001434803,0.1059169992804527,565128000
2004-08-30,0.0955748334527015,0.1042499989271164,0.1080000028014183,0.1041669994592666,0.1074170023202896,628056000
2004-08-31,0.0951925218105316,0.1038329973816871,0.1051670014858245,0.1005830019712448,0.1046670004725456,587064000
2004-09-01,0.0970260947942733,0.105833001434803,0.1073329970240593,0.1011670008301734,0.1024999991059303,591744000
2004-09-02,0.1009994000196456,0.110166996717453,0.1110000014305114,0.105333000421524,0.1063330024480819,770088000
2004-09-03,0.0979428514838218,0.1068330034613609,0.1089999973773956,0.1059169992804527,0.1068330034613609,715056000
2004-09-07,0.0961093008518219,0.104832999408245,0.1097500026226043,0.1034170016646385,0.1075000017881393,727332000
2004-09-08,0.0941235646605491,0.1026669964194297,0.105833001434803,0.1024169996380806,0.1049169972538948,834984000
2004-09-09,0.1035205945372581,0.1129169985651969,0.1147499978542327,0.1046670004725456,0.1051670014858245,1299324000
2004-09-10,0.1074930354952812,0.1172500029206276,0.1178330034017562,0.1106669977307319,0.1110000014305114,1039344000
2004-09-13,0.1095557808876037,0.119499996304512,0.1218329966068267,0.116916999220848,0.1170829981565475,967752000
2004-09-14,0.1100141704082489,0.1199999973177909,0.1208330020308494,0.1174999997019767,0.1184170022606849,683556000
2004-09-15,0.1039019599556922,0.1133330017328262,0.1166670024394989,0.1118329986929893,0.1163330003619194,1163904000
2004-09-16,0.1077983081340789,0.1175829991698265,0.1187499985098838,0.1148329973220825,0.1152499988675117,810024000
2004-09-17,0.1122300401329994,0.122417002916336,0.1230830028653144,0.1174999997019767,0.1185000017285347,1003800000
2004-09-20,0.1120769456028938,0.122249998152256,0.1257500052452087,0.1185000017285347,0.1199999973177909,794628000
2004-09-21,0.1150565072894096,0.1254999935626983,0.1264999955892563,0.1234999969601631,0.125,503904000
2004-09-22,0.1097088903188705,0.119667001068592,0.1251669973134994,0.1190830022096633,0.1221669986844062,625920000
2004-09-23,0.1107017546892166,0.1207500025629997,0.1214170008897781,0.1175829991698265,0.1210829988121986,578664000
2004-09-24,0.107339933514595,0.1170829981565475,0.1214170008897781,0.1153329983353614,0.1212500035762786,476316000
2004-09-27,0.1054302528500557,0.1150000020861625,0.1174999997019767,0.1129169985651969,0.1161670014262199,406020000
2004-09-28,0.1069585084915161,0.1166670024394989,0.1176669970154762,0.1131670027971267,0.1147499978542327,474840000
2004-09-29,0.1095557808876037,0.119499996304512,0.1228329986333847,0.1150830015540123,0.1165829971432685,537228000
2004-09-30,0.1109309569001197,0.1209999993443489,0.1237500011920929,0.1185830011963844,0.1208330020308494,619680000
2004-10-01,0.1155149042606353,0.1260000020265579,0.1266669929027557,0.1209999993443489,0.1215829998254776,590412000
2004-10-04,0.1187997162342071,0.1295830011367797,0.1312499940395355,0.1268330067396164,0.1270830035209655,673932000
2004-10-05,0.1161263659596443,0.1266669929027557,0.1297499984502792,0.1254999935626983,0.1264169961214065,633180000
2004-10-06,0.116584800183773,0.1271670013666153,0.1277499943971634,0.1234999969601631,0.1264169961214065,498504000
2004-10-07,0.1172723695635795,0.127917006611824,0.1324169933795929,0.127250000834465,0.12950000166893,798072000
2004-10-08,0.1108548864722251,0.1209169998764991,0.1270830035209655,0.1198330000042915,0.126582995057106,693420000
2004-10-11,0.1110070645809173,0.1210829988121986,0.1234999969601631,0.1189170032739639,0.1210829988121986,373848000
2004-10-12,0.1094026863574981,0.1193329989910125,0.1202500015497207,0.1150830015540123,0.1169999986886978,827232000
2004-10-13,0.1087150946259498,0.1185830011963844,0.124499998986721,0.1175829991698265,0.1229169964790344,672816000
2004-10-14,0.1054302528500557,0.1150000020861625,0.119667001068592,0.1141669973731041,0.119667001068592,513264000
2004-10-15,0.1025268137454986,0.1118329986929893,0.1154170036315918,0.1089999973773956,0.1152499988675117,1280484000
2004-10-18,0.1043603643774986,0.1138330027461052,0.1150000020861625,0.1102500036358833,0.1111669987440109,573972000
2004-10-19,0.1036727651953697,0.1130829975008964,0.1175829991698265,0.1122500002384185,0.1164169982075691,618480000
2004-10-20,0.1048957630991935,0.1144170016050338,0.1149170026183128,0.1120830029249191,0.1127500012516975,540204000
2004-10-21,0.107263833284378,0.1169999986886978,0.1185000017285347,0.114666998386383,0.1155830025672912,1013964000
2004-10-22,0.1014578118920326,0.1106669977307319,0.1183329969644546,0.110333003103733,0.1180830001831054,686460000
2004-10-25,0.1019162088632583,0.1111669987440109,0.1135829985141754,0.1094999983906745,0.1097500026226043,529164000
2004-10-26,0.1107017546892166,0.1207500025629997,0.126582995057106,0.1180830001831054,0.1220830008387565,2455776000
2004-10-27,0.1137574389576911,0.1240829974412918,0.1263329982757568,0.1185830011963844,0.1185830011963844,1074036000
2004-10-28,0.1125353574752807,0.1227499991655349,0.125,0.1215829998254776,0.122417002916336,561552000
2004-10-29,0.110548660159111,0.1205829977989196,0.1232500001788139,0.119499996304512,0.1215829998254776,742860000
2004-11-01,0.1129176244139671,0.1231670007109642,0.1232500001788139,0.12066700309515,0.122249998152256,653892000
2004-11-02,0.1145220026373863,0.1249170005321502,0.1274999976158142,0.1218329966068267,0.1228329986333847,1095756000
2004-11-03,0.1155909746885299,0.1260830014944076,0.1304170042276382,0.1254169940948486,0.1299999952316284,910356000
2004-11-04,0.1177307441830635,0.1284170001745224,0.1299999952316284,0.1243330016732215,0.1270000040531158,995544000
2004-11-05,0.1347672939300537,0.1469999998807907,0.1564169973134994,0.1453330069780349,0.1483329981565475,3849012000
2004-11-08,0.1362186223268509,0.1485829949378967,0.1505829989910125,0.1447499990463256,0.1454170048236847,718620000
2004-11-09,0.1353788822889328,0.1476670056581497,0.1498329937458038,0.1462499946355819,0.1463329941034317,615936000
2004-11-10,0.1353788822889328,0.1476670056581497,0.1490830034017563,0.1468330025672912,0.147499993443489,645912000
2004-11-11,0.1380522549152374,0.1505829989910125,0.1505829989910125,0.1475829929113388,0.1485829949378967,507000000
2004-11-12,0.1382813602685928,0.1508329957723617,0.1533329933881759,0.1493330001831054,0.1529169976711273,647076000
2004-11-15,0.1403441876173019,0.1530829966068267,0.1541669964790344,0.1484169960021972,0.1493330001831054,536472000
2004-11-16,0.1398857533931732,0.1525830030441284,0.155249997973442,0.1497499942779541,0.1535830050706863,472728000
2004-11-17,0.1422547996044159,0.1551669985055923,0.1592500060796737,0.1535000056028366,0.1550000011920929,602772000
2004-11-18,0.1440883427858352,0.1571670025587082,0.158500000834465,0.1532499939203262,0.1564999967813491,532524000
2004-11-19,0.1448520720005035,0.1580000072717666,0.171083003282547,0.1567499935626983,0.1691669970750808,2126052000
2004-11-22,0.1489775478839874,0.1624999940395355,0.1624999940395355,0.1570830047130584,0.1585830003023147,733788000
2004-11-23,0.1495890021324157,0.1631669998168945,0.1649170070886612,0.1598329991102218,0.1611669957637787,676896000
2004-11-24,0.1501996368169784,0.1638330072164535,0.1665000021457672,0.1625829935073852,0.163000002503395,428580000
2004-11-26,0.1517278850078582,0.1655000001192093,0.1669999957084655,0.1631669998168945,0.1645829975605011,350760000
2004-11-29,0.1487483382225036,0.1622499972581863,0.1679169982671737,0.1608330011367797,0.1667499989271164,704388000
2004-11-30,0.1461511701345443,0.1594170033931732,0.1630830019712448,0.158500000834465,0.1629170030355453,576540000
2004-12-01,0.1498181819915771,0.1634169965982437,0.1634169965982437,0.1596670001745224,0.1608330011367797,514572000
2004-12-02,0.1518039107322693,0.165582999587059,0.1668329983949661,0.1605830043554306,0.1618330031633377,758652000
2004-12-03,0.158374547958374,0.1727499961853027,0.1749999970197677,0.1689999997615814,0.1695829927921295,1347312000
2004-12-06,0.1659380495548248,0.1809999942779541,0.1824170053005218,0.1704999953508377,0.1735830008983612,970500000
2004-12-07,0.1742652058601379,0.1900829970836639,0.2080000042915344,0.1878329962491989,0.1915829926729202,2927052000
2004-12-08,0.1763280183076858,0.1923329979181289,0.1958329975605011,0.1908330023288726,0.1927500069141388,872724000
2004-12-09,0.1747235655784607,0.1905830055475235,0.1925829946994781,0.1852499991655349,0.1889169961214065,869964000
2004-12-10,0.178085446357727,0.194250002503395,0.1963330060243606,0.1930830031633377,0.1949999928474426,652848000
2004-12-13,0.1731961965560913,0.1889169961214065,0.1938329935073852,0.1879999935626983,0.191332995891571,738024000
2004-12-14,0.1767102628946304,0.1927500069141388,0.1929170042276382,0.1887499988079071,0.189082995057106,512988000
2004-12-15,0.1783146411180496,0.1944999992847442,0.1950830072164535,0.1916670054197311,0.1946669965982437,432768000
2004-12-16,0.1806826889514923,0.1970829963684082,0.2071669995784759,0.1967500001192093,0.2001670002937317,1524036000
2004-12-17,0.1761757284402847,0.1921669989824295,0.2015829980373382,0.1899169981479644,0.2007499933242797,1214244000
2004-12-20,0.1742652058601379,0.1900829970836639,0.1974170058965683,0.189082995057106,0.1944169998168945,898728000
2004-12-21,0.1755642294883728,0.1914999932050705,0.1928330063819885,0.1854169964790344,0.1900829970836639,899400000
2004-12-22,0.1757935285568237,0.1917500048875808,0.1962500065565109,0.191332995891571,0.1953330039978027,421824000
2004-12-23,0.1762518584728241,0.1922499984502792,0.1944169998168945,0.189750000834465,0.1906670033931732,366972000
2004-12-27,0.1747235655784607,0.1905830055475235,0.1957499980926513,0.1895830035209655,0.1949169933795929,308208000
2004-12-28,0.1738068461418151,0.1895830035209655,0.1924999952316284,0.1888329982757568,0.1909999996423721,291612000
2004-12-29,0.1753350496292114,0.1912499964237213,0.193582996726036,0.1885000020265579,0.1889999955892563,294732000
2004-12-30,0.1746474802494049,0.1905000060796737,0.1929170042276382,0.1896670013666153,0.191332995891571,259812000
2004-12-31,0.1799951195716858,0.1963330060243606,0.1973329931497573,0.1924999952316284,0.1932500004768371,575964000
2005-01-03,0.1801482439041137,0.1965000033378601,0.2060000002384185,0.1956669986248016,0.2031670063734054,1066716000
2005-01-04,0.1716679334640503,0.1872500032186508,0.1982499957084655,0.184249997138977,0.1979169994592666,790224000
2005-01-05,0.1732723265886306,0.1889999955892563,0.1912499964237213,0.184249997138977,0.1852499991655349,724812000
2005-01-06,0.1715918779373169,0.1871670037508011,0.194582998752594,0.1858330070972442,0.1923329979181289,563568000
2005-01-07,0.1683061271905899,0.1835830062627792,0.1889999955892563,0.1808329969644546,0.1875829994678497,763092000
2005-01-10,0.1686883419752121,0.1840000003576278,0.1858330070972442,0.1829169988632202,0.1841669976711273,579552000
2005-01-11,0.1634929925203323,0.1783329993486404,0.1832499951124191,0.175583004951477,0.1822499930858612,1093380000
2005-01-12,0.1621178090572357,0.1768330037593841,0.1805830001831054,0.1724999994039535,0.1799169927835464,1057800000
2005-01-13,0.1637991517782211,0.1786669939756393,0.1833329945802688,0.173333004117012,0.1772499978542328,898764000
2005-01-14,0.164333701133728,0.1792500019073486,0.1824170053005218,0.1774999946355819,0.181999996304512,573912000
2005-01-18,0.1669308841228485,0.1820829957723617,0.1825000047683715,0.1768330037593841,0.1772499978542328,464556000
2005-01-19,0.1631115972995758,0.1779170036315918,0.1833329945802688,0.177166998386383,0.1829169988632202,336492000
2005-01-20,0.1634929925203323,0.1783329993486404,0.182667002081871,0.1743330061435699,0.1743330061435699,640080000
2005-01-21,0.1637991517782211,0.1786669939756393,0.1821669936180114,0.1780000030994415,0.1785829961299896,596352000
2005-01-24,0.1572286188602447,0.1714999973773956,0.1802500039339065,0.1704999953508377,0.1776670068502426,463704000
2005-01-25,0.1599790155887603,0.1745000034570694,0.1769170016050338,0.1712500005960464,0.1722500026226043,439704000
2005-01-26,0.1620416790246963,0.1767500042915344,0.1791670024394989,0.1721670031547546,0.1750829964876175,429120000
2005-01-27,0.1750297993421554,0.1909170001745224,0.1917500048875808,0.1759999990463256,0.1770830005407333,1002912000
2005-01-28,0.1748005896806717,0.1906670033931732,0.1924169957637787,0.186499997973442,0.1916670054197311,671052000
2005-01-31,0.1751059591770172,0.1909999996423721,0.194582998752594,0.1883330047130584,0.1922499984502792,562968000
2005-02-01,0.1783907115459442,0.194582998752594,0.1954170018434524,0.1896670013666153,0.1908330023288726,507180000
2005-02-02,0.1883231848478317,0.2054170072078704,0.2070000022649765,0.1965000033378601,0.2022500038146972,2035404000
2005-02-03,0.1863365024328231,0.2032500058412552,0.2046670019626617,0.2004169970750808,0.2032500058412552,690120000
2005-02-04,0.1970326751470565,0.2149170041084289,0.215499997138977,0.2032500058412552,0.2033330053091049,806448000
2005-02-07,0.1946636587381363,0.2123329937458038,0.2191669940948486,0.2104170024394989,0.2151670008897781,521628000
2005-02-08,0.1965742260217666,0.2144169956445694,0.2178329974412918,0.2103330045938491,0.210999995470047,455772000
2005-02-09,0.1896983534097671,0.2069170027971267,0.2156669944524765,0.2058330029249191,0.2150000035762787,783756000
2005-02-10,0.1941291540861129,0.2117500007152557,0.2128330022096634,0.2072499990463256,0.2080000042915344,602376000
2005-02-11,0.1997829973697662,0.2179169952869415,0.2195000052452087,0.2096669971942901,0.2104170024394989,556512000
2005-02-14,0.1955804526805877,0.2133329957723617,0.2186670005321502,0.2125000059604644,0.2178329974412918,432900000
2005-02-15,0.1973379403352737,0.2152500003576278,0.2220830023288726,0.2144169956445694,0.2147500067949295,748500000
2005-02-16,0.1966503709554672,0.2144999951124191,0.2176669985055923,0.210666999220848,0.2145829945802688,466464000
2005-02-17,0.1948929131031036,0.2125830054283142,0.2175000011920929,0.2109169960021972,0.2174170017242431,1017408000
2005-02-18,0.2159789204597473,0.2355830073356628,0.235833004117012,0.222582995891571,0.2289170026779174,3132120000
2005-02-22,0.2187293022871017,0.2385829985141754,0.2440830022096634,0.23191699385643,0.2339999973773956,1420800000
2005-02-23,0.2116241455078125,0.2308329939842224,0.2376669943332672,0.2269999980926513,0.2347500026226043,1107840000
2005-02-24,0.2172019034624099,0.2369170039892196,0.2372500002384185,0.2276670038700103,0.2276670038700103,695496000
2005-02-25,0.2203336507081985,0.240333005785942,0.2415830045938491,0.2346670031547546,0.2372500002384185,525132000
2005-02-28,0.2214796394109726,0.2415830045938491,0.2416670024394989,0.2370830029249191,0.2391670048236847,758064000
2005-03-01,0.2209451645612716,0.2409999966621399,0.2466669976711273,0.2385829985141754,0.2426670044660568,737148000
2005-03-02,0.2144515514373779,0.2339169979095459,0.239666998386383,0.2325000017881393,0.2383330017328262,947460000
2005-03-03,0.2115481495857238,0.2307499945163726,0.2348330020904541,0.2273329943418502,0.2333330065011978,761292000
2005-03-04,0.2106313705444336,0.2297500073909759,0.2334170043468475,0.2278330028057098,0.2314170002937317,593124000
2005-03-07,0.2127702087163925,0.2320829927921295,0.2369170039892196,0.2291669994592666,0.2307499945163726,511176000
2005-03-08,0.2019979208707809,0.220332995057106,0.2319999933242797,0.2188329994678497,0.2314999997615814,1332384000
2005-03-09,0.1967263668775558,0.2145829945802688,0.2230000048875808,0.213917002081871,0.2189169973134994,910140000
2005-03-10,0.1966503709554672,0.2144999951124191,0.2171670049428939,0.2110829949378967,0.2152500003576278,689280000
2005-03-11,0.192219540476799,0.2096669971942901,0.2167499959468841,0.207749992609024,0.2164169996976852,732180000
2005-03-14,0.1976431757211685,0.2155829966068267,0.2164999991655349,0.2125000059604644,0.2140000015497207,572148000
2005-03-15,0.1936708688735962,0.2112500071525573,0.21875,0.2110829949378967,0.2166669964790344,378108000
2005-03-16,0.1903859376907348,0.2076669931411743,0.2137500047683715,0.2075829952955246,0.2104170024394989,535356000
2005-03-17,0.1884753406047821,0.2055830061435699,0.209083005785942,0.2050829976797104,0.2083330005407333,442584000
2005-03-18,0.1846560537815094,0.2014169991016388,0.2064169943332672,0.1976670026779174,0.2057500034570694,639012000
2005-03-21,0.1909965425729751,0.2083330005407333,0.2088329941034317,0.2000830024480819,0.201333001255989,654456000
2005-03-22,0.1875586360692978,0.204583004117012,0.2104170024394989,0.2038329988718032,0.2084999978542328,622992000
2005-03-23,0.191608041524887,0.2090000063180923,0.2104170024394989,0.203916996717453,0.2043330073356628,728784000
2005-03-24,0.1919903308153152,0.2094170004129409,0.2152500003576278,0.2092500030994415,0.2095829993486404,865356000
2005-03-28,0.1898505538702011,0.2070830017328262,0.2125000059604644,0.2050829976797104,0.2094999998807907,511188000
2005-03-29,0.1856488436460495,0.2025000005960464,0.2091670036315918,0.2015829980373382,0.206833004951477,587400000
2005-03-30,0.1856488436460495,0.2025000005960464,0.2054170072078704,0.1955830007791519,0.2025830000638961,858708000
2005-03-31,0.1815233528614044,0.1979999989271164,0.2027499973773956,0.1970829963684082,0.201333001255989,518316000
2005-04-01,0.1797659248113632,0.1960829943418502,0.2015829980373382,0.1949169933795929,0.2004169970750808,510756000
2005-04-04,0.1786969602108001,0.1949169933795929,0.1955830007791519,0.1905830055475235,0.1949999928474426,421428000
2005-04-05,0.1755642294883728,0.1914999932050705,0.199083000421524,0.1903329938650131,0.1949999928474426,430128000
2005-04-06,0.1782385110855102,0.1944169998168945,0.1983329951763153,0.1937499940395355,0.1950830072164535,567468000
2005-04-07,0.1815233528614044,0.1979999989271164,0.2000000029802322,0.1920830011367797,0.1954170018434524,506352000
2005-04-08,0.1791553795337677,0.1954170018434524,0.2032500058412552,0.1949999928474426,0.1988330036401748,621540000
2005-04-11,0.1756404340267181,0.1915829926729202,0.197500005364418,0.1909999996423721,0.196832999587059,328380000
2005-04-12,0.1777802109718322,0.1939170062541961,0.194250002503395,0.1867499947547912,0.1909999996423721,512232000
2005-04-13,0.170368880033493,0.1858330070972442,0.1946669965982437,0.1845829933881759,0.1941670030355453,498408000
2005-04-14,0.1689937114715576,0.1843329966068267,0.1879999935626983,0.1836670041084289,0.1862500011920929,352080000
2005-04-15,0.1631115972995758,0.1779170036315918,0.1833329945802688,0.1762499958276748,0.181999996304512,630156000
2005-04-18,0.1619656085968017,0.1766670048236847,0.1806669980287552,0.1758330017328262,0.1768330037593841,473100000
2005-04-19,0.1676184833049774,0.1828330010175705,0.1841669976711273,0.178749993443489,0.1795829981565475,365460000
2005-04-20,0.1625001281499862,0.1772499978542328,0.1870830059051513,0.1770830005407333,0.1859170049428939,564672000
2005-04-21,0.1715148836374282,0.1870830059051513,0.1877499967813491,0.1792500019073486,0.1808329969644546,538152000
2005-04-22,0.1699104607105255,0.1853329986333847,0.1871670037508011,0.1831669956445694,0.1859170049428939,336276000
2005-04-25,0.1725847274065017,0.1882500052452087,0.1896670013666153,0.1860000044107437,0.1869170069694519,318168000
2005-04-26,0.171821042895317,0.1874170005321502,0.1922499984502792,0.1835830062627792,0.1883330047130584,353148000
2005-04-27,0.1652504354715347,0.1802500039339065,0.1831669956445694,0.176499992609024,0.1825000047683715,609348000
2005-04-28,0.1657849550247192,0.1808329969644546,0.1832499951124191,0.1779170036315918,0.1796669960021972,372948000
2005-04-29,0.1675424575805664,0.1827500015497207,0.1840000003576278,0.1743330061435699,0.1825830042362213,478356000
2005-05-02,0.1669308841228485,0.1820829957723617,0.1870000064373016,0.1793330013751983,0.184917002916336,334908000
2005-05-03,0.1660141497850418,0.1810829937458038,0.1855829954147339,0.1803330034017563,0.1822499930858612,439512000
2005-05-04,0.1712856739759445,0.186832994222641,0.188167005777359,0.1813330054283142,0.1819169968366623,468816000
2005-05-05,0.1746474802494049,0.1905000060796737,0.1928330063819885,0.1869170069694519,0.1879169940948486,619272000
2005-05-06,0.1770156025886535,0.1930830031633377,0.1931670010089874,0.1883330047130584,0.1927500069141388,355728000
2005-05-09,0.1803013384342193,0.1966670006513595,0.1979999989271164,0.1927500069141388,0.1939170062541961,745332000
2005-05-10,0.1732723265886306,0.1889999955892563,0.194250002503395,0.186832994222641,0.1941670030355453,735120000
2005-05-11,0.170368880033493,0.1858330070972442,0.1908330023288726,0.1854999959468841,0.1899999976158142,555420000
2005-05-12,0.1741130053997039,0.1899169981479644,0.1924169957637787,0.1856669932603836,0.1858330070972442,835584000
2005-05-13,0.1935176402330398,0.2110829949378967,0.2122499942779541,0.1983329951763153,0.2070830017328262,2650320000
2005-05-16,0.1942052692174911,0.2118330001831054,0.213249996304512,0.2084999978542328,0.2085829973220825,664104000
2005-05-17,0.1963450759649276,0.2141669988632202,0.2151670008897781,0.2104170024394989,0.2105830013751983,639804000
2005-05-18,0.1977962851524353,0.2157499939203262,0.2162500023841858,0.2114170044660568,0.2136670053005218,550056000
2005-05-19,0.1974140554666519,0.2153329998254776,0.2171670049428939,0.2129170000553131,0.2162500023841858,452880000
2005-05-20,0.2009289413690567,0.2191669940948486,0.2192499935626983,0.2125830054283142,0.2150830030441284,517008000
2005-05-23,0.205589011311531,0.2242500036954879,0.226500004529953,0.2199999988079071,0.2206670045852661,703668000
2005-05-24,0.2084925025701522,0.2274170070886612,0.2282499969005584,0.2220830023288726,0.2231670022010803,522192000
2005-05-25,0.2058181464672088,0.2245000004768371,0.228082999587059,0.2223329991102218,0.2269169986248016,535272000
2005-05-26,0.2116241455078125,0.2308329939842224,0.232583001255989,0.2260829955339431,0.226500004529953,788784000
2005-05-27,0.2102489471435547,0.2293329983949661,0.2314999997615814,0.2269169986248016,0.2314999997615814,322740000
2005-05-31,0.2070402950048446,0.225832998752594,0.2302500009536743,0.2220830023288726,0.2283329963684082,763176000
2005-06-01,0.208950862288475,0.2279170006513595,0.2320829927921295,0.221667006611824,0.2243330031633377,796632000
2005-06-02,0.2167435139417648,0.2364169955253601,0.2364169955253601,0.2270829975605011,0.2270829975605011,684348000
2005-06-03,0.2162081450223922,0.235833004117012,0.2377499938011169,0.2333330065011978,0.2355830073356628,559620000
2005-06-06,0.2141453772783279,0.233583003282547,0.2361669987440109,0.2314170002937317,0.2315829992294311,512892000
2005-06-07,0.208950862288475,0.2279170006513595,0.235833004117012,0.2270829975605011,0.2319999933242797,974136000
2005-06-08,0.2074986398220062,0.2263330072164535,0.2316669970750808,0.223917007446289,0.2284999936819076,618720000
2005-06-09,0.2162081450223922,0.235833004117012,0.2359170019626617,0.2243330031633377,0.2245829999446869,619908000
2005-06-10,0.213763952255249,0.2331669926643371,0.235833004117012,0.2315829992294311,0.2355830073356628,465096000
2005-06-13,0.2185000926256179,0.2383330017328262,0.2449170053005218,0.2326669991016388,0.2333330065011978,1409916000
2005-06-14,0.205589011311531,0.2242500036954879,0.2423329949378967,0.2167499959468841,0.2384169995784759,2408412000
2005-06-15,0.2049775123596191,0.2235829979181289,0.2245829999446869,0.2147500067949295,0.2228329926729202,1669788000
2005-06-16,0.2060474157333374,0.2247499972581863,0.2262499928474426,0.2202499955892563,0.2234999984502792,489240000
2005-06-17,0.205589011311531,0.2242500036954879,0.2279170006513595,0.2236669957637787,0.2275000065565109,456348000
2005-06-20,0.2087216079235077,0.2276670038700103,0.2291669994592666,0.2205830067396164,0.2242500036954879,606060000
2005-06-21,0.2107074409723281,0.2298330068588256,0.2309170067310333,0.2269999980926513,0.2291669994592666,428172000
2005-06-22,0.2104782164096832,0.2295829951763153,0.2338330000638961,0.2267500013113021,0.2322500050067901,700668000
2005-06-23,0.213763952255249,0.2331669926643371,0.2360000014305114,0.2283329963684082,0.2291669994592666,836976000
2005-06-24,0.2069641202688217,0.2257499992847442,0.2328329980373382,0.2245000004768371,0.2327499985694885,475632000
2005-06-27,0.2052836865186691,0.223917007446289,0.2261669933795929,0.2219170033931732,0.2243330031633377,354588000
2005-06-28,0.2065818905830383,0.2253330051898956,0.2268330007791519,0.2223329991102218,0.224832996726036,262308000
2005-06-29,0.2046722322702407,0.22325000166893,0.225832998752594,0.2214169949293136,0.2254170030355453,283572000
2005-06-30,0.2041376829147339,0.2226669937372207,0.2268330007791519,0.2209170013666153,0.2247499972581863,593232000
2005-07-01,0.2050545215606689,0.2236669957637787,0.2240000069141388,0.2191669940948486,0.2219170033931732,315168000
2005-07-05,0.2082631886005401,0.2271669954061508,0.228082999587059,0.2223329991102218,0.2245000004768371,388440000
2005-07-06,0.2138400971889495,0.233250007033348,0.2342499941587448,0.2253330051898956,0.2279170006513595,703632000
2005-07-07,0.2123118340969085,0.2315829992294311,0.2333330065011978,0.2288330048322677,0.2295829951763153,465900000
2005-07-08,0.2149860709905624,0.2345000058412552,0.2352499961853027,0.2300000041723251,0.2329999953508377,408132000
2005-07-11,0.218194767832756,0.2380000054836273,0.2404170036315918,0.2355830073356628,0.2365829944610595,399492000
2005-07-12,0.2169727683067321,0.2366670072078704,0.2384999990463256,0.2318329960107803,0.2378329932689666,564252000
2005-07-13,0.2172779887914657,0.2370000034570694,0.2383330017328262,0.2329999953508377,0.2376669943332672,594780000
2005-07-14,0.2076518088579177,0.226500004529953,0.2441670000553131,0.2261669933795929,0.2395000010728836,1871496000
2005-07-15,0.2054358869791031,0.2240830063819885,0.226500004529953,0.2201669961214065,0.225832998752594,1223352000
2005-07-18,0.2003175169229507,0.2185000032186508,0.2234999984502792,0.2162500023841858,0.2234169989824295,1044900000
2005-07-19,0.2030678540468216,0.2214999943971634,0.2220000028610229,0.2181670069694519,0.2198330014944076,517896000
2005-07-20,0.2061234563589096,0.224832996726036,0.2257499992847442,0.2159170061349868,0.2189169973134994,526500000
2005-07-21,0.2026093304157257,0.221000000834465,0.2229170054197311,0.2164169996976852,0.2219170033931732,594528000
2005-07-22,0.1973379403352737,0.2152500003576278,0.2252500057220459,0.2136670053005218,0.2220830023288726,699264000
2005-07-25,0.1984839439392089,0.2164999991655349,0.2231670022010803,0.2118330001831054,0.2127500027418136,974952000
2005-07-26,0.2026093304157257,0.221000000834465,0.2213329970836639,0.2147500067949295,0.2155829966068267,759492000
2005-07-27,0.2067349851131439,0.225500002503395,0.226500004529953,0.2175830006599426,0.2213329970836639,807828000
2005-07-28,0.2083393782377243,0.2272499948740005,0.2283329963684082,0.2220000028610229,0.2250829935073852,411240000
2005-07-29,0.2067349851131439,0.225500002503395,0.228750005364418,0.2236669957637787,0.2263330072164535,351660000
2005-08-01,0.2098676711320877,0.2289170026779174,0.2299170047044754,0.2253330051898956,0.2268330007791519,389040000
2005-08-02,0.2126940786838531,0.2319999933242797,0.2327499985694885,0.2288330048322677,0.2291669994592666,422652000
2005-08-03,0.2126940786838531,0.2319999933242797,0.234166994690895,0.2299170047044754,0.2319999933242797,518256000
2005-08-04,0.2104782164096832,0.2295829951763153,0.2312500029802322,0.2290830016136169,0.2302500009536743,356424000
2005-08-05,0.2158267050981521,0.2354169934988021,0.2359170019626617,0.2276670038700103,0.2292499989271164,684096000
2005-08-08,0.2165904492139816,0.2362499982118606,0.2414170056581497,0.2345830053091049,0.2370000034570694,725544000
2005-08-09,0.2160558998584747,0.2356670051813125,0.2371670007705688,0.2330829948186874,0.2365829944610595,291900000
2005-08-10,0.2128471881151199,0.2321670055389404,0.2378329932689666,0.2297500073909759,0.2366670072078704,440556000
2005-08-11,0.2158267050981521,0.2354169934988021,0.235833004117012,0.2299170047044754,0.2321670055389404,701556000
2005-08-12,0.228813886642456,0.2495830059051513,0.2517499923706054,0.2407499998807907,0.2492499947547912,2295420000
2005-08-15,0.2346208244562149,0.2559170126914978,0.2585000097751617,0.2472500056028366,0.2504169940948486,882804000
2005-08-16,0.2306474894285202,0.2515830099582672,0.2557500004768371,0.2497500032186508,0.2535000145435333,637488000
2005-08-17,0.2306474894285202,0.2515830099582672,0.2546670138835907,0.2503330111503601,0.2504999935626983,607572000
2005-08-18,0.2246884107589721,0.2450830042362213,0.250916987657547,0.2440000027418136,0.2496670037508011,822732000
2005-08-19,0.223083958029747,0.2433329969644546,0.2462500035762787,0.2425830066204071,0.2454999983310699,422232000
2005-08-22,0.2212504148483276,0.2413329929113388,0.2468329966068267,0.2384999990463256,0.242917001247406,547224000
2005-08-23,0.2227025926113128,0.242917001247406,0.2441670000553131,0.2402500063180923,0.2410829961299896,254460000
2005-08-24,0.2228547930717468,0.2430830001831054,0.2482499927282333,0.2401670068502426,0.2413329929113388,514620000
2005-08-25,0.2243830412626266,0.2447499930858612,0.2460830062627792,0.2420829981565475,0.2441670000553131,296484000
2005-08-26,0.2209451645612716,0.2409999966621399,0.2450000047683715,0.2386669963598251,0.2450000047683715,323436000
2005-08-29,0.2213274240493774,0.2414170056581497,0.2416670024394989,0.2368330061435699,0.2387499958276748,343392000
2005-08-30,0.2292723208665847,0.2500829994678497,0.250667005777359,0.2406670004129409,0.2409999966621399,948852000
2005-08-31,0.2343916147947311,0.2556670010089874,0.2588329911231994,0.2487500011920929,0.2495000064373016,906804000
2005-09-01,0.2344677448272705,0.2557500004768371,0.2580829858779907,0.253583014011383,0.2549169957637787,556884000
2005-09-02,0.2306474894285202,0.2515830099582672,0.2562499940395355,0.2507500052452087,0.2562499940395355,469800000
2005-09-06,0.2325580865144729,0.2536669969558716,0.2549999952316284,0.2486670017242431,0.2524999976158142,423096000
2005-09-07,0.2399684190750122,0.2617500126361847,0.2624169886112213,0.2526670098304748,0.2533330023288727,588012000
2005-09-08,0.2427948713302612,0.264833003282547,0.2680830061435699,0.2601670026779175,0.2601670026779175,646116000
2005-09-09,0.245927557349205,0.2682499885559082,0.2688330113887787,0.2633329927921295,0.2676669955253601,454236000
2005-09-12,0.2450868189334869,0.2673330008983612,0.269333004951477,0.2641670107841491,0.2685000002384186,556584000
2005-09-13,0.2524981200695038,0.2754170000553131,0.2767499983310699,0.2660830020904541,0.2660830020904541,854724000
2005-09-14,0.2494416683912277,0.2720830142498016,0.2770000100135803,0.2708329856395721,0.2733330130577087,503448000
2005-09-15,0.2538732886314392,0.2769170105457306,0.2800000011920929,0.2745830118656158,0.2762500047683716,759756000
2005-09-16,0.2540254294872284,0.27708300948143,0.2807500064373016,0.2748329937458038,0.2792499959468841,519828000
2005-09-19,0.2504353821277618,0.2731670141220093,0.2776669859886169,0.2716670036315918,0.2767499983310699,428316000
2005-09-20,0.255324512720108,0.2784999907016754,0.2815830111503601,0.2749170064926147,0.2752499878406524,522192000
2005-09-21,0.2531087696552276,0.2760829925537109,0.2829169929027557,0.2736670076847076,0.2774170041084289,625656000
2005-09-22,0.2463099956512451,0.2686670124530792,0.2767499983310699,0.2637499868869781,0.2767499983310699,739152000
2005-09-23,0.2498999983072281,0.2725830078125,0.2749170064926147,0.2658329904079437,0.2680830061435699,314640000
2005-09-26,0.2519627511501312,0.2748329937458038,0.2767499983310699,0.2697499990463257,0.2746669948101043,406776000
2005-09-27,0.2528033256530761,0.2757500112056732,0.2784169912338257,0.2736670076847076,0.2759999930858612,404160000
2005-09-28,0.2543316781520843,0.2774170041084289,0.2781670093536377,0.2734169960021972,0.2765829861164093,353556000
2005-09-29,0.2596032321453094,0.2831670045852661,0.2833330035209656,0.2752499878406524,0.2775000035762787,513372000
2005-09-30,0.2618951797485351,0.2856670022010803,0.2882499992847442,0.2827500104904175,0.2833330035209656,458832000
2005-10-03,0.2690763175487518,0.293500006198883,0.2955830097198486,0.286666989326477,0.289000004529953,549888000
2005-10-04,0.265562355518341,0.289667010307312,0.2995829880237579,0.289000004529953,0.2947500050067901,514476000
2005-10-05,0.256775826215744,0.2800830006599426,0.2899999916553497,0.2783330082893371,0.2899999916553497,599184000
2005-10-06,0.2558590173721313,0.2790830135345459,0.2840830087661743,0.2706669867038727,0.2797499895095825,685512000
2005-10-07,0.2525742352008819,0.2754999995231628,0.2824169993400574,0.2733330130577087,0.2795830070972442,551952000
2005-10-10,0.2461567372083664,0.2685000002384186,0.2774170041084289,0.2684170007705688,0.2769170105457306,459216000
2005-10-11,0.24310103058815,0.2651669979095459,0.2718330025672912,0.2620829939842224,0.2694999873638153,540048000
2005-10-12,0.2460035681724548,0.2683329880237579,0.2724170088768005,0.2640829980373382,0.2644169926643371,657660000
2005-10-13,0.2447054982185363,0.2669169902801513,0.2681669890880584,0.2566669881343841,0.2677499949932098,509304000
2005-10-14,0.2447054982185363,0.2669169902801513,0.2721669971942901,0.262499988079071,0.2688330113887787,311256000
2005-10-17,0.2470734715461731,0.2694999873638153,0.2721669971942901,0.2670829892158508,0.2670829892158508,243912000
2005-10-18,0.2430240213871002,0.265082985162735,0.2709999978542328,0.2633329927921295,0.2705000042915344,299832000
2005-10-19,0.2409613132476806,0.2628329992294311,0.2632499933242798,0.2542499899864197,0.2616670131683349,635952000
2005-10-20,0.2426426708698272,0.2646670043468475,0.2701669931411743,0.2620829939842224,0.2632499933242798,359520000
2005-10-21,0.2440178841352462,0.266167014837265,0.270000010728836,0.2643330097198486,0.2691670060157776,298368000
2005-10-24,0.2506645619869232,0.2734169960021972,0.2734169960021972,0.2660830020904541,0.2685000002384186,291012000
2005-10-25,0.25226891040802,0.2751669883728027,0.2759999930858612,0.2704170048236847,0.2715829908847809,334680000
2005-10-26,0.2453930824995041,0.2676669955253601,0.2758330106735229,0.2672500014305115,0.2752499878406524,415344000
2005-10-27,0.2402736246585846,0.2620829939842224,0.2689999938011169,0.2612499892711639,0.2681669890880584,227784000
2005-10-28,0.2476850003004074,0.2701669931411743,0.2706669867038727,0.2562499940395355,0.2627499997615814,464640000
2005-10-31,0.2563174366950989,0.2795830070972442,0.2815000116825104,0.2712500095367431,0.2712500095367431,432420000
2005-11-01,0.2531856596469879,0.2761670053005218,0.2816669940948486,0.2739999890327453,0.2795830070972442,400488000
2005-11-02,0.2678543031215668,0.2921670079231262,0.2924999892711639,0.2750000059604645,0.2762500047683716,523668000
2005-11-03,0.2647216022014618,0.2887499928474426,0.2958329916000366,0.286417007446289,0.294167011976242,465072000
2005-11-04,0.2602138221263885,0.2838329970836639,0.2895829975605011,0.2808330059051513,0.2889170050621032,570276000
2005-11-07,0.2590677440166473,0.2825829982757568,0.2863329946994781,0.2814170122146606,0.2853330075740814,370824000
2005-11-08,0.2542546093463897,0.277332991361618,0.2839170098304748,0.2760829925537109,0.2836669981479645,538968000
2005-11-09,0.2657145857810974,0.2898330092430115,0.2916670143604278,0.2747499942779541,0.2779169976711273,818880000
2005-11-10,0.2558590173721313,0.2790830135345459,0.3064169883728027,0.2736670076847076,0.2999170124530792,2503620000
2005-11-11,0.2600615322589874,0.2836669981479645,0.2870000004768371,0.2802500128746032,0.2815000116825104,545928000
2005-11-14,0.265562355518341,0.289667010307312,0.2916670143604278,0.2794170081615448,0.2837499976158142,493668000
2005-11-15,0.266172856092453,0.2903330028057098,0.294167011976242,0.2894169986248016,0.2914170026779175,496200000
2005-11-16,0.2652561664581299,0.2893329858779907,0.2922500073909759,0.2836669981479645,0.2906669974327087,455280000
2005-11-17,0.277022123336792,0.302166998386383,0.3024170100688934,0.288332998752594,0.2917500138282776,703260000
2005-11-18,0.276486724615097,0.3015829920768738,0.3056670129299164,0.2956669926643371,0.3031669855117798,465768000
2005-11-21,0.2813769280910492,0.3069170117378235,0.3074170053005218,0.2999170124530792,0.3019169867038727,454704000
2005-11-22,0.288863331079483,0.3150829970836639,0.3180829882621765,0.3060829937458038,0.3084999918937683,731700000
2005-11-23,0.2880235910415649,0.3141669929027557,0.3187499940395355,0.3125,0.3154169917106628,411948000
2005-11-25,0.2908499240875244,0.3172500133514404,0.3177500069141388,0.3134999871253967,0.3156670033931732,116676000
2005-11-28,0.2893987894058227,0.3156670033931732,0.3208329975605011,0.3100000023841858,0.3180829882621765,424524000
2005-11-29,0.2710629403591156,0.2956669926643371,0.305417001247406,0.2943330109119415,0.296999990940094,1043136000
2005-11-30,0.2761814296245575,0.301250010728836,0.3027499914169311,0.293500006198883,0.2935830056667328,575448000
2005-12-01,0.2794663310050964,0.3048329949378967,0.3062500059604645,0.3005000054836273,0.3037500083446502,562032000
2005-12-02,0.2795433104038238,0.3049170076847076,0.3070000112056732,0.300832986831665,0.3062500059604645,334476000
2005-12-05,0.2743478417396545,0.2992500066757202,0.3055830001831054,0.2982499897480011,0.3055830001831054,387708000
2005-12-06,0.275493860244751,0.3005000054836273,0.3045830130577087,0.2993330061435699,0.2997500002384186,375252000
2005-12-07,0.2759521007537842,0.3009999990463257,0.3034999966621399,0.2958329916000366,0.3016670048236847,352668000
2005-12-08,0.2737363874912262,0.2985830008983612,0.3033330142498016,0.2951669991016388,0.2994169890880584,386664000
2005-12-09,0.2776326835155487,0.3028329908847809,0.3032500147819519,0.2953329980373382,0.2994999885559082,262896000
2005-12-12,0.2816820442676544,0.3072499930858612,0.3079169988632202,0.3031669855117798,0.3036670088768005,281136000
2005-12-13,0.2853493988513946,0.3112500011920929,0.3139170110225677,0.3055830001831054,0.3078329861164093,443412000
2005-12-14,0.28267502784729,0.30833300948143,0.3104169964790344,0.3046669960021972,0.3089169859886169,287472000
2005-12-15,0.2790848016738891,0.3044170141220093,0.3104169964790344,0.301250010728836,0.3080829977989197,332724000
2005-12-16,0.2815291583538055,0.3070830106735229,0.3084169924259186,0.3025830090045929,0.3055000007152557,1065600000
2005-12-19,0.2768690288066864,0.3019999861717224,0.3100000023841858,0.301250010728836,0.3077499866485595,292296000
2005-12-20,0.276715874671936,0.3018330037593841,0.3062500059604645,0.2978329956531524,0.3016670048236847,304356000
2005-12-21,0.2761814296245575,0.301250010728836,0.3057500123977661,0.2985000014305115,0.3032500147819519,289380000
2005-12-22,0.284585565328598,0.3104169964790344,0.3107500076293945,0.3009169995784759,0.3009999990463257,318336000
2005-12-23,0.2868004739284515,0.3128330111503601,0.3132500052452087,0.3091669976711273,0.3112500011920929,214536000
2005-12-27,0.2885580360889435,0.3147499859333038,0.3181670010089874,0.3115000128746032,0.3125,367968000
2005-12-28,0.2912321984767914,0.317667007446289,0.3186669945716858,0.3127500116825104,0.3147499859333038,264420000
2005-12-29,0.2847377359867096,0.3105829954147339,0.3185000121593475,0.309249997138977,0.3174999952316284,310464000
2005-12-30,0.2793141007423401,0.3046669960021972,0.3089169859886169,0.3034169971942901,0.3088330030441284,229608000
2006-01-03,0.2919960618019104,0.3185000121593475,0.3208329975605011,0.305417001247406,0.3064169883728027,472812000
2006-01-04,0.3001708686351776,0.3274169862270355,0.3279170095920563,0.3175829946994781,0.320917010307312,510072000
2006-01-05,0.3069698214530945,0.3348329961299896,0.3354170024394989,0.3269169926643371,0.3274999856948852,646092000
2006-01-06,0.3120120465755462,0.3403330147266388,0.3415830135345459,0.325417011976242,0.3386670053005218,623388000
2006-01-09,0.3207215964794159,0.3498330116271972,0.3516669869422912,0.3394170105457306,0.3401669859886169,560484000
2006-01-10,0.3207985758781433,0.3499169945716858,0.3499169945716858,0.34375,0.3481670022010803,339660000
2006-01-11,0.332410603761673,0.3625830113887787,0.3645829856395721,0.3496670126914978,0.3502500057220459,626304000
2006-01-12,0.3276744484901428,0.3574169874191284,0.3680830001831054,0.3548330068588257,0.3625000119209289,495504000
2006-01-13,0.3247710764408111,0.3542500138282776,0.359499990940094,0.3492499887943268,0.3565829992294311,421296000
2006-01-17,0.3245418071746826,0.3540000021457672,0.3541670143604278,0.3447499871253967,0.3494170010089874,329232000
2006-01-18,0.3262222409248352,0.3558329939842224,0.3569999933242798,0.3400000035762787,0.3432500064373016,459948000
2006-01-19,0.3443287014961242,0.3755829930305481,0.3804999887943268,0.359917014837265,0.3605830073356628,914760000
2006-01-20,0.334702581167221,0.3650830090045929,0.3804999887943268,0.3650000095367431,0.3761669993400574,461604000
2006-01-23,0.336613118648529,0.3671669960021972,0.3702499866485595,0.3629170060157776,0.367917001247406,334884000
2006-01-24,0.3382936716079712,0.3689999878406524,0.3766669929027557,0.367000013589859,0.3680000007152557,388896000
2006-01-25,0.3353141546249389,0.3657500147819519,0.3732500076293945,0.3613330125808716,0.37083300948143,400236000
2006-01-26,0.3467738926410675,0.3782500028610229,0.378583014011383,0.3687500059604645,0.371082991361618,448836000
2006-01-27,0.3533444702625274,0.3854170143604278,0.3896670043468475,0.3799999952316284,0.3831669986248016,385044000
2006-01-30,0.3493711650371551,0.3810830116271972,0.387499988079071,0.3793329894542694,0.3870829939842224,315780000
2006-01-31,0.3434890210628509,0.3746669888496399,0.3812499940395355,0.371749997138977,0.3791669905185699,384456000
2006-02-01,0.3437182605266571,0.3749170005321502,0.3764170110225677,0.3664999902248382,0.367917001247406,450852000
2006-02-02,0.3332512080669403,0.3634999990463257,0.378583014011383,0.3629170060157776,0.3783330023288727,473736000
2006-02-03,0.3363068997859955,0.3668330013751983,0.3713330030441284,0.3600000143051147,0.3611670136451721,504252000
2006-02-06,0.3457809686660766,0.3771669864654541,0.3775829970836639,0.3642500042915344,0.3658330142498016,363468000
2006-02-07,0.3334804773330688,0.363750010728836,0.3779169917106628,0.3635829985141754,0.3779169917106628,399408000
2006-02-08,0.3431067764759063,0.3742499947547912,0.3742499947547912,0.3648329973220825,0.3648329973220825,393072000
2006-02-09,0.3373006880283355,0.367917001247406,0.3812499940395355,0.3655830025672912,0.3754169940948486,437100000
2006-02-10,0.3353900909423828,0.3658330142498016,0.3709169924259186,0.3572500050067901,0.3692499995231628,414996000
2006-02-13,0.3365361392498016,0.3670830130577087,0.3696669936180115,0.3621670007705688,0.364666998386383,280740000
2006-02-14,0.3371476531028747,0.3677499890327453,0.3690829873085022,0.3629170060157776,0.3670830130577087,342348000
2006-02-15,0.3436411321163177,0.3748329877853393,0.3758330047130584,0.3660829961299896,0.367000013589859,493296000
2006-02-16,0.3606017827987671,0.3933329880237579,0.3941670060157776,0.3792499899864197,0.3818329870700836,1305888000
2006-02-17,0.3626644313335418,0.3955830037593841,0.422666996717453,0.3933329880237579,0.4222500026226043,2356956000
2006-02-21,0.354948878288269,0.3871670067310333,0.3954170048236847,0.3837499916553497,0.3947499990463257,684060000
2006-02-22,0.3543373644351959,0.3865000009536743,0.3895829916000366,0.3725000023841858,0.3816669881343841,939756000
2006-02-23,0.34891277551651,0.3805829882621765,0.387917011976242,0.37950000166893,0.3853330016136169,385128000
2006-02-24,0.3488367199897766,0.3804999887943268,0.3868330121040344,0.3785000145435333,0.3822500109672546,416412000
2006-02-27,0.3629706799983978,0.395916998386383,0.3983330130577087,0.3794170022010803,0.383417010307312,666468000
2006-02-28,0.3600672483444214,0.3927499949932098,0.3975000083446502,0.3889169991016388,0.3941670060157776,563316000
2006-03-01,0.373742938041687,0.4076670110225677,0.4099999964237213,0.3916670083999634,0.3941670060157776,703932000
2006-03-02,0.3742773830890655,0.4082500040531158,0.414000004529953,0.402999997138977,0.4072499871253967,545460000
2006-03-03,0.3755764961242676,0.4096669852733612,0.4167500138282776,0.4037500023841858,0.4045000076293945,595800000
2006-03-06,0.3748118579387665,0.4088329970836639,0.4204170107841491,0.4068329930305481,0.4176670014858246,529020000
2006-03-07,0.3683942258358001,0.4018329977989197,0.4120829999446869,0.3937500119209289,0.4089170098304748,606204000
2006-03-08,0.3665608763694763,0.3998329937458038,0.4040000140666961,0.3855000138282776,0.4019170105457306,670800000
2006-03-09,0.3684715628623962,0.4019170105457306,0.411417007446289,0.4016669988632202,0.4046669900417328,536700000
2006-03-10,0.3620538711547851,0.3949170112609863,0.4065830111503601,0.3913330137729645,0.4014999866485595,521580000
2006-03-13,0.3664085268974304,0.3996669948101043,0.4015829861164093,0.395916998386383,0.3989169895648956,372132000
2006-03-14,0.3765694499015808,0.41075000166893,0.4124169945716858,0.398499995470047,0.4000000059604645,627792000
2006-03-15,0.3826045095920563,0.4173330068588257,0.4179170131683349,0.4099999964237213,0.4115830063819885,510600000
2006-03-16,0.3696174323558807,0.4031670093536377,0.4185830056667328,0.4017499983310699,0.4180830121040344,568416000
2006-03-17,0.3725970387458801,0.4064170122146606,0.4074999988079071,0.395249992609024,0.4012500047683716,618588000
2006-03-20,0.3697696030139923,0.4033330082893371,0.410082995891571,0.4029169976711273,0.4099999964237213,293772000
2006-03-21,0.3880291283130646,0.4232499897480011,0.4308330118656158,0.4121670126914978,0.4232499897480011,1235472000
2006-03-22,0.3768745958805084,0.4110830128192901,0.4144999980926513,0.4018329977989197,0.4124999940395355,1158576000
2006-03-23,0.3839036524295807,0.418749988079071,0.4204170107841491,0.4078330099582672,0.4124999940395355,661992000
2006-03-24,0.3968918025493622,0.4329169988632202,0.4336670041084289,0.419167011976242,0.4198330044746399,687936000
2006-03-27,0.4075870215892792,0.444582998752594,0.4449169933795929,0.4318329989910126,0.4332500100135803,651444000
2006-03-28,0.4138523936271667,0.4514169991016388,0.4573329985141754,0.4416669905185699,0.4425829946994781,795204000
2006-03-29,0.4360843300819397,0.4756669998168945,0.476500004529953,0.4495829939842224,0.4533329904079437,987096000
2006-03-30,0.4390638768672943,0.4789170026779175,0.4814999997615814,0.4675830006599426,0.4761669933795929,1063308000
2006-03-31,0.4374595582485199,0.477167010307312,0.4852499961853027,0.4742499887943268,0.4785830080509186,835560000
2006-04-03,0.4423485398292541,0.4824999868869781,0.4891670048236847,0.4736669957637787,0.4796670079231262,968916000
2006-04-04,0.4630524516105652,0.5050830245018005,0.5058330297470093,0.4826669991016388,0.4831669926643371,1200612000
2006-04-05,0.4667966067790985,0.5091670155525208,0.511667013168335,0.4934169948101043,0.5041670203208923,1112976000
2006-04-06,0.4677134752273559,0.5101670026779175,0.5139999985694885,0.5008329749107361,0.5078330039978027,789312000
2006-04-07,0.4664903879165649,0.5088329911231995,0.512499988079071,0.4988330006599426,0.5080000162124634,682674000
2006-04-10,0.458392322063446,0.5,0.5106670260429382,0.4961670041084289,0.5076670050621033,634230000
2006-04-11,0.4472377896308899,0.4878329932689667,0.5016670227050781,0.4848330020904541,0.5016670227050781,702072000
2006-04-12,0.465268075466156,0.5074999928474426,0.5101670026779175,0.488332986831665,0.4909999966621399,598308000
2006-04-13,0.4522801041603088,0.4933330118656158,0.5023329854011536,0.4913330078125,0.4966669976711273,738360000
2006-04-17,0.4535031616687774,0.4946669936180115,0.5070000290870667,0.4906669855117798,0.4925000071525574,443868000
2006-04-18,0.4428070187568664,0.4830000102519989,0.4860000014305115,0.4698329865932464,0.4858329892158508,1165488000
2006-04-19,0.4455572962760925,0.4860000014305115,0.4913330078125,0.4733330011367798,0.4799999892711639,517476000
2006-04-20,0.4449459016323089,0.4853329956531524,0.4939999878406524,0.4736669957637787,0.481667011976242,552684000
2006-04-21,0.4289022088050842,0.467833012342453,0.4888330101966858,0.4621669948101043,0.4868330061435699,770016000
2006-04-24,0.4420433640480041,0.4821670055389404,0.4868330061435699,0.4625000059604645,0.4708330035209656,676848000
2006-04-25,0.4417373239994049,0.4818330109119415,0.4830000102519989,0.4683330059051513,0.4766669869422912,719766000
2006-04-26,0.4386814832687378,0.4785000085830688,0.4909999966621399,0.4733330011367798,0.4836669862270355,330528000
2006-04-27,0.4457105100154876,0.4861670136451721,0.4906669855117798,0.4663330018520355,0.4766669869422912,462966000
2006-04-28,0.4464741945266723,0.4869999885559082,0.4931670129299164,0.4823330044746399,0.4864999949932098,284736000
2006-05-01,0.472144067287445,0.5149999856948853,0.5245000123977661,0.4903329908847809,0.4903329908847809,902472000
2006-05-02,0.4715326428413391,0.5143330097198486,0.5249999761581421,0.5055000185966492,0.5188329815864563,539700000
2006-05-03,0.4745894372463226,0.5176669955253601,0.5233330130577087,0.5080000162124634,0.5084999799728394,378114000
2006-05-04,0.4715326428413391,0.5143330097198486,0.5199999809265137,0.5048329830169678,0.5074999928474426,511128000
2006-05-05,0.4779500365257263,0.5213329792022705,0.5231670141220093,0.5098329782485962,0.5170000195503235,338184000
2006-05-08,0.4758115410804748,0.5189999938011169,0.5313330292701721,0.5141670107841492,0.5199999809265137,503622000
2006-05-09,0.4612958431243896,0.5031669735908508,0.5210000276565552,0.5024999976158142,0.5183330178260803,561648000
2006-05-10,0.4510581493377685,0.492000013589859,0.503000020980835,0.4869999885559082,0.4971669912338257,753264000
2006-05-11,0.4350144267082214,0.4745000004768371,0.5016670227050781,0.4706670045852661,0.4970000088214874,1201110000
2006-05-12,0.4023153781890869,0.4388329982757568,0.465499997138977,0.4289999902248382,0.4631670117378235,1568172000
2006-05-15,0.4081225395202636,0.4451670050621032,0.4490000009536743,0.4341669976711273,0.4379999935626983,553380000
2006-05-16,0.3974261581897735,0.4334999918937683,0.4478330016136169,0.4306670129299164,0.4476670026779175,497532000
2006-05-17,0.381382554769516,0.4160000085830688,0.4345000088214874,0.4083330035209656,0.4320000112056732,841074000
2006-05-18,0.3641166388988495,0.3971669971942901,0.4233329892158508,0.3966670036315918,0.4193330109119415,686730000
2006-05-19,0.3717561662197113,0.4054999947547912,0.4149999916553497,0.3968330025672912,0.4008330106735229,932808000
2006-05-22,0.3667139112949371,0.4000000059604645,0.4041669964790344,0.3889999985694885,0.4033330082893371,734886000
2006-05-23,0.3627414405345917,0.3956669867038727,0.417833000421524,0.3939999938011169,0.4083330035209656,532314000
2006-05-24,0.3674776256084442,0.4008330106735229,0.4126670062541961,0.3901669979095459,0.399167001247406,579522000
2006-05-25,0.3654918670654297,0.3986670076847076,0.4143329858779907,0.3964999914169311,0.4083330035209656,423666000
2006-05-26,0.3662556707859039,0.3995000123977661,0.4028330147266388,0.3953329920768738,0.4001669883728027,294642000
2006-05-30,0.3509755134582519,0.3828330039978027,0.4003329873085022,0.3826670050621032,0.4001669883728027,448788000
2006-05-31,0.3511284589767456,0.382999986410141,0.3916670083999634,0.3806670010089874,0.3880000114440918,598422000
2006-06-01,0.3694643378257751,0.402999997138977,0.402999997138977,0.3813329935073852,0.3873330056667328,537126000
2006-06-02,0.3641166388988495,0.3971669971942901,0.4115000069141388,0.3931669890880584,0.4095000028610229,673710000
2006-06-05,0.3488367199897766,0.3804999887943268,0.402332991361618,0.3793329894542694,0.395000010728836,581052000
2006-06-06,0.3395155668258667,0.3703329861164093,0.3856669962406158,0.3600000143051147,0.3853330016136169,824130000
2006-06-07,0.333404392004013,0.3636670112609863,0.375,0.3608329892158508,0.374332994222641,565380000
2006-06-08,0.3272921442985534,0.3569999933242798,0.3641670048236847,0.3426670134067535,0.359499990940094,730572000
2006-06-09,0.3262222409248352,0.3558329939842224,0.3678329885005951,0.3528330028057098,0.3616670072078705,433824000
2006-06-12,0.3081928491592407,0.3361670076847076,0.3543330132961273,0.3341670036315918,0.3496670126914978,463230000
2006-06-13,0.3034557700157165,0.3310000002384186,0.342833012342453,0.3278329968452453,0.335999995470047,532548000
2006-06-14,0.312318354845047,0.3406670093536377,0.3416669964790344,0.3294999897480011,0.3330000042915344,480492000
2006-06-15,0.3396687805652618,0.3704999983310699,0.3716669976711273,0.3503330051898956,0.3531669974327087,837336000
2006-06-16,0.330959290266037,0.3610000014305115,0.3689999878406524,0.3574999868869781,0.3680000007152557,503448000
2006-06-19,0.3210277557373047,0.3501670062541961,0.3668330013751983,0.3493329882621765,0.3650000095367431,388044000
2006-06-20,0.3159855306148529,0.344666987657547,0.3524999916553497,0.3391669988632202,0.340499997138977,535818000
2006-06-21,0.319499522447586,0.3485000133514404,0.3540000021457672,0.3431670069694519,0.3431670069694519,441174000
2006-06-22,0.3101785182952881,0.3383330106735229,0.3533329963684082,0.335999995470047,0.3523330092430115,532338000
2006-06-23,0.310331642627716,0.3384999930858612,0.3454999923706054,0.3345000147819519,0.3376669883728027,335202000
2006-06-26,0.307428240776062,0.335332989692688,0.3416669964790344,0.3336670100688934,0.3379999995231628,281736000
2006-06-27,0.2976497411727905,0.3246670067310333,0.3376669883728027,0.3201670050621032,0.3373329937458038,608514000
2006-06-28,0.3141518831253052,0.3426670134067535,0.3479999899864197,0.3186669945716858,0.3271670043468475,833376000
2006-06-29,0.3283619880676269,0.3581669926643371,0.3581669926643371,0.3321669995784759,0.3333329856395721,687666000
2006-06-30,0.3253054916858673,0.3548330068588257,0.3673329949378967,0.352167010307312,0.3616670072078705,468240000
2006-07-03,0.3300425708293915,0.3600000143051147,0.363332986831665,0.3574999868869781,0.3630000054836273,174696000
2006-07-05,0.3152208030223846,0.3438329994678497,0.3574999868869781,0.3438329994678497,0.3543330132961273,459708000
2006-07-06,0.3054424226284027,0.3331669867038727,0.3471669852733612,0.3296670019626617,0.3438329994678497,470634000
2006-07-07,0.2959684729576111,0.3228330016136169,0.3361670076847076,0.3191669881343841,0.3355000019073486,541230000
2006-07-10,0.2831333577632904,0.3088330030441284,0.3260000050067901,0.3059999942779541,0.3236669898033142,449922000
2006-07-11,0.2926073670387268,0.3191669881343841,0.3203330039978027,0.3033330142498016,0.3078329861164093,600582000
2006-07-12,0.278549462556839,0.3038330078125,0.3216669857501983,0.3034999966621399,0.3179999887943268,461034000
2006-07-13,0.2713683545589447,0.2960000038146972,0.3066670000553131,0.2944999933242798,0.2991670072078705,540582000
2006-07-14,0.2699932157993316,0.2944999933242798,0.3031669855117798,0.2861669957637787,0.301499992609024,572148000
2006-07-17,0.2721319794654846,0.2968330085277557,0.3001669943332672,0.2916670143604278,0.2931669950485229,502806000
2006-07-18,0.2869535684585571,0.3129999935626983,0.3161669969558716,0.2960000038146972,0.3070000112056732,979332000
2006-07-19,0.2994834184646606,0.3266670107841491,0.3306669890880584,0.3093329966068268,0.3116669952869415,1055550000
2006-07-20,0.2935241460800171,0.3201670050621032,0.3383330106735229,0.3196670114994049,0.332500010728836,505602000
2006-07-21,0.2715214192867279,0.2961669862270355,0.3106670081615448,0.2938329875469208,0.3093329966068268,633918000
2006-07-24,0.2988718450069427,0.3260000050067901,0.3334999978542328,0.3055000007152557,0.3071669936180115,983178000
2006-07-25,0.3094148337841034,0.3375000059604645,0.3409999907016754,0.3251670002937317,0.3300000131130218,574104000
2006-07-26,0.3094148337841034,0.3375000059604645,0.3415000140666961,0.3274999856948852,0.3375000059604645,495318000
2006-07-27,0.3138456046581268,0.3423329889774322,0.3558329939842224,0.3361670076847076,0.3418329954147339,694338000
2006-07-28,0.3463915288448334,0.3778330087661743,0.3785000145435333,0.349166989326477,0.3511669933795929,815298000
2006-07-31,0.3382936716079712,0.3689999878406524,0.3776670098304748,0.3680000007152557,0.3738330006599426,594762000
2006-08-01,0.3246949315071106,0.3541670143604278,0.3651669919490814,0.3474999964237213,0.3644999861717224,600966000
2006-08-02,0.3496003150939941,0.3813329935073852,0.3831669986248016,0.3611670136451721,0.3619999885559082,756774000
2006-08-03,0.3716031610965729,0.405333012342453,0.4156669974327087,0.3746669888496399,0.3799999952316284,890568000
2006-08-04,0.3665608763694763,0.3998329937458038,0.4166670143604278,0.3894999921321869,0.4160000085830688,818232000
2006-08-07,0.3622830212116241,0.3951669931411743,0.4001669883728027,0.387499988079071,0.3928329944610595,436146000
2006-08-08,0.3719094395637512,0.4056670069694519,0.4141669869422912,0.3973329961299896,0.3983330130577087,619806000
2006-08-09,0.3717561662197113,0.4054999947547912,0.4250000119209289,0.4025000035762787,0.4136669933795929,584706000
2006-08-10,0.3691590130329132,0.4026669859886169,0.4050000011920929,0.3941670060157776,0.4009999930858612,1072140000
2006-08-11,0.3575461208820343,0.3899999856948852,0.4001669883728027,0.3720000088214874,0.3733330070972442,1603272000
2006-08-14,0.3557125031948089,0.3880000114440918,0.3988330066204071,0.3858329951763153,0.3948329985141754,809412000
2006-08-15,0.3899388313293457,0.4253329932689667,0.4275000095367431,0.3941670060157776,0.3980000019073486,902172000
2006-08-16,0.4179007709026336,0.4558329880237579,0.4576669931411743,0.4166670143604278,0.4276669919490814,1029246000
2006-08-17,0.4113310575485229,0.4486669898033142,0.4620000123977661,0.4441669881343841,0.4501670002937317,814224000
2006-08-18,0.4180538952350616,0.4560000002384186,0.4583329856395721,0.4334999918937683,0.4491670131683349,665898000
2006-08-21,0.4026216268539428,0.4391669929027557,0.449999988079071,0.438167005777359,0.4491670131683349,500220000
2006-08-22,0.4020101130008697,0.4384999871253967,0.45066699385643,0.4375,0.4378330111503601,473928000
2006-08-23,0.4017047882080078,0.438167005777359,0.4463329911231994,0.4284999966621399,0.4418329894542694,485412000
2006-08-24,0.4058303236961365,0.442667007446289,0.4449999928474426,0.4323329925537109,0.4393329918384552,260802000
2006-08-25,0.4046073853969574,0.441332995891571,0.4491670131683349,0.4350000023841858,0.4393329918384552,238314000
2006-08-28,0.4185122549533844,0.4564999938011169,0.4695000052452087,0.4478330016136169,0.4486669898033142,764562000
2006-08-29,0.4374595582485199,0.477167010307312,0.4793330132961273,0.457500010728836,0.4608330130577087,727962000
2006-08-30,0.4464741945266723,0.4869999885559082,0.492000013589859,0.4786669909954071,0.4798330068588257,681564000
2006-08-31,0.4447938203811645,0.485166996717453,0.4880000054836273,0.4746670126914978,0.4858329892158508,511278000
2006-09-01,0.4261518716812134,0.464832991361618,0.4818330109119415,0.4629999995231628,0.4779999852180481,605742000
2006-09-05,0.4354727864265442,0.4749999940395355,0.4768329858779907,0.4595000147819519,0.4663330018520355,549354000
2006-09-06,0.4136229753494262,0.4511669874191284,0.4673329889774322,0.449999988079071,0.4666669964790344,493572000
2006-09-07,0.4218739569187164,0.4601669907569885,0.4703330099582672,0.4390000104904175,0.4438329935073852,742836000
2006-09-08,0.4232492446899414,0.461667001247406,0.4695000052452087,0.4514999985694885,0.4675000011920929,447978000
2006-09-11,0.4298189282417297,0.4688329994678497,0.474166989326477,0.4461669921875,0.4513329863548279,598266000
2006-09-12,0.4411265850067138,0.4811669886112213,0.4841670095920563,0.465499997138977,0.4666669964790344,498432000
2006-09-13,0.4446406066417694,0.4850000143051147,0.4913330078125,0.4808329939842224,0.4823330044746399,476286000
2006-09-14,0.4429602324962616,0.4831669926643371,0.4916670024394989,0.4768329858779907,0.4826669991016388,428814000
2006-09-15,0.4516695737838745,0.4926669895648956,0.4950000047683716,0.4824999868869781,0.4848330020904541,649764000
2006-09-18,0.4687822759151459,0.5113329887390137,0.5121669769287109,0.4925000071525574,0.4939999878406524,793896000
2006-09-19,0.456558883190155,0.4979999959468841,0.511667013168335,0.4938330054283142,0.5080000162124634,708054000
2006-09-20,0.47321417927742,0.5161669850349426,0.5168330073356628,0.5034999847412109,0.5044999718666077,511884000
2006-09-21,0.4693938493728637,0.5120000243186951,0.5208330154418945,0.5071669816970825,0.5156670212745667,539106000
2006-09-22,0.4554889798164367,0.4968329966068268,0.5136669874191284,0.4911670088768005,0.5105000138282776,653334000
2006-09-25,0.4718389213085174,0.5146669745445251,0.5168330073356628,0.4906669855117798,0.5043330192565918,684486000
2006-09-26,0.4619064629077911,0.503832995891571,0.515500009059906,0.4973329901695251,0.5141670107841492,516120000
2006-09-27,0.4605312049388885,0.5023329854011536,0.5183330178260803,0.4975000023841858,0.5023329854011536,578142000
2006-09-28,0.4518218636512756,0.4928329885005951,0.4948329925537109,0.4805000126361847,0.4826669991016388,647346000
2006-09-29,0.4521280229091644,0.4931670129299164,0.5,0.4905000030994415,0.4961670041084289,373890000
2006-10-02,0.4406682252883911,0.4806669950485229,0.4939999878406524,0.4766669869422912,0.4908330142498016,647442000
2006-10-03,0.4324171841144562,0.4716669917106628,0.4753330051898956,0.4611670076847076,0.4716669917106628,907692000
2006-10-04,0.4748945832252502,0.5180000066757202,0.5181670188903809,0.4709999859333038,0.472333014011383,1460382000
2006-10-05,0.4614480137825012,0.5033329725265503,0.521166980266571,0.5019999742507935,0.515999972820282,662682000
2006-10-06,0.4726025760173797,0.515500009059906,0.5208330154418945,0.5026670098304749,0.5041670203208923,593610000
2006-10-09,0.5030096173286438,0.5486670136451721,0.5554999709129333,0.5128329992294312,0.5143330097198486,932304000
2006-10-10,0.4915499091148376,0.5361670255661011,0.5479999780654907,0.5299999713897705,0.5458329916000366,624648000
2006-10-11,0.4943000674247741,0.5391669869422913,0.5486670136451721,0.5251669883728027,0.5333330035209656,481944000
2006-10-12,0.4962857365608215,0.541333019733429,0.5525000095367432,0.5335000157356262,0.5421670079231262,414720000
2006-10-13,0.5159966945648193,0.5628330111503601,0.5659999847412109,0.5306670069694519,0.5394999980926514,584190000
2006-10-16,0.5150800347328186,0.5618330240249634,0.5738329887390137,0.5518329739570618,0.5646669864654541,478968000
2006-10-17,0.4953690469264984,0.5403329730033875,0.5565000176429749,0.5350000262260437,0.5526670217514038,526506000
2006-10-18,0.4822287857532501,0.5260000228881836,0.5541669726371765,0.5221670269966125,0.5483329892158508,822750000
2006-10-19,0.4913965463638305,0.5360000133514404,0.5400000214576721,0.5198330283164978,0.5239999890327454,473040000
2006-10-20,0.4857428669929504,0.5298330187797546,0.5404999852180481,0.5221670269966125,0.540166974067688,359478000
2006-10-23,0.4825340509414673,0.5263329744338989,0.5414999723434448,0.5249999761581421,0.5286669731140137,280248000
2006-10-24,0.496592104434967,0.5416669845581055,0.5476670265197754,0.525833010673523,0.5273330211639404,519288000
2006-10-25,0.5011758208274841,0.5466669797897339,0.5550000071525574,0.5376669764518738,0.5468329787254333,389436000
2006-10-26,0.5170667171478271,0.5640000104904175,0.5658329725265503,0.5479999780654907,0.5479999780654907,366690000
2006-10-27,0.4947586953639984,0.539667010307312,0.5764999985694885,0.5333330035209656,0.5640000104904175,566988000
2006-10-30,0.50071781873703,0.5461670160293579,0.5558329820632935,0.5375000238418579,0.5433329939842224,479592000
2006-10-31,0.5328052639961243,0.5811669826507568,0.5811669826507568,0.5553330183029175,0.5581669807434082,996174000
2006-11-01,0.4917019605636596,0.5363330245018005,0.5788329839706421,0.5283330082893372,0.5734999775886536,1176540000
2006-11-02,0.4883410334587097,0.5326669812202454,0.5504999756813049,0.5253329873085022,0.5388330221176147,862944000
2006-11-03,0.4981194734573364,0.5433329939842224,0.5440000295639038,0.5299999713897705,0.5386670231819153,548070000
2006-11-06,0.5132462382316589,0.5598329901695251,0.5673329830169678,0.5379999876022339,0.5448330044746399,739602000
2006-11-07,0.5210392475128174,0.5683330297470093,0.5743330121040344,0.5608329772949219,0.5640000104904175,553254000
2006-11-08,0.5286795496940613,0.5766670107841492,0.583666980266571,0.5630000233650208,0.5643330216407776,648324000
2006-11-09,0.539222776889801,0.5881670117378235,0.6033329963684082,0.5831670165061951,0.5885000228881836,1207758000
2006-11-10,0.5262343287467957,0.5740000009536743,0.5860000252723694,0.559499979019165,0.5831670165061951,1317192000
2006-11-13,0.5500707030296326,0.6000000238418579,0.6016669869422913,0.574999988079071,0.5751670002937317,852282000
2006-11-14,0.5555716156959534,0.6060000061988831,0.6071670055389404,0.5849999785423279,0.597832977771759,628530000
2006-11-15,0.5464039444923401,0.5960000157356262,0.612500011920929,0.5926669836044312,0.6041669845581055,491892000
2006-11-16,0.5534326434135437,0.6036670207977295,0.6058329939842224,0.5933330059051514,0.5985000133514404,457182000
2006-11-17,0.5549600720405579,0.6053329706192017,0.6069999933242798,0.5958330035209656,0.5995000004768372,361608000
2006-11-20,0.56015545129776,0.6110000014305115,0.6143329739570618,0.5933330059051514,0.597832977771759,608634000
2006-11-21,0.5514458417892456,0.6014999747276306,0.6138330101966858,0.5973330140113831,0.6128330230712891,387384000
2006-11-22,0.5609191656112671,0.6118329763412476,0.612500011920929,0.6004999876022339,0.6036670207977295,240258000
2006-11-24,0.565044641494751,0.6163330078125,0.617667019367218,0.6033329963684082,0.6088330149650574,144336000
2006-11-27,0.5395278334617615,0.5885000228881836,0.6208329796791077,0.5843330025672913,0.6126670241355896,585294000
2006-11-28,0.5496124029159546,0.5995000004768372,0.6048330068588257,0.5773329734802246,0.5864999890327454,480966000
2006-11-29,0.5577102303504944,0.6083329916000366,0.6156669855117798,0.602666974067688,0.6050000190734863,579792000
2006-11-30,0.5651975870132446,0.6165000200271606,0.6215000152587891,0.6010000109672546,0.6083329916000366,583632000
2006-12-01,0.5430419445037842,0.5923330187797546,0.6104999780654907,0.5870000123977661,0.6096670031547546,785010000
2006-12-04,0.565044641494751,0.6163330078125,0.6240000128746033,0.597832977771759,0.6000000238418579,621570000
2006-12-05,0.5592387318611145,0.6100000143051147,0.6134999990463257,0.6031669974327087,0.6098330020904541,663354000
2006-12-06,0.5584752559661865,0.6091669797897339,0.6119999885559082,0.600832998752594,0.6119999885559082,478242000
2006-12-07,0.5450286269187927,0.5945000052452087,0.612500011920929,0.5891669988632202,0.6091669797897339,486894000
2006-12-08,0.5431950092315674,0.5924999713897705,0.6006669998168945,0.5816670060157776,0.5901669859886169,564858000
2006-12-11,0.552515983581543,0.602666974067688,0.6098330020904541,0.5913329720497131,0.5926669836044312,515484000
2006-12-12,0.546862006187439,0.5964999794960022,0.6001669764518738,0.5885000228881836,0.5981670022010803,568116000
2006-12-13,0.5532796382904053,0.6035000085830688,0.6083329916000366,0.6013330221176147,0.6013330221176147,491952000
2006-12-14,0.5630591511726379,0.6141669750213623,0.6218330264091492,0.6078330278396606,0.6083329916000366,715380000
2006-12-15,0.5729905366897583,0.625,0.625,0.6143329739570618,0.618166983127594,746094000
2006-12-18,0.5829222202301025,0.6358330249786377,0.6433330178260803,0.6253330111503601,0.6256669759750366,688356000
2006-12-19,0.5913262367248535,0.6449999809265137,0.6483330130577087,0.6268330216407776,0.6276670098304749,545622000
2006-12-20,0.5846036672592163,0.6376670002937317,0.6493330001831055,0.6371669769287109,0.6416670083999634,306594000
2006-12-21,0.5795609354972839,0.6321669816970825,0.6430000066757202,0.625,0.6411669850349426,367920000
2006-12-22,0.5658095479011536,0.6171669960021973,0.6333330273628235,0.6141669750213623,0.6311669945716858,370170000
2006-12-26,0.5656562447547913,0.6169999837875366,0.6259999871253967,0.6144999861717224,0.6205000281333923,228192000
2006-12-27,0.5731435418128967,0.6251670122146606,0.6273329854011536,0.6196669936180115,0.6196669936180115,264954000
2006-12-28,0.5690182447433472,0.6206669807434082,0.6265000104904175,0.6178330183029175,0.6258329749107361,213912000
2006-12-29,0.5655030012130737,0.616832971572876,0.6336669921875,0.6161670088768005,0.6206669807434082,386094000
2007-01-03,0.5512932538986206,0.6013330221176147,0.6253330111503601,0.5798329710960388,0.6178330183029175,1154820000
2007-01-04,0.5486956834793091,0.5985000133514404,0.6013330221176147,0.5838329792022705,0.599166989326477,797298000
2007-01-05,0.5143163204193115,0.5609999895095825,0.586667001247406,0.5569999814033508,0.5843330025672913,1243344000
2007-01-08,0.5181363821029663,0.5651670098304749,0.5759999752044678,0.5533329844474792,0.5630000233650208,657270000
2007-01-09,0.5080517530441284,0.5541669726371765,0.569832980632782,0.5534999966621399,0.5659999847412109,764166000
2007-01-10,0.5331105589866638,0.5814999938011169,0.586667001247406,0.5400000214576721,0.5483329892158508,1108746000
2007-01-11,0.531123697757721,0.5793330073356628,0.5860000252723694,0.569832980632782,0.5814999938011169,924504000
2007-01-12,0.5383055806159973,0.5871670246124268,0.5895000100135803,0.5680000185966492,0.570667028427124,698190000
2007-01-16,0.539222776889801,0.5881670117378235,0.5920000076293945,0.5814999938011169,0.5916669964790344,711864000
2007-01-17,0.5279148817062378,0.5758330225944519,0.5835000276565552,0.5736669898033142,0.5799999833106995,707934000
2007-01-18,0.4842154085636139,0.5281670093536377,0.5708330273628235,0.5210000276565552,0.5708330273628235,1501638000
2007-01-19,0.4871179163455963,0.5313330292701721,0.5423330068588257,0.5188329815864563,0.5224999785423279,942606000
2007-01-22,0.4871179163455963,0.5313330292701721,0.5450000166893005,0.5293329954147339,0.5363330245018005,730644000
2007-01-23,0.4872709512710571,0.531499981880188,0.5400000214576721,0.5189999938011169,0.5288329720497131,630354000
2007-01-24,0.5023980140686035,0.5479999780654907,0.555167019367218,0.5358330011367798,0.538332998752594,685722000
2007-01-25,0.4848260581493377,0.5288329720497131,0.5550000071525574,0.5261669754981995,0.5529999732971191,616284000
2007-01-26,0.4808536171913147,0.5245000123977661,0.5385000109672546,0.5149999856948853,0.5333330035209656,829584000
2007-01-29,0.461142748594284,0.503000020980835,0.5224999785423279,0.4984999895095825,0.5221670269966125,1258284000
2007-01-30,0.4700052440166473,0.5126670002937317,0.515999972820282,0.5018330216407776,0.5063329935073853,636174000
2007-01-31,0.4683243036270141,0.5108330249786377,0.5156670212745667,0.503832995891571,0.5101670026779175,467976000
2007-02-01,0.4742830097675323,0.5173329710960388,0.5199999809265137,0.5049999952316284,0.5059999823570251,650898000
2007-02-02,0.4866596758365631,0.5308330059051514,0.5333330035209656,0.5158330202102661,0.5201669931411743,586590000
2007-02-05,0.4946054816246032,0.5394999980926514,0.5440000295639038,0.5325000286102295,0.5333330035209656,579906000
2007-02-06,0.5121773481369019,0.558667004108429,0.5656669735908508,0.5435000061988831,0.5516669750213623,775386000
2007-02-07,0.5321934819221497,0.5805000066757202,0.581833004951477,0.5598329901695251,0.5631669759750366,761058000
2007-02-08,0.5253177285194397,0.5730000138282776,0.5811669826507568,0.5666670203208923,0.5716670155525208,726276000
2007-02-09,0.4988842308521271,0.5441669821739197,0.5806670188903809,0.5419999957084656,0.5758330225944519,937956000
2007-02-12,0.509885311126709,0.5561670064926147,0.5680000185966492,0.5423330068588257,0.5481669902801514,789360000
2007-02-13,0.519511878490448,0.5666670203208923,0.5711669921875,0.559499979019165,0.5651670098304749,849732000
2007-02-14,0.5126358866691589,0.5591670274734497,0.574999988079071,0.5578330159187317,0.5716670155525208,1081848000
2007-02-15,0.5156914591789246,0.5625,0.5653330087661743,0.5534999966621399,0.5588330030441284,488682000
2007-02-16,0.4999530911445617,0.5453330278396606,0.5608329772949219,0.5436670184135437,0.5601670145988464,915060000
2007-02-20,0.5043845176696777,0.5501670241355896,0.5531669855117798,0.5423330068588257,0.5461670160293579,625578000
2007-02-21,0.4968973696231842,0.5419999957084656,0.5515000224113464,0.5364999771118164,0.5456669926643372,655332000
2007-02-22,0.500106155872345,0.5454999804496765,0.5593330264091492,0.5441669821739197,0.5504999756813049,655452000
2007-02-23,0.4988842308521271,0.5441669821739197,0.5509999990463257,0.5440000295639038,0.5506669878959656,403050000
2007-02-26,0.4912435114383697,0.5358330011367798,0.5498329997062683,0.5350000262260437,0.5456669926643372,494070000
2007-02-27,0.4764229655265808,0.5196670293807983,0.5425000190734863,0.5188329815864563,0.5299999713897705,714630000
2007-02-28,0.4736724197864532,0.5166670083999634,0.5278329849243164,0.5118330121040344,0.5181670188903809,780048000
2007-03-01,0.4678656160831451,0.5103330016136169,0.5198330283164978,0.4988330006599426,0.5055000185966492,837228000
2007-03-02,0.4548783898353576,0.4961670041084289,0.5120000243186951,0.4951669871807098,0.5058330297470093,682728000
2007-03-05,0.4394451379776001,0.4793330132961273,0.4971669912338257,0.4776670038700104,0.4875000119209289,663558000
2007-03-06,0.4654213190078735,0.5076670050621033,0.5131670236587524,0.4878329932689667,0.4898329973220825,805974000
2007-03-07,0.4522801041603088,0.4933330118656158,0.5074999928474426,0.4911670088768005,0.5051670074462891,811656000
2007-03-08,0.47092205286026,0.5136669874191284,0.519333004951477,0.5033329725265503,0.5036669969558716,770622000
2007-03-09,0.466184914112091,0.5084999799728394,0.5266669988632202,0.5026670098304749,0.5208330154418945,555306000
2007-03-12,0.4634347259998321,0.5055000185966492,0.5128329992294312,0.5019999742507935,0.5026670098304749,428010000
2007-03-13,0.4438769519329071,0.4841670095920563,0.5033329725265503,0.483832985162735,0.5003330111503601,617070000
2007-03-14,0.4417373239994049,0.4818330109119415,0.488332986831665,0.4673329889774322,0.4855000078678131,971610000
2007-03-15,0.4373064339160919,0.4769999980926513,0.4850000143051147,0.469666987657547,0.4806669950485229,655752000
2007-03-16,0.4331808984279632,0.4724999964237213,0.4781669974327087,0.4691669940948486,0.4773330092430115,525648000
2007-03-19,0.4353196322917938,0.4748330116271972,0.4824999868869781,0.4733330011367798,0.4749999940395355,461508000
2007-03-20,0.4331808984279632,0.4724999964237213,0.4841670095920563,0.4706670045852661,0.4733330011367798,656490000
2007-03-21,0.4579339921474457,0.4995000064373016,0.507332980632782,0.4823330044746399,0.4916670024394989,1268376000
2007-03-22,0.4680185914039612,0.5105000138282776,0.5134999752044678,0.4976670145988464,0.5,810954000
2007-03-23,0.462823212146759,0.5048329830169678,0.5156670212745667,0.5011669993400574,0.5066670179367065,524640000
2007-03-26,0.4637400209903717,0.5058330297470093,0.5099999904632568,0.4966669976711273,0.5051670074462891,447336000
2007-03-27,0.4550306499004364,0.4963330030441284,0.505666971206665,0.49583300948143,0.5046669840812683,469020000
2007-03-28,0.4463210999965668,0.4868330061435699,0.4963330030441284,0.4860000014305115,0.4921669960021972,459504000
2007-03-29,0.4385283887386322,0.4783329963684082,0.4948329925537109,0.4704999923706054,0.4941670000553131,719016000
2007-03-30,0.4397514462471008,0.4796670079231262,0.488332986831665,0.477167010307312,0.4848330020904541,581244000
2007-04-02,0.4392929077148437,0.4791670143604278,0.4824999868869781,0.4713329970836639,0.4785000085830688,400830000
2007-04-03,0.4376116394996643,0.4773330092430115,0.484499990940094,0.4728330075740814,0.4791670143604278,473724000
2007-04-04,0.4366948902606964,0.4763329923152923,0.4805000126361847,0.4749999940395355,0.4766669869422912,361692000
2007-04-05,0.472144067287445,0.5149999856948853,0.515500009059906,0.4783329963684082,0.4783329963684082,1332900000
2007-04-09,0.4635879099369049,0.505666971206665,0.5208330154418945,0.5046669840812683,0.5149999856948853,640950000
2007-04-10,0.4588508307933807,0.5005000233650208,0.5108330249786377,0.4995000064373016,0.5049999952316284,794220000
2007-04-11,0.4505996406078338,0.4914999902248382,0.5065000057220459,0.4898329973220825,0.5015000104904175,810150000
2007-04-12,0.4634347259998321,0.5055000185966492,0.5070000290870667,0.4856669902801513,0.4888330101966858,743640000
2007-04-13,0.4672549962997436,0.5096669793128967,0.5106670260429382,0.4976670145988464,0.503832995891571,638694000
2007-04-16,0.4648098349571228,0.5070000290870667,0.5121669769287109,0.5005000233650208,0.5083330273628235,671838000
2007-04-17,0.4692407846450805,0.5118330121040344,0.5316669940948486,0.5093330144882202,0.5198330283164978,1059108000
2007-04-18,0.4750477075576782,0.5181670188903809,0.5226669907569885,0.5083330273628235,0.5109999775886536,683802000
2007-04-19,0.4816173315048218,0.5253329873085022,0.5283330082893372,0.512499988079071,0.5139999985694885,568056000
2007-04-20,0.4872709512710571,0.531499981880188,0.5333330035209656,0.5245000123977661,0.5329999923706055,590052000
2007-04-23,0.479325383901596,0.522832989692688,0.5299999713897705,0.5213329792022705,0.5289999842643738,595272000
2007-04-24,0.4973558187484741,0.5425000190734863,0.5473330020904541,0.5281670093536377,0.5316669940948486,1028088000
2007-04-25,0.5059121251106262,0.5518329739570618,0.5548329949378967,0.5391669869422913,0.5416669845581055,509640000
2007-04-26,0.5121773481369019,0.558667004108429,0.5628330111503601,0.5468329787254333,0.5518329739570618,500070000
2007-04-27,0.5053016543388367,0.5511670112609863,0.5630000233650208,0.5423330068588257,0.556833028793335,554058000
2007-04-30,0.502551257610321,0.5481669902801514,0.5656669735908508,0.5479999780654907,0.558667004108429,563388000
2007-05-01,0.5078988075256348,0.5540000200271606,0.5618330240249634,0.5494999885559082,0.5581669807434082,544554000
2007-05-02,0.5019398331642151,0.5475000143051147,0.5591670274734497,0.5446670055389404,0.556833028793335,659658000
2007-05-03,0.5114127397537231,0.5578330159187317,0.5615000128746033,0.5516669750213623,0.5526670217514038,500250000
2007-05-04,0.5150800347328186,0.5618330240249634,0.5646669864654541,0.5554999709129333,0.5608329772949219,405246000
2007-05-07,0.5048434138298035,0.5506669878959656,0.5763329863548279,0.550000011920929,0.5699999928474426,557100000
2007-05-08,0.5086624622344971,0.5548329949378967,0.5561670064926147,0.536666989326477,0.5473330020904541,737100000
2007-05-09,0.5109546780586243,0.5573329925537109,0.5605000257492065,0.5444999933242798,0.550832986831665,417870000
2007-05-10,0.501481294631958,0.546999990940094,0.5669999718666077,0.5421670079231262,0.5596669912338257,802584000
2007-05-11,0.5369306802749634,0.5856670141220093,0.5913329720497131,0.5676670074462891,0.5764999985694885,1530630000
2007-05-14,0.5315819382667542,0.5798329710960388,0.5888329744338989,0.5743330121040344,0.5833330154418945,731568000
2007-05-15,0.5268461108207703,0.5746669769287109,0.5849999785423279,0.5733330249786377,0.5814999938011169,621360000
2007-05-16,0.533568799495697,0.5820000171661377,0.5820000171661377,0.5641670227050781,0.5751670002937317,523104000
2007-05-17,0.524706244468689,0.5723329782485962,0.5833330154418945,0.5690000057220459,0.5803329944610596,443664000
2007-05-18,0.5350968241691589,0.583666980266571,0.585332989692688,0.5718330144882202,0.5766670107841492,604266000
2007-05-21,0.5367774367332458,0.5855000019073486,0.6000000238418579,0.5791670083999634,0.5820000171661377,645768000
2007-05-22,0.539681077003479,0.5886669754981995,0.593999981880188,0.5764999985694885,0.5860000252723694,401736000
2007-05-23,0.5253177285194397,0.5730000138282776,0.5924999713897705,0.5713329911231995,0.5889999866485596,448248000
2007-05-24,0.5063703060150146,0.5523329973220825,0.5773329734802246,0.550000011920929,0.5756670236587524,607800000
2007-05-25,0.5143163204193115,0.5609999895095825,0.5638329982757568,0.5546669960021973,0.5563330054283142,308976000
2007-05-29,0.5198166966438293,0.5669999718666077,0.5688329935073853,0.5569999814033508,0.558667004108429,316242000
2007-05-30,0.5210392475128174,0.5683330297470093,0.5683330297470093,0.5533329844474792,0.5603330135345459,331650000
2007-05-31,0.529289960861206,0.5773329734802246,0.5808330178260803,0.569832980632782,0.5724999904632568,481572000
2007-06-01,0.5329572558403015,0.5813329815864563,0.5924999713897705,0.5803329944610596,0.5838329792022705,429084000
2007-06-04,0.5358608365058899,0.5845000147819519,0.5878329873085022,0.5736669898033142,0.5759999752044678,322002000
2007-06-05,0.5517513751983643,0.6018329858779907,0.6028329730033875,0.5851669907569885,0.5861669778823853,698586000
2007-06-06,0.5558767914772034,0.6063330173492432,0.6159999966621399,0.5951669812202454,0.5976669788360596,950736000
2007-06-07,0.5499179363250732,0.5998330116271973,0.612500011920929,0.5996670126914978,0.6035000085830688,791862000
2007-06-08,0.5584752559661865,0.6091669797897339,0.6100000143051147,0.5874999761581421,0.5948330163955688,533268000
2007-06-11,0.5604609251022339,0.6113330125808716,0.6150000095367432,0.6058329939842224,0.6091669797897339,434634000
2007-06-12,0.5546550154685974,0.6050000190734863,0.6166669726371765,0.6046670079231262,0.6081669926643372,526770000
2007-06-13,0.5679482817649841,0.6194999814033508,0.6196669936180115,0.603833019733429,0.6116669774055481,587232000
2007-06-14,0.5780327320098877,0.6305000185966492,0.6328330039978027,0.6158329844474792,0.6166669726371765,508548000
2007-06-15,0.6043142676353455,0.6591669917106628,0.6641669869422913,0.637499988079071,0.6376670002937317,1081998000
2007-06-18,0.6046195030212402,0.659500002861023,0.668166995048523,0.6541669964790344,0.6658329963684082,685662000
2007-06-19,0.6084399819374084,0.6636670231819153,0.665166974067688,0.650833010673523,0.6553329825401306,491952000
2007-06-20,0.6090505719184875,0.6643329858779907,0.6700000166893005,0.6598330140113831,0.6666669845581055,822792000
2007-06-21,0.6567230820655823,0.7163329720497131,0.7221670150756836,0.671999990940094,0.6771669983863831,1297326000
2007-06-22,0.6665024161338806,0.7269999980926514,0.7311670184135437,0.7058330178260803,0.7166669964790344,882618000
2007-06-25,0.648930549621582,0.7078329920768738,0.7239999771118164,0.7001670002937317,0.7066670060157776,819702000
2007-06-26,0.6188296675682068,0.675000011920929,0.7080000042915344,0.6733329892158508,0.7059999704360962,868482000
2007-06-27,0.6354848146438599,0.693166971206665,0.6940000057220459,0.6716669797897339,0.675000011920929,613140000
2007-06-28,0.6415961980819702,0.6998329758644104,0.7073330283164978,0.6883329749107361,0.6951670050621033,597534000
2007-06-29,0.6312060952186584,0.6884999871253967,0.7046669721603394,0.6881669759750366,0.7045000195503235,516570000
2007-07-02,0.657487690448761,0.7171670198440552,0.7174999713897705,0.6961669921875,0.6983330249786377,563850000
2007-07-03,0.6585568189620972,0.7183330059051514,0.7239999771118164,0.7108330130577087,0.7166669964790344,238770000
2007-07-05,0.6655857563018799,0.7260000109672546,0.7283329963684082,0.7149999737739563,0.718500018119812,373290000
2007-07-06,0.6687945127487183,0.7294999957084656,0.7323330044746399,0.7236670255661011,0.7250000238418579,282720000
2007-07-09,0.6882002353668213,0.7506669759750366,0.7541670203208923,0.7319999933242798,0.7321670055389404,536784000
2007-07-10,0.694922924041748,0.7580000162124634,0.762499988079071,0.7388330101966858,0.7468330264091492,552654000
2007-07-11,0.6918671131134033,0.7546669840812683,0.7630000114440918,0.7441669702529907,0.7578330039978027,582612000
2007-07-12,0.7051606178283691,0.7691670060157776,0.7699999809265137,0.7546669840812683,0.7599999904632568,438732000
2007-07-13,0.7008819580078125,0.7645000219345093,0.7761669754981995,0.7636669874191284,0.7670000195503235,372630000
2007-07-16,0.7135637402534485,0.7783330082893372,0.781499981880188,0.7649999856948853,0.7651669979095459,541710000
2007-07-17,0.7105083465576172,0.7749999761581421,0.7971670031547546,0.7743330001831055,0.781499981880188,643812000
2007-07-18,0.6975200772285461,0.7608330249786377,0.7661669850349426,0.7458329796791077,0.7638329863548279,550656000
2007-07-19,0.6967565417289734,0.7599999904632568,0.7754999995231628,0.7546669840812683,0.7716670036315918,407376000
2007-07-20,0.6891167759895325,0.7516670227050781,0.7676669955253601,0.7480000257492065,0.7649999856948853,505650000
2007-07-23,0.6959929466247559,0.7591670155525208,0.7746670246124268,0.7473329901695251,0.7490000128746033,360474000
2007-07-24,0.6776570677757263,0.7391669750213623,0.762499988079071,0.734499990940094,0.7561669945716858,457560000
2007-07-25,0.6744484305381775,0.7356669902801514,0.7498329877853394,0.7186669707298279,0.7393329739570618,437196000
2007-07-26,0.6778093576431274,0.7393329739570618,0.7496669888496399,0.7179999947547913,0.7278329730033875,710268000
2007-07-27,0.6761288046836853,0.737500011920929,0.7714999914169312,0.7371670007705688,0.737500011920929,615480000
2007-07-30,0.6950762867927551,0.758167028427124,0.7593330144882202,0.7400000095367432,0.7401670217514038,538158000
2007-07-31,0.6992015838623047,0.7626670002937317,0.7988330125808716,0.761667013168335,0.7881669998168945,711492000
2007-08-01,0.6940061450004578,0.7570000290870667,0.7701669931411743,0.7216669917106628,0.7516670227050781,705828000
2007-08-02,0.6909506916999817,0.7536669969558716,0.7663329839706421,0.7434999942779541,0.7656670212745667,468606000
2007-08-03,0.6500005125999451,0.7089999914169312,0.7566670179367065,0.708666980266571,0.7511669993400574,623412000
2007-08-06,0.6555010676383972,0.7149999737739563,0.7203329801559448,0.6949999928474426,0.7149999737739563,524724000
2007-08-07,0.6658911108970642,0.7263330221176147,0.7381669878959656,0.7055000066757202,0.7149999737739563,565764000
2007-08-08,0.6966032981872559,0.7598329782485962,0.7825000286102295,0.7338330149650574,0.7394999861717224,660744000
2007-08-09,0.704854428768158,0.7688329815864563,0.7900000214576721,0.7475000023841858,0.7649999856948853,1251834000
2007-08-10,0.6721566319465637,0.7331669926643372,0.7381669878959656,0.6898329854011536,0.7058330178260803,1141014000
2007-08-13,0.664821982383728,0.7251669764518738,0.7440000176429749,0.7099999785423279,0.7390000224113464,700410000
2007-08-14,0.6906443238258362,0.7533329725265503,0.7649999856948853,0.7279999852180481,0.7301669716835022,1092174000
2007-08-15,0.6614602208137512,0.7214999794960022,0.7599999904632568,0.7204999923706055,0.7493330240249634,695142000
2007-08-16,0.6504589319229126,0.7095000147819519,0.7195000052452087,0.675000011920929,0.7143329977989197,780030000
2007-08-17,0.6888107061386108,0.7513329982757568,0.7519999742507935,0.7064999938011169,0.7291669845581055,728712000
2007-08-20,0.6860604286193848,0.7483329772949219,0.7599999904632568,0.7391669750213623,0.7518330216407776,519684000
2007-08-21,0.7231901288032532,0.7888330221176147,0.7948330044746399,0.7416669726371765,0.7528330087661743,715338000
2007-08-22,0.7396922707557678,0.806833028793335,0.8115000128746033,0.7925000190734863,0.8088330030441284,566154000
2007-08-23,0.7334278225898743,0.800000011920929,0.8201670050621033,0.796500027179718,0.8106669783592224,667986000
2007-08-24,0.7372482419013977,0.8041669726371765,0.805666983127594,0.7918329834938049,0.7976670265197754,361644000
2007-08-27,0.7539022564888,0.8223329782485962,0.8308330178260803,0.8004999756813049,0.8041669726371765,635946000
2007-08-28,0.7079110145568848,0.7721670269966125,0.8283330202102661,0.7703329920768738,0.824999988079071,560022000
2007-08-29,0.7480965256690979,0.8159999847412109,0.8169999718666077,0.786666989326477,0.788332998752594,538560000
2007-08-30,0.743817925453186,0.8113330006599426,0.8314999938011169,0.8078330159187317,0.8081669807434082,465660000
2007-08-31,0.7817122340202332,0.852666974067688,0.8558329939842224,0.8238329887390137,0.8283330202102661,720834000
2007-09-04,0.8058539032936096,0.8790000081062317,0.8826670050621033,0.8431670069694519,0.8565000295639038,683268000
2007-09-05,0.7997417449951172,0.8723329901695251,0.8999999761581421,0.8716670274734497,0.8751670122146606,656274000
2007-09-06,0.8032568097114563,0.8761669993400574,0.8911669850349426,0.8725000023841858,0.883167028427124,425496000
2007-09-07,0.7739196419715881,0.8441669940948486,0.8606669902801514,0.8278329968452454,0.8518329858779907,602304000
2007-09-10,0.7760582566261292,0.8464999794960022,0.8774999976158142,0.8395000100135803,0.862500011920929,872112000
2007-09-11,0.7925602793693542,0.8644999861717224,0.8709999918937683,0.8477500081062317,0.8567500114440918,405424000
2007-09-12,0.7613898515701294,0.8305000066757202,0.878000020980835,0.8220000267028809,0.8737499713897705,554452000
2007-09-13,0.7616190314292908,0.8307499885559082,0.8472499847412109,0.8247500061988831,0.8462499976158142,452864000
2007-09-14,0.7391575574874878,0.8062499761581421,0.8234999775886536,0.8037499785423279,0.8224999904632568,487308000
2007-09-17,0.7375534772872925,0.8044999837875366,0.8159999847412109,0.7957500219345093,0.8075000047683716,374828000
2007-09-18,0.8021866083145142,0.875,0.887499988079071,0.8117499947547913,0.8130000233650208,844740000
2007-09-19,0.7875182032585144,0.859000027179718,0.8999999761581421,0.8504999876022339,0.8830000162124634,521360000
2007-09-20,0.7829340696334839,0.8539999723434448,0.8687499761581421,0.8445000052452087,0.859499990940094,324172000
2007-09-21,0.7904974818229675,0.8622499704360962,0.875,0.8539999723434448,0.862500011920929,457532000
2007-09-24,0.8106669783592224,0.8842499852180481,0.8974999785423279,0.8612499833106995,0.8675000071525574,456360000
2007-09-25,0.8209807872772217,0.8955000042915344,0.8992499709129333,0.8765000104904175,0.8790000081062317,360748000
2007-09-26,0.8404623866081238,0.9167500138282776,0.918749988079071,0.8977500200271606,0.8999999761581421,518032000
2007-09-27,0.8429834246635437,0.9194999933242798,0.9300000071525574,0.9097499847412108,0.9254999756813048,378280000
2007-09-28,0.8306072354316711,0.906000018119812,0.928250014781952,0.9039999842643738,0.925000011920929,404292000
2007-10-01,0.8656740188598633,0.944249987602234,0.9487500190734864,0.912750005722046,0.9137499928474426,398200000
2007-10-02,0.8574230670928955,0.9352499842643738,0.943750023841858,0.921500027179718,0.9419999718666076,284960000
2007-10-03,0.8209807872772217,0.8955000042915344,0.918749988079071,0.8807500004768372,0.918749988079071,467196000
2007-10-04,0.8246479630470276,0.8995000123977661,0.9047499895095824,0.8687499761581421,0.8945000171661377,378976000
2007-10-05,0.8464217185974121,0.9232500195503236,0.928250014781952,0.9039999842643738,0.9137499928474426,344840000
2007-10-08,0.8601731657981873,0.9382500052452089,0.9397500157356262,0.918749988079071,0.9297500252723694,252484000
2007-10-09,0.84504634141922,0.921750009059906,0.9424999952316284,0.9079999923706056,0.9382500052452089,403008000
2007-10-10,0.8459630012512207,0.9227499961853028,0.9279999732971193,0.9004999995231628,0.9279999732971193,389136000
2007-10-11,0.8083749413490295,0.8817499876022339,0.9257500171661376,0.871749997138977,0.9142500162124634,529104000
2007-10-12,0.8280858397483826,0.903249979019165,0.903249979019165,0.8777499794960022,0.8914999961853027,409952000
2007-10-15,0.8340447545051575,0.9097499847412108,0.921500027179718,0.9020000100135804,0.90625,355900000
2007-10-16,0.8416084051132202,0.9179999828338624,0.934249997138977,0.9054999947547911,0.9087499976158142,276360000
2007-10-17,0.9062421321868896,0.9884999990463256,0.991249978542328,0.952750027179718,0.9537500143051147,717944000
2007-10-18,0.9055541157722472,0.9877499938011168,0.9917500019073486,0.9605000019073486,0.9852499961853028,340620000
2007-10-19,0.8569645285606384,0.9347500205039978,0.9860000014305116,0.934499979019165,0.9854999780654908,505768000
2007-10-22,0.8975321650505066,0.9789999723434448,0.9810000061988832,0.9212499856948853,0.928749978542328,537656000
2007-10-23,0.9018872380256652,0.9837499856948853,0.9917500019073486,0.9570000171661376,0.9917500019073486,294292000
2007-10-24,0.8714039325714111,0.9505000114440918,0.962499976158142,0.9037500023841858,0.962499976158142,565500000
2007-10-25,0.7953110933303833,0.8675000071525574,0.9300000071525574,0.8397499918937683,0.9212499856948853,806192000
2007-10-26,0.7884348630905151,0.8600000143051147,0.9010000228881836,0.8475000262260437,0.8949999809265137,616580000
2007-10-29,0.7698702216148376,0.8397499918937683,0.84375,0.8140000104904175,0.8305000066757202,813896000
2007-10-30,0.7980613708496094,0.8705000281333923,0.8882499933242798,0.8324999809265137,0.8464999794960022,525212000
2007-10-31,0.8108962774276733,0.8845000267028809,0.8849999904632568,0.8485000133514404,0.8757500052452087,455188000
2007-11-01,0.8108962774276733,0.8845000267028809,0.9022499918937684,0.8587499856948853,0.8707500100135803,587236000
2007-11-02,0.8420665264129639,0.9185000061988832,0.925000011920929,0.8842499852180481,0.8967499732971191,491844000
2007-11-05,0.8420665264129639,0.9185000061988832,0.940500020980835,0.9049999713897704,0.9107499718666076,436636000
2007-11-06,0.8686537146568298,0.9474999904632568,0.9549999833106996,0.9229999780654908,0.9272500276565552,554620000
2007-11-07,0.8273984789848328,0.9024999737739564,0.9507499933242798,0.8949999809265137,0.9470000267028807,546768000
2007-11-08,0.7755998969078064,0.8460000157356262,0.9100000262260436,0.8202499747276306,0.893750011920929,996824000
2007-11-09,0.7645986676216125,0.8339999914169312,0.8700000047683716,0.8162500262260437,0.8637499809265137,871056000
2007-11-12,0.6882762312889099,0.7507500052452087,0.8397499918937683,0.7507500052452087,0.8337500095367432,715732000
2007-11-13,0.7490132451057434,0.8169999718666077,0.8177499771118164,0.7507500052452087,0.7630000114440918,726696000
2007-11-14,0.737324059009552,0.8042500019073486,0.8457499742507935,0.800000011920929,0.8377500176429749,666720000
2007-11-15,0.727468729019165,0.7935000061988831,0.8065000176429749,0.7749999761581421,0.7990000247955322,496436000
2007-11-16,0.7437415719032288,0.8112499713897705,0.8134999871253967,0.7935000061988831,0.800000011920929,423592000
2007-11-19,0.693547785282135,0.7565000057220459,0.8037499785423279,0.7522500157356262,0.7997499704360962,568412000
2007-11-20,0.6882762312889099,0.7507500052452087,0.7720000147819519,0.7277500033378601,0.7707499861717224,622628000
2007-11-21,0.6809419989585876,0.7427499890327454,0.7605000138282776,0.7327499985694885,0.7350000143051147,648452000
2007-11-23,0.6926306486129761,0.7555000185966492,0.7587500214576721,0.7384999990463257,0.7480000257492065,141976000
2007-11-26,0.6765873432159424,0.7379999756813049,0.7705000042915344,0.7365000247955322,0.7549999952316284,385896000
2007-11-27,0.7056950926780701,0.7697499990463257,0.7720000147819519,0.7427499890327454,0.7484999895095825,458856000
2007-11-28,0.7529097199440002,0.8212500214576721,0.8322499990463257,0.7902500033378601,0.7940000295639038,574548000
2007-11-29,0.7590978145599365,0.828000009059906,0.8525000214576721,0.8165000081062317,0.8199999928474426,489084000
2007-11-30,0.722885012626648,0.7885000109672546,0.8550000190734863,0.7860000133514404,0.8550000190734863,652656000
2007-12-03,0.7334278225898743,0.800000011920929,0.8147500157356262,0.7877500057220459,0.800000011920929,490688000
2007-12-04,0.7327402830123901,0.7992500066757202,0.8062499761581421,0.7837499976158142,0.8034999966621399,371712000
2007-12-05,0.7707869410514832,0.840749979019165,0.856249988079071,0.8195000290870667,0.8297500014305115,666704000
2007-12-06,0.7863720655441284,0.8577499985694885,0.8604999780654907,0.831250011920929,0.8387500047683716,371152000
2007-12-07,0.7765166163444519,0.847000002861023,0.8622499704360962,0.8382499814033508,0.8612499833106995,320292000
2007-12-10,0.7849968671798706,0.856249988079071,0.8662499785423279,0.8472499847412109,0.8497499823570251,336360000
2007-12-11,0.7859137058258057,0.8572499752044678,0.890500009059906,0.8552500009536743,0.8744999766349792,582436000
2007-12-12,0.8129588961601257,0.8867499828338623,0.9022499918937684,0.8694999814033508,0.8934999704360962,617504000
2007-12-13,0.7907270789146423,0.862500011920929,0.8817499876022339,0.8370000123977661,0.8759999871253967,500364000
2007-12-14,0.8037908673286438,0.8767499923706055,0.8862500190734863,0.8527500033378601,0.8585000038146973,354016000
2007-12-17,0.762765109539032,0.8320000171661377,0.8757500052452087,0.8299999833106995,0.8675000071525574,507408000
2007-12-18,0.7822466492652893,0.8532500267028809,0.862500011920929,0.8362500071525574,0.8447499871253967,396896000
2007-12-19,0.789580762386322,0.8612499833106995,0.8692499995231628,0.846750020980835,0.8502500057220459,253536000
2007-12-20,0.8060829639434814,0.8792499899864197,0.8812500238418579,0.8567500114440918,0.875,279940000
2007-12-21,0.8058539032936096,0.8790000081062317,0.8974999785423279,0.8709999918937683,0.8897500038146973,433408000
2007-12-24,0.8200641870498657,0.8945000171661377,0.8987500071525574,0.8790000081062317,0.8855000138282776,104008000
2007-12-26,0.8310653567314148,0.906499981880188,0.906499981880188,0.887499988079071,0.8962500095367432,215340000
2007-12-27,0.8053953647613525,0.8784999847412109,0.9100000262260436,0.8762500286102295,0.9049999713897704,241368000
2007-12-28,0.7973736524581909,0.8697500228881836,0.887499988079071,0.8622499704360962,0.8769999742507935,262064000
2007-12-31,0.7797255516052246,0.8504999876022339,0.8784999847412109,0.8502500057220459,0.8627499938011169,276236000
2008-01-02,0.7565767765045166,0.8252500295639038,0.856249988079071,0.8140000104904175,0.8529999852180481,483964000
2008-01-03,0.7506176233291626,0.8187500238418579,0.8464999794960022,0.815750002861023,0.8299999833106995,475308000
2008-01-04,0.687588632106781,0.75,0.7982500195503235,0.7450000047683716,0.7942500114440918,736092000
2008-01-07,0.6165377497673035,0.6725000143051147,0.7612500190734863,0.6587499976158142,0.7549999952316284,1006800000
2008-01-08,0.6296019554138184,0.6867499947547913,0.7322499752044678,0.6604999899864197,0.6762499809265137,1106956000
2008-01-09,0.6621478199958801,0.7222499847412109,0.7225000262260437,0.6857500076293945,0.6959999799728394,741036000
2008-01-10,0.6483959555625916,0.7072499990463257,0.718500018119812,0.6932500004768372,0.7024999856948853,554432000
2008-01-11,0.6199756860733032,0.6762499809265137,0.7049999833106995,0.6712499856948853,0.690500020980835,572612000
2008-01-14,0.6612309813499451,0.7212499976158142,0.7222499847412109,0.6752499938011169,0.6862499713897705,539188000
2008-01-15,0.6126416921615601,0.6682500243186951,0.7020000219345093,0.656499981880188,0.6937500238418579,725692000
2008-01-16,0.5434240102767944,0.5927500128746033,0.6340000033378601,0.5789999961853027,0.6262500286102295,1464472000
2008-01-17,0.534027099609375,0.5824999809265137,0.6179999709129333,0.5809999704360962,0.6019999980926514,1133900000
2008-01-18,0.5693231821060181,0.6209999918937683,0.6242499947547913,0.5630000233650208,0.5842499732971191,920428000
2008-01-22,0.5409029722213745,0.5899999737739563,0.6044999957084656,0.5582500100135803,0.5617499947547913,709092000
2008-01-23,0.5507584810256958,0.6007500290870667,0.6184999942779541,0.5605000257492065,0.5659999847412109,929880000
2008-01-24,0.5929306745529175,0.6467499732971191,0.6470000147819519,0.6067500114440918,0.612500011920929,597092000
2008-01-25,0.5718444585800171,0.6237499713897705,0.6865000128746033,0.6207500100135803,0.671500027179718,688012000
2008-01-28,0.5649686455726624,0.6162499785423279,0.6277499794960022,0.6029999852180481,0.6215000152587891,577608000
2008-01-29,0.5823875069618225,0.6352499723434448,0.6377500295639038,0.6110000014305115,0.6272500157356262,414484000
2008-01-30,0.5773453712463379,0.6297500133514404,0.6392499804496765,0.6117500066757202,0.625,530476000
2008-01-31,0.5635935068130493,0.6147500276565552,0.6262500286102295,0.5957499742507935,0.6159999966621399,588708000
2008-02-01,0.6156210899353027,0.671500027179718,0.675000011920929,0.6082500219345093,0.6134999990463257,593104000
2008-02-04,0.5963686108589172,0.6504999995231628,0.6897500157356262,0.6470000147819519,0.6859999895095825,565128000
2008-02-05,0.5590094327926636,0.609749972820282,0.6377500295639038,0.609499990940094,0.637499988079071,494928000
2008-02-06,0.5571761727333069,0.6077499985694885,0.6332499980926514,0.5964999794960022,0.6162499785423279,557380000
2008-02-07,0.562676727771759,0.6137499809265137,0.6309999823570251,0.5774999856948853,0.5902500152587891,664128000
2008-02-08,0.572761595249176,0.624750018119812,0.6294999718666077,0.6000000238418579,0.6079999804496765,393932000
2008-02-11,0.5745945572853088,0.6267499923706055,0.640250027179718,0.6225000023841858,0.6299999952316284,503732000
2008-02-12,0.5959101915359497,0.6499999761581421,0.6589999794960022,0.6327499747276306,0.6362500190734863,609688000
2008-02-13,0.6192880868911743,0.6754999756813049,0.6775000095367432,0.6480000019073486,0.6549999713897705,742312000
2008-02-14,0.518212616443634,0.5652499794960022,0.65625,0.5637500286102295,0.6557499766349792,2184296000
2008-02-15,0.5104199051856995,0.5567499995231628,0.578249990940094,0.5477499961853027,0.5630000233650208,817364000
2008-02-19,0.5028566122055054,0.5485000014305115,0.5680000185966492,0.543749988079071,0.5669999718666077,558608000
2008-02-20,0.4991892576217651,0.5444999933242798,0.5525000095367432,0.5302500128746033,0.5325000286102295,759016000
2008-02-21,0.4879587292671203,0.5322499871253967,0.5527499914169312,0.5289999842643738,0.550000011920929,644272000
2008-02-22,0.5115662217140198,0.5580000281333923,0.5590000152587891,0.5325000286102295,0.5364999771118164,723052000
2008-02-25,0.5113366842269897,0.5577499866485596,0.5640000104904175,0.5429999828338623,0.5575000047683716,671784000
2008-02-26,0.5156914591789246,0.5625,0.5709999799728394,0.5460000038146973,0.5544999837875366,565420000
2008-02-27,0.5237133502960205,0.5712500214576721,0.5757499933242798,0.5562499761581421,0.5597500205039978,537816000
2008-02-28,0.5040024518966675,0.5497499704360962,0.5672500133514404,0.5497499704360962,0.5662500262260437,503608000
2008-02-29,0.4902506470680237,0.5347499847412109,0.5479999780654907,0.5325000286102295,0.5407500267028809,540576000
2008-03-03,0.4845209419727325,0.5285000205039978,0.5377500057220459,0.5214999914169312,0.5339999794960022,449028000
2008-03-04,0.4797076284885406,0.5232499837875366,0.5260000228881836,0.5027499794960022,0.5249999761581421,778888000
2008-03-05,0.4852083623409271,0.5292500257492065,0.5417500138282776,0.5227500200271606,0.528249979019165,644656000
2008-03-06,0.4547250866889953,0.4959999918937683,0.5262500047683716,0.4952499866485595,0.5227500200271606,1075284000
2008-03-07,0.4480786025524139,0.488750010728836,0.5080000162124634,0.4749999940395355,0.4869999885559082,767500000
2008-03-10,0.4224086403846741,0.460750013589859,0.488750010728836,0.4600000083446502,0.4827499985694885,776100000
2008-03-11,0.4363895356655121,0.4760000109672546,0.4807499945163727,0.4560000002384186,0.4749999940395355,857940000
2008-03-12,0.4244712889194488,0.4629999995231628,0.4847500026226043,0.4589999914169311,0.4805000126361847,743320000
2008-03-13,0.4515166282653808,0.4925000071525574,0.4995000064373016,0.453000009059906,0.4557499885559082,1220528000
2008-03-14,0.4198874831199646,0.4580000042915344,0.4954999983310699,0.4544999897480011,0.4950000047683716,1154972000
2008-03-17,0.4093444645404815,0.4465000033378601,0.4620000123977661,0.4327499866485595,0.4379999935626983,800952000
2008-03-18,0.4347851872444153,0.4742499887943268,0.4749999940395355,0.4440000057220459,0.4569999873638153,1075256000
2008-03-19,0.4047605395317077,0.4415000081062317,0.4697499871253967,0.4415000081062317,0.4632500112056732,880476000
2008-03-20,0.4244712889194488,0.4629999995231628,0.4639999866485595,0.4387499988079071,0.4467499852180481,633460000
2008-03-24,0.4590800702571869,0.5007500052452087,0.5034999847412109,0.4715000092983246,0.47325000166893,887440000
2008-03-25,0.4657267928123474,0.5080000162124634,0.5174999833106995,0.4982500076293945,0.503000020980835,735388000
2008-03-26,0.4508289992809295,0.4917500019073486,0.5047500133514404,0.4862500131130218,0.5012500286102295,721652000
2008-03-27,0.444411426782608,0.4847500026226043,0.4979999959468841,0.476749986410141,0.484250009059906,601308000
2008-03-28,0.4510581493377685,0.492000013589859,0.5047500133514404,0.4884999990463257,0.4934999942779541,561788000
2008-03-31,0.4535793364048004,0.4947499930858612,0.5065000057220459,0.4884999990463257,0.4972499907016754,569992000
2008-04-01,0.4813119173049927,0.5249999761581421,0.5262500047683716,0.5022500157356262,0.5095000267028809,676872000
2008-04-02,0.4666433930397033,0.5090000033378601,0.5264999866485596,0.5049999952316284,0.5264999866485596,616536000
2008-04-03,0.4579339921474457,0.4995000064373016,0.5055000185966492,0.4847500026226043,0.5047500133514404,841984000
2008-04-04,0.4304303228855133,0.4695000052452087,0.492000013589859,0.4682500064373016,0.4894999861717224,1535528000
2008-04-07,0.4407442510128021,0.4807499945163727,0.4880000054836273,0.4769999980926513,0.481000006198883,729496000
2008-04-08,0.438223123550415,0.4779999852180481,0.4934999942779541,0.4749999940395355,0.4749999940395355,639476000
2008-04-09,0.4469325840473175,0.4875000119209289,0.4925000071525574,0.4790000021457672,0.4835000038146972,675232000
2008-04-10,0.4556421339511871,0.4970000088214874,0.5127500295639038,0.4822500050067901,0.4927499890327453,1092184000
2008-04-11,0.424700528383255,0.4632500112056732,0.4905000030994415,0.4602499902248382,0.4875000119209289,1106280000
2008-04-14,0.4104903936386108,0.4477500021457672,0.4625000059604645,0.4449999928474426,0.4614999890327453,780004000
2008-04-15,0.4153036177158355,0.453000009059906,0.4547500014305115,0.4402500092983246,0.449999988079071,439916000
2008-04-16,0.4318056106567383,0.4709999859333038,0.4769999980926513,0.4620000123977661,0.4702500104904175,646836000
2008-04-17,0.4258466064929962,0.4645000100135803,0.4662500023841858,0.4490000009536743,0.4492500126361847,596968000
2008-04-18,0.4359312355518341,0.4754999876022339,0.4830000102519989,0.4690000116825104,0.4787499904632568,573540000
2008-04-21,0.4554128050804138,0.496749997138977,0.5,0.4717499911785126,0.4717499911785126,679892000
2008-04-22,0.4469325840473175,0.4875000119209289,0.4930000007152557,0.4769999980926513,0.4877499938011169,587668000
2008-04-23,0.4684769511222839,0.5109999775886536,0.5164999961853027,0.4877499938011169,0.4942499995231628,1020496000
2008-04-24,0.4572463929653168,0.4987500011920929,0.5164999961853027,0.4912500083446502,0.5139999985694885,655764000
2008-04-25,0.4618302881717682,0.5037500262260437,0.5049999952316284,0.4877499938011169,0.5034999847412109,552208000
2008-04-28,0.4535793364048004,0.4947499930858612,0.5090000033378601,0.4927499890327453,0.5015000104904175,535700000
2008-04-29,0.462976336479187,0.5049999952316284,0.5112500190734863,0.4892500042915344,0.4892500042915344,573408000
2008-04-30,0.4709983468055725,0.5137500166893005,0.5192499756813049,0.5074999928474426,0.5109999775886536,1068320000
2008-05-01,0.4927716851234436,0.5375000238418579,0.5387499928474426,0.5174999833106995,0.5199999809265137,1014624000
2008-05-02,0.5161499977111816,0.5630000233650208,0.5630000233650208,0.5440000295639038,0.5522500276565552,1131016000
2008-05-05,0.5033147931098938,0.5490000247955322,0.5617499947547913,0.5477499961853027,0.559249997138977,943392000
2008-05-06,0.5163788795471191,0.5632500052452087,0.5644999742507935,0.5389999747276306,0.5475000143051147,729036000
2008-05-07,0.5044609904289246,0.5502499938011169,0.5722500085830688,0.5454999804496765,0.5647500157356262,715632000
2008-05-08,0.5030856728553772,0.5487499833106995,0.5562499761581421,0.5252500176429749,0.5544999837875366,1360000000
2008-05-09,0.5163788795471191,0.5632500052452087,0.5857499837875366,0.5492500066757202,0.5502499938011169,2030352000
2008-05-12,0.5017105937004089,0.547249972820282,0.5705000162124634,0.5417500138282776,0.5705000162124634,1006652000
2008-05-13,0.4913965463638305,0.5360000133514404,0.550000011920929,0.5320000052452087,0.550000011920929,854108000
2008-05-14,0.505836009979248,0.5517500042915344,0.5659999847412109,0.5360000133514404,0.5427500009536743,751148000
2008-05-15,0.5450286269187927,0.5945000052452087,0.597000002861023,0.5479999780654907,0.5504999756813049,1165464000
2008-05-16,0.5594678521156311,0.6102499961853027,0.6115000247955322,0.590749979019165,0.6044999957084656,1091556000
2008-05-19,0.5477789044380188,0.5975000262260437,0.6327499747276306,0.5932499766349792,0.6104999780654907,1158532000
2008-05-20,0.533568799495697,0.5820000171661377,0.5879999995231628,0.5752500295639038,0.581250011920929,771404000
2008-05-21,0.5292141437530518,0.5772500038146973,0.6060000061988831,0.5759999752044678,0.5835000276565552,1066660000
2008-05-22,0.5420491695404053,0.5912500023841858,0.5960000157356262,0.5762500166893005,0.5855000019073486,693108000
2008-05-23,0.5296724438667297,0.577750027179718,0.5950000286102295,0.5692499876022339,0.5902500152587891,802672000
2008-05-27,0.5354024767875671,0.5839999914169312,0.5847499966621399,0.5677499771118164,0.5787500143051147,832856000
2008-05-28,0.5404447317123413,0.5895000100135803,0.6014999747276306,0.5827500224113464,0.6000000238418579,751736000
2008-05-29,0.5390691757202148,0.5879999995231628,0.590749979019165,0.5772500038146973,0.5897499918937683,693460000
2008-05-30,0.5661143660545349,0.6175000071525574,0.6194999814033508,0.6029999852180481,0.6047499775886536,830244000
2008-06-02,0.5684066414833069,0.6200000047683716,0.624750018119812,0.6107500195503235,0.6175000071525574,734660000
2008-06-03,0.5491540431976318,0.5989999771118164,0.6230000257492065,0.5917500257492065,0.621999979019165,840696000
2008-06-04,0.5555716156959534,0.6060000061988831,0.6072499752044678,0.5824999809265137,0.5857499837875366,831724000
2008-06-05,0.5695524215698242,0.6212499737739563,0.6337500214576721,0.6142500042915344,0.6269999742507935,827860000
2008-06-06,0.5514458417892456,0.6014999747276306,0.6144999861717224,0.5979999899864197,0.6137499809265137,784876000
2008-06-09,0.5429659485816956,0.5922499895095825,0.606249988079071,0.5802500247955322,0.5979999899864197,637916000
2008-06-10,0.5108786821365356,0.5572500228881836,0.5770000219345093,0.5534999966621399,0.5762500166893005,1225208000
2008-06-11,0.4870420396327972,0.53125,0.5707499980926514,0.5304999947547913,0.5572500228881836,999428000
2008-06-12,0.4900215268135071,0.534500002861023,0.5537499785423279,0.5299999713897705,0.5432500243186951,825992000
2008-06-13,0.4884172081947326,0.5327500104904175,0.5414999723434448,0.5170000195503235,0.5352500081062317,705748000
2008-06-16,0.4817705452442169,0.5254999995231628,0.5320000052452087,0.5212500095367432,0.5270000100135803,630496000
2008-06-17,0.4700814187526703,0.5127500295639038,0.5332499742507935,0.5115000009536743,0.5329999923706055,687912000
2008-06-18,0.4563295245170593,0.4977500140666961,0.5249999761581421,0.4894999861717224,0.5074999928474426,1065272000
2008-06-19,0.4551836550235748,0.4964999854564667,0.5074999928474426,0.484499990940094,0.5005000233650208,784928000
2008-06-20,0.4528917074203491,0.4939999878406524,0.4995000064373016,0.4852499961853027,0.4855000078678131,741008000
2008-06-23,0.4434945583343506,0.4837499856948852,0.4982500076293945,0.4794999957084656,0.4977500140666961,776616000
2008-06-24,0.4581632614135742,0.4997499883174896,0.5112500190734863,0.481000006198883,0.481000006198883,1078928000
2008-06-25,0.4606843292713165,0.5024999976158142,0.5112500190734863,0.4945000112056732,0.5074999928474426,900976000
2008-06-26,0.4370772242546081,0.476749986410141,0.4912500083446502,0.476749986410141,0.4875000119209289,845532000
2008-06-27,0.4418903291225433,0.4819999933242798,0.4847500026226043,0.4677500128746032,0.4787499904632568,584140000
2008-06-30,0.4290553331375122,0.4679999947547912,0.4807499945163727,0.4647499918937683,0.476500004529953,653940000
2008-07-01,0.4297428131103515,0.46875,0.4692499935626983,0.4539999961853027,0.4625000059604645,881464000
2008-07-02,0.4132407605648041,0.4507499933242798,0.4695000052452087,0.449999988079071,0.4665000140666961,763196000
2008-07-03,0.2862659394741058,0.3122499883174896,0.328249990940094,0.3100000023841858,0.3244999945163727,2987520000
2008-07-07,0.2773275077342987,0.3025000095367431,0.3190000057220459,0.2939999997615814,0.31700000166893,2202692000
2008-07-08,0.2757229208946228,0.3007499873638153,0.3120000064373016,0.2949999868869781,0.304500013589859,1805288000
2008-07-09,0.2709099948406219,0.2955000102519989,0.3059999942779541,0.2955000102519989,0.301499992609024,1413168000
2008-07-10,0.2702223658561706,0.2947500050067901,0.3005000054836273,0.289249986410141,0.296999990940094,1056992000
2008-07-11,0.267471969127655,0.2917500138282776,0.2989999949932098,0.2829999923706054,0.2887499928474426,807760000
2008-07-14,0.255324512720108,0.2784999907016754,0.2962499856948852,0.2764999866485595,0.2939999997615814,882316000
2008-07-15,0.2580749988555908,0.2815000116825104,0.2872500121593475,0.2675000131130218,0.2759999930858612,1122484000
2008-07-16,0.2594500482082367,0.2829999923706054,0.2904999852180481,0.2747499942779541,0.2824999988079071,1034392000
2008-07-17,0.260366827249527,0.2840000092983246,0.2874999940395355,0.2730000019073486,0.2874999940395355,862080000
2008-07-18,0.2649508118629455,0.289000004529953,0.2907499969005584,0.2739999890327453,0.2820000052452087,899720000
2008-07-21,0.2665552794933319,0.2907499969005584,0.2977499961853027,0.2882499992847442,0.293500006198883,571636000
2008-07-22,0.2608253061771393,0.2845000028610229,0.289249986410141,0.2790000140666961,0.2879999876022339,555924000
2008-07-23,0.2686178982257843,0.2930000126361847,0.2960000038146972,0.2852500081062317,0.2865000069141388,594876000
2008-07-24,0.2528033256530761,0.2757500112056732,0.2927500009536743,0.2750000059604645,0.2899999916553497,705628000
2008-07-25,0.2649508118629455,0.289000004529953,0.2899999916553497,0.2727499902248382,0.2784999907016754,1039600000
2008-07-28,0.264263242483139,0.2882499992847442,0.2977499961853027,0.2840000092983246,0.2852500081062317,734808000
2008-07-29,0.2670135498046875,0.2912499904632568,0.2985000014305115,0.2854999899864197,0.2887499928474426,764636000
2008-07-30,0.2631171643733978,0.2870000004768371,0.2975000143051147,0.2804999947547912,0.296999990940094,588492000
2008-07-31,0.2622004151344299,0.2860000133514404,0.2922500073909759,0.2829999923706054,0.2862499952316284,487236000
2008-08-01,0.2484486848115921,0.2709999978542328,0.2795000076293945,0.2675000131130218,0.2784999907016754,881060000
2008-08-04,0.2424895763397216,0.2644999921321869,0.2725000083446502,0.2637499868869781,0.2709999978542328,522052000
2008-08-05,0.2564705014228821,0.2797499895095825,0.2797499895095825,0.2664999961853027,0.2694999873638153,685844000
2008-08-06,0.2633465826511383,0.2872500121593475,0.2897500097751617,0.2714999914169311,0.2804999947547912,814864000
2008-08-07,0.2592209279537201,0.2827500104904175,0.2975000143051147,0.2795000076293945,0.2847500145435333,819232000
2008-08-08,0.2521158456802368,0.2750000059604645,0.2874999940395355,0.2739999890327453,0.2849999964237213,853764000
2008-08-11,0.2573873996734619,0.2807500064373016,0.2874999940395355,0.2759999930858612,0.2770000100135803,1196436000
2008-08-12,0.2537202537059784,0.2767499983310699,0.2837499976158142,0.2727499902248382,0.2829999923706054,1410868000
2008-08-13,0.2809946238994598,0.3064999878406524,0.3109999895095825,0.2915000021457672,0.2987500131130218,2095260000
2008-08-14,0.2979550957679748,0.324999988079071,0.3372499942779541,0.3042500019073486,0.3042500019073486,1635304000
2008-08-15,0.2970383167266845,0.3240000009536743,0.3345000147819519,0.3217499852180481,0.3307499885559082,777652000
2008-08-18,0.302997350692749,0.3305000066757202,0.3334999978542328,0.3227500021457672,0.3262499868869781,893968000
2008-08-19,0.3075813353061676,0.3355000019073486,0.3375000059604645,0.3237499892711639,0.3237499892711639,1014140000
2008-08-20,0.3227081894874573,0.3519999980926513,0.3529999852180481,0.3379999995231628,0.340499997138977,1143692000
2008-08-21,0.312165230512619,0.340499997138977,0.3485000133514404,0.3334999978542328,0.3457500040531158,1021560000
2008-08-22,0.3119361400604248,0.3402499854564667,0.3470000028610229,0.3330000042915344,0.3429999947547912,459264000
2008-08-25,0.3073519766330719,0.3352499902248382,0.3462499976158142,0.3342500030994415,0.3382500112056732,471600000
2008-08-26,0.3000179529190063,0.3272500038146972,0.3372499942779541,0.3237499892711639,0.3370000123977661,613112000
2008-08-27,0.3023097515106201,0.3297500014305115,0.3337500095367431,0.3167499899864197,0.3197500109672546,454620000
2008-08-28,0.3011638224124908,0.3285000026226043,0.3337500095367431,0.3252499997615814,0.3302499949932098,365192000
2008-08-29,0.2897041440010071,0.3160000145435333,0.324999988079071,0.3149999976158142,0.3240000009536743,516004000
2008-09-02,0.2823697924613952,0.3079999983310699,0.3240000009536743,0.3037500083446502,0.3212499916553497,693928000
2008-09-03,0.2672428488731384,0.2915000021457672,0.3050000071525574,0.2887499928474426,0.3037500083446502,714856000
2008-09-04,0.2635756134986877,0.2874999940395355,0.2912499904632568,0.28575000166893,0.2882499992847442,716128000
2008-09-05,0.267471969127655,0.2917500138282776,0.2924999892711639,0.2847500145435333,0.2849999964237213,791100000
2008-09-08,0.2564705014228821,0.2797499895095825,0.2944999933242798,0.2750000059604645,0.2944999933242798,1314840000
2008-09-09,0.247760996222496,0.270249992609024,0.2957499921321869,0.2692500054836273,0.2787500023841858,1098296000
2008-09-10,0.2479902654886245,0.2705000042915344,0.2790000140666961,0.2687500119209289,0.273499995470047,644284000
2008-09-11,0.2360720336437225,0.2574999928474426,0.2630000114440918,0.248999997973442,0.2549999952316284,1066976000
2008-09-12,0.2335509806871414,0.2547500133514404,0.2569999992847442,0.2402500063180923,0.2552500069141388,1209200000
2008-09-15,0.2131524682044983,0.2325000017881393,0.2495000064373016,0.2294999957084655,0.2457499951124191,863984000
2008-09-16,0.219799131155014,0.2397499978542328,0.2415000051259994,0.2199999988079071,0.2242500036954879,1240840000
2008-09-17,0.229196161031723,0.25,0.2554999887943268,0.2319999933242797,0.2342499941587448,1392580000
2008-09-18,0.2495946288108825,0.2722499966621399,0.2854999899864197,0.2524999976158142,0.2529999911785126,1611060000
2008-09-19,0.2615128755569458,0.2852500081062317,0.2874999940395355,0.2725000083446502,0.2852500081062317,1107344000
2008-09-22,0.2560122311115265,0.2792499959468841,0.2912499904632568,0.2777499854564667,0.2829999923706054,700072000
2008-09-23,0.248677909374237,0.2712500095367431,0.2872500121593475,0.270249992609024,0.2770000100135803,821468000
2008-09-24,0.2578457295894623,0.28125,0.2867499887943268,0.2662500143051147,0.2677499949932098,866036000
2008-09-25,0.2628880739212036,0.2867499887943268,0.293500006198883,0.2764999866485595,0.28125,588328000
2008-09-26,0.2679304182529449,0.2922500073909759,0.2942500114440918,0.2745000123977661,0.2797499895095825,646852000
2008-09-29,0.2314881682395935,0.2524999976158142,0.2879999876022339,0.25,0.2845000028610229,975240000
2008-09-30,0.2454691976308822,0.2677499949932098,0.270249992609024,0.2537499964237213,0.2565000057220459,659044000
2008-10-01,0.2385932654142379,0.2602500021457672,0.2685000002384186,0.2554999887943268,0.2637499868869781,557208000
2008-10-02,0.2138400971889495,0.233250007033348,0.2619999945163727,0.2319999933242797,0.2619999945163727,787728000
2008-10-03,0.2069641202688217,0.2257499992847442,0.2437500059604644,0.2242500036954879,0.2370000034570694,915828000
2008-10-06,0.1799190491437912,0.1962500065565109,0.215499997138977,0.1827500015497207,0.2150000035762787,1677440000
2008-10-07,0.1659380495548248,0.1809999942779541,0.2037499994039535,0.1794999986886978,0.2032500058412552,1059984000
2008-10-08,0.1693760156631469,0.1847500056028366,0.1955000013113021,0.1727499961853027,0.1745000034570694,1219456000
2008-10-09,0.158603698015213,0.1729999929666519,0.194250002503395,0.1710000038146972,0.1914999932050705,909636000
2008-10-10,0.1560826152563095,0.1702499985694885,0.1832499951124191,0.1570000052452087,0.1580000072717666,1200252000
2008-10-13,0.184502974152565,0.2012500017881393,0.2014999985694885,0.1825000047683715,0.1847500056028366,916536000
2008-10-14,0.1803774237632751,0.1967500001192093,0.209999993443489,0.1912499964237213,0.2087499946355819,1209012000
2008-10-15,0.1608957350254058,0.1755000054836273,0.1965000033378601,0.1755000054836273,0.1955000013113021,854064000
2008-10-16,0.176481083035469,0.1924999952316284,0.1934999972581863,0.1724999994039535,0.1807499974966049,1019820000
2008-10-17,0.1753350496292114,0.1912499964237213,0.2022500038146972,0.1835000067949295,0.1870000064373016,839416000
2008-10-20,0.1787730604410171,0.1949999928474426,0.1992499977350235,0.1902499943971634,0.1977500021457672,595764000
2008-10-21,0.1650212854146957,0.1800000071525573,0.1932500004768371,0.1790000051259994,0.1912499964237213,659116000
2008-10-22,0.1588329672813415,0.1732500046491623,0.1850000023841858,0.168500006198883,0.1774999946355819,600996000
2008-10-23,0.1498943269252777,0.1634999960660934,0.1770000010728836,0.1564999967813491,0.1727499961853027,832192000
2008-10-24,0.1514986753463745,0.1652500033378601,0.1737499982118606,0.1492500007152557,0.1500000059604644,798336000
2008-10-27,0.159749761223793,0.1742500066757202,0.1844999939203262,0.1589999943971634,0.1642500013113021,698936000
2008-10-28,0.1838153451681137,0.2004999965429306,0.2007499933242797,0.1802500039339065,0.1835000067949295,849920000
2008-10-29,0.1897744536399841,0.2070000022649765,0.2199999988079071,0.1982499957084655,0.1992499977350235,977284000
2008-10-30,0.1977962851524353,0.2157499939203262,0.2199999988079071,0.2025000005960464,0.21875,657176000
2008-10-31,0.2007758468389511,0.2189999967813491,0.22325000166893,0.2084999978542328,0.2090000063180923,608672000
2008-11-03,0.1934415996074676,0.210999995470047,0.2277500033378601,0.2074999958276748,0.2237499952316284,723924000
2008-11-04,0.2058181464672088,0.2245000004768371,0.2245000004768371,0.2125000059604644,0.2182500064373016,619560000
2008-11-05,0.1950459480285644,0.2127500027418136,0.2224999964237213,0.2127500027418136,0.2162500023841858,787620000
2008-11-06,0.1746474802494049,0.1905000060796737,0.207749992609024,0.1899999976158142,0.2002499997615814,797936000
2008-11-07,0.1998591125011444,0.2179999947547912,0.2267500013113021,0.2025000005960464,0.2169999927282333,1132068000
2008-11-10,0.1870241314172744,0.2039999961853027,0.2275000065565109,0.1992499977350235,0.2262499928474426,576396000
2008-11-11,0.1787730604410171,0.1949999928474426,0.2025000005960464,0.1930000036954879,0.2010000050067901,576484000
2008-11-12,0.1682300120592117,0.1835000067949295,0.1934999972581863,0.1812500059604644,0.1889999955892563,646092000
2008-11-13,0.1819817572832107,0.1985000073909759,0.1987500041723251,0.1714999973773956,0.1749999970197677,797228000
2008-11-14,0.164333701133728,0.1792500019073486,0.1914999932050705,0.1784999966621399,0.1905000060796737,741024000
2008-11-17,0.1608957350254058,0.1755000054836273,0.1822499930858612,0.1737499982118606,0.1774999946355819,388224000
2008-11-18,0.1556242257356643,0.1697500050067901,0.1800000071525573,0.164000004529953,0.1790000051259994,564488000
2008-11-19,0.142789289355278,0.1557500064373016,0.1724999994039535,0.1550000011920929,0.1682499945163726,500220000
2008-11-20,0.1352257430553436,0.147499993443489,0.1622499972581863,0.1457500010728836,0.1544999927282333,847036000
2008-11-21,0.1462271958589553,0.1595000028610229,0.1595000028610229,0.1437499970197677,0.1522500067949295,599064000
2008-11-24,0.1558534204959869,0.1700000017881393,0.1720000058412552,0.1599999964237213,0.1692499965429306,600308000
2008-11-25,0.1602081209421157,0.1747500002384185,0.1780000030994415,0.1697500050067901,0.1774999946355819,528256000
2008-11-26,0.1744183599948883,0.1902499943971634,0.1907500028610229,0.170750007033348,0.1717499941587448,600792000
2008-11-28,0.1712095737457275,0.1867499947547912,0.1899999976158142,0.184249997138977,0.1872500032186508,175248000
2008-12-01,0.1565410196781158,0.170750007033348,0.1809999942779541,0.1704999953508377,0.1792500019073486,547112000
2008-12-02,0.1652504354715347,0.1802500039339065,0.1825000047683715,0.1717499941587448,0.1739999949932098,479988000
2008-12-03,0.173730731010437,0.1895000040531158,0.189750000834465,0.1717499941587448,0.1732500046491623,584632000
2008-12-04,0.1622709035873413,0.1770000010728836,0.1949999928474426,0.1727499961853027,0.1857499927282333,466292000
2008-12-05,0.1686883419752121,0.1840000003576278,0.1847500056028366,0.168500006198883,0.1714999973773956,438484000
2008-12-08,0.1631877869367599,0.1780000030994415,0.1912499964237213,0.1737499982118606,0.1875,707992000
2008-12-09,0.1790022552013397,0.195250004529953,0.2022500038146972,0.1737499982118606,0.1757500022649765,829760000
2008-12-10,0.1959627568721771,0.2137500047683715,0.21875,0.1957499980926513,0.1990000009536743,961124000
2008-12-11,0.1877117156982422,0.2047500014305114,0.2199999988079071,0.2022500038146972,0.2125000059604644,582700000
2008-12-12,0.1971087157726287,0.2150000035762787,0.2162500023841858,0.1947499960660934,0.1987500041723251,679268000
2008-12-15,0.190691277384758,0.2080000042915344,0.2175000011920929,0.2012500017881393,0.2162500023841858,476996000
2008-12-16,0.2035263180732727,0.2220000028610229,0.2224999964237213,0.2080000042915344,0.209999993443489,521940000
2008-12-17,0.2136108875274658,0.2329999953508377,0.2362499982118606,0.2150000035762787,0.2179999947547912,674180000
2008-12-18,0.1938999742269516,0.2115000039339065,0.2322500050067901,0.2087499946355819,0.2314999997615814,550808000
2008-12-19,0.1952751725912094,0.2129999995231628,0.2224999964237213,0.2122499942779541,0.2142499983310699,593120000
2008-12-22,0.1838153451681137,0.2004999965429306,0.2167499959468841,0.1927500069141388,0.2162500023841858,522464000
2008-12-23,0.181294247508049,0.1977500021457672,0.2060000002384185,0.1947499960660934,0.2017499953508377,377452000
2008-12-24,0.1769394874572754,0.1930000036954879,0.1985000073909759,0.1889999955892563,0.1937499940395355,146616000
2008-12-26,0.1721263378858566,0.1877499967813491,0.1955000013113021,0.1825000047683715,0.1930000036954879,226156000
2008-12-29,0.1776270866394043,0.1937499940395355,0.1937499940395355,0.1780000030994415,0.1902499943971634,460168000
2008-12-30,0.1838153451681137,0.2004999965429306,0.2035000026226043,0.1917500048875808,0.1962500065565109,409860000
2008-12-31,0.1849613338708877,0.2017499953508377,0.2067500054836273,0.1944999992847442,0.1979999989271164,441580000
2009-01-02,0.199629858136177,0.217749997973442,0.2192499935626983,0.2010000050067901,0.2017499953508377,497124000
2009-01-05,0.2032970488071441,0.2217500060796737,0.2267500013113021,0.2137500047683715,0.2152500003576278,705736000
2009-01-06,0.2101728618144989,0.2292499989271164,0.2357500046491623,0.22325000166893,0.2282499969005584,657904000
2009-01-07,0.1975671350955963,0.215499997138977,0.2240000069141388,0.207749992609024,0.2240000069141388,870096000
2009-01-08,0.1925247609615326,0.209999993443489,0.2127500027418136,0.1969999969005584,0.2127500027418136,1014496000
2009-01-09,0.181752547621727,0.1982499957084655,0.209999993443489,0.1977500021457672,0.209999993443489,761352000
2009-01-12,0.1744183599948883,0.1902499943971634,0.1992499977350235,0.1875,0.1982499957084655,645532000
2009-01-13,0.1753350496292114,0.1912499964237213,0.1985000073909759,0.1802500039339065,0.1837500035762787,1824424000
2009-01-14,0.1675424575805664,0.1827500015497207,0.1867499947547912,0.1800000071525573,0.1844999939203262,974908000
2009-01-15,0.1735015362501144,0.1892500072717666,0.1922499984502792,0.1800000071525573,0.1837500035762787,998204000
2009-01-16,0.1831278353929519,0.199750006198883,0.2014999985694885,0.1882500052452087,0.1944999992847442,831324000
2009-01-20,0.1652504354715347,0.1802500039339065,0.2000000029802322,0.178749993443489,0.1992499977350235,705788000
2009-01-21,0.1732723265886306,0.1889999955892563,0.1902499943971634,0.1770000010728836,0.1837500035762787,648472000
2009-01-22,0.1700635999441146,0.1854999959468841,0.1905000060796737,0.178749993443489,0.1829999983310699,547656000
2009-01-23,0.1767102628946304,0.1927500069141388,0.1985000073909759,0.1800000071525573,0.1802500039339065,633616000
2009-01-26,0.1826692968606948,0.1992499977350235,0.2049999982118606,0.1905000060796737,0.1937499940395355,581748000
2009-01-27,0.1934415996074676,0.210999995470047,0.2125000059604644,0.2017499953508377,0.2025000005960464,725300000
2009-01-28,0.2014634758234024,0.2197500020265579,0.22325000166893,0.2115000039339065,0.2185000032186508,723752000
2009-01-29,0.1897744536399841,0.2070000022649765,0.2150000035762787,0.2060000002384185,0.2125000059604644,413128000
2009-01-30,0.1822109967470169,0.1987500041723251,0.210999995470047,0.1962500065565109,0.2055000066757202,506760000
2009-02-02,0.1920664310455322,0.2094999998807907,0.2117500007152557,0.1947499960660934,0.1957499980926513,577992000
2009-02-03,0.1943584382534027,0.2119999974966049,0.2137500047683715,0.2042499929666519,0.209999993443489,396948000
2009-02-04,0.1998591125011444,0.2179999947547912,0.228750005364418,0.2125000059604644,0.2125000059604644,779232000
2009-02-05,0.2145276665687561,0.2339999973773956,0.2364999949932098,0.209999993443489,0.2122499942779541,919192000
2009-02-06,0.2262167036533355,0.246749997138977,0.2482499927282333,0.2307499945163726,0.2347500026226043,1157880000
2009-02-09,0.2232370972633361,0.2434999942779541,0.2492499947547912,0.2367500066757202,0.2457499951124191,716128000
2009-02-10,0.2136108875274658,0.2329999953508377,0.2465000003576278,0.2284999936819076,0.2432499974966049,1129664000
2009-02-11,0.1867948770523071,0.2037499994039535,0.2222499996423721,0.1965000033378601,0.2144999951124191,1983400000
2009-02-12,0.190691277384758,0.2080000042915344,0.2092500030994415,0.1965000033378601,0.1992499977350235,1024020000
2009-02-13,0.1904620826244354,0.207749992609024,0.2102500051259994,0.2017499953508377,0.2032500058412552,764304000
2009-02-17,0.179460659623146,0.1957499980926513,0.2047500014305114,0.1949999928474426,0.2000000029802322,779576000
2009-02-18,0.1842737793922424,0.2010000050067901,0.2074999958276748,0.1955000013113021,0.1957499980926513,646252000
2009-02-19,0.1700635999441146,0.1854999959468841,0.2067500054836273,0.1854999959468841,0.2049999982118606,743988000
2009-02-20,0.1744183599948883,0.1902499943971634,0.1932500004768371,0.1812500059604644,0.1829999983310699,770056000
2009-02-23,0.1663964390754699,0.1815000027418136,0.1944999992847442,0.1802500039339065,0.1934999972581863,679548000
2009-02-24,0.181294247508049,0.1977500021457672,0.1979999989271164,0.1822499930858612,0.1825000047683715,659524000
2009-02-25,0.1833569556474685,0.2000000029802322,0.2060000002384185,0.1905000060796737,0.1972499936819076,702360000
2009-02-26,0.1893161088228225,0.2064999938011169,0.2134999930858612,0.2039999961853027,0.2070000022649765,1117556000
2009-02-27,0.1897744536399841,0.2070000022649765,0.2117500007152557,0.199750006198883,0.2012500017881393,755444000
2009-03-02,0.173730731010437,0.1895000040531158,0.2062499970197677,0.1887499988079071,0.202000007033348,700064000
2009-03-03,0.1806066334247589,0.1969999969005584,0.2045000046491623,0.1867499947547912,0.1930000036954879,1041372000
2009-03-04,0.1938999742269516,0.2115000039339065,0.2175000011920929,0.2004999965429306,0.2022500038146972,1108668000
2009-03-05,0.1893161088228225,0.2064999938011169,0.2169999927282333,0.2055000066757202,0.2084999978542328,955252000
2009-03-06,0.1922956258058548,0.2097499966621399,0.2172500044107437,0.2037499994039535,0.2064999938011169,974756000
2009-03-09,0.190232828259468,0.2074999958276748,0.2240000069141388,0.2070000022649765,0.2082500010728836,682768000
2009-03-10,0.207422599196434,0.2262499928474426,0.2302500009536743,0.2129999995231628,0.2150000035762787,1254800000
2009-03-11,0.2131524682044983,0.2325000017881393,0.2962499856948852,0.2224999964237213,0.2262499928474426,864916000
2009-03-12,0.2257583141326904,0.2462500035762787,0.2487500011920929,0.228750005364418,0.2317499965429306,1604604000
2009-03-13,0.2246123403310775,0.2450000047683715,0.2485000044107437,0.2387499958276748,0.2427500039339065,1195156000
2009-03-16,0.2159028053283691,0.2354999929666519,0.2477499991655349,0.2335000038146972,0.2475000023841858,699344000
2009-03-17,0.2266750186681747,0.2472500056028366,0.2477499991655349,0.233250007033348,0.2362499982118606,1005384000
2009-03-18,0.2337801307439804,0.2549999952316284,0.262250006198883,0.2432499974966049,0.2434999942779541,1359560000
2009-03-19,0.2310298085212707,0.2520000040531158,0.2567499876022339,0.2502500116825104,0.2567499876022339,822648000
2009-03-20,0.218423992395401,0.2382500022649765,0.2560000121593475,0.2317499965429306,0.2557500004768371,1093672000
2009-03-23,0.2342384755611419,0.2554999887943268,0.2560000121593475,0.2402500063180923,0.2457499951124191,816048000
2009-03-24,0.2241538912057876,0.244499996304512,0.2515000104904175,0.2432499974966049,0.2492499947547912,1114868000
2009-03-25,0.2278210669755935,0.2485000044107437,0.2599999904632568,0.238999992609024,0.2520000040531158,1243852000
2009-03-26,0.2420310974121093,0.2639999985694885,0.2644999921321869,0.2497500032186508,0.2524999976158142,1333664000
2009-03-27,0.239739254117012,0.2615000009536743,0.2677499949932098,0.2574999928474426,0.2612499892711639,731892000
2009-03-30,0.2243830412626266,0.2447499930858612,0.2547500133514404,0.241249993443489,0.2515000104904175,780052000
2009-03-31,0.2259874641895294,0.2465000003576278,0.2524999976158142,0.2447499930858612,0.2485000044107437,805272000
2009-04-01,0.231717362999916,0.2527500092983246,0.2549999952316284,0.2342499941587448,0.2434999942779541,887920000
2009-04-02,0.2424895763397216,0.2644999921321869,0.2692500054836273,0.2585000097751617,0.262250006198883,1002860000
2009-04-03,0.2594500482082367,0.2829999923706054,0.2837499976158142,0.2602500021457672,0.2647500038146972,1003208000
2009-04-06,0.2601377367973327,0.2837499976158142,0.2862499952316284,0.2745000123977661,0.2782500088214874,887288000
2009-04-07,0.2511990070343017,0.2739999890327453,0.28125,0.2722499966621399,0.2782500088214874,607804000
2009-04-08,0.2615128755569458,0.2852500081062317,0.2860000133514404,0.2747499942779541,0.2770000100135803,731652000
2009-04-09,0.2759521007537842,0.3009999990463257,0.3019999861717224,0.2902500033378601,0.2924999892711639,904412000
2009-04-13,0.2670135498046875,0.2912499904632568,0.2975000143051147,0.2847500145435333,0.2972500026226043,767628000
2009-04-14,0.2686178982257843,0.2930000126361847,0.3000000119209289,0.2860000133514404,0.2872500121593475,711960000
2009-04-15,0.2610544562339782,0.2847500145435333,0.2860000133514404,0.2727499902248382,0.2827500104904175,1045368000
2009-04-16,0.2677012383937835,0.2919999957084656,0.2955000102519989,0.2790000140666961,0.2899999916553497,1038772000
2009-04-17,0.2695345878601074,0.2939999997615814,0.296750009059906,0.2849999964237213,0.2919999957084656,695764000
2009-04-20,0.2532617747783661,0.2762500047683716,0.2852500081062317,0.2747499942779541,0.2827500104904175,590660000
2009-04-21,0.2525742352008819,0.2754999995231628,0.2870000004768371,0.2685000002384186,0.2725000083446502,932184000
2009-04-22,0.2601377367973327,0.2837499976158142,0.2952499985694885,0.2685000002384186,0.2730000019073486,916404000
2009-04-23,0.2560122311115265,0.2792499959468841,0.289000004529953,0.2705000042915344,0.2865000069141388,753952000
2009-04-24,0.2619713246822357,0.28575000166893,0.2877500057220459,0.2752499878406524,0.2820000052452087,759508000
2009-04-27,0.2525742352008819,0.2754999995231628,0.2899999916553497,0.2737500071525574,0.2820000052452087,787024000
2009-04-28,0.2532617747783661,0.2762500047683716,0.2820000052452087,0.2694999873638153,0.2720000147819519,634392000
2009-04-29,0.24936543405056,0.2720000147819519,0.2787500023841858,0.2687500119209289,0.2775000035762787,859668000
2009-04-30,0.2631171643733978,0.2870000004768371,0.2949999868869781,0.2750000059604645,0.2772499918937683,1110276000
2009-05-01,0.267471969127655,0.2917500138282776,0.2985000014305115,0.2860000133514404,0.2862499952316284,840548000
2009-05-04,0.2819112837314605,0.3075000047683716,0.3097499907016754,0.2927500009536743,0.296750009059906,927704000
2009-05-05,0.2704514861106872,0.2949999868869781,0.3027499914169311,0.2887499928474426,0.3007499873638153,837076000
2009-05-06,0.2649508118629455,0.289000004529953,0.3009999990463257,0.2832500040531158,0.2982499897480011,935088000
2009-05-07,0.245927557349205,0.2682499885559082,0.2955000102519989,0.2644999921321869,0.2955000102519989,1289196000
2009-05-08,0.2120065093040466,0.2312500029802322,0.262499988079071,0.2277500033378601,0.262499988079071,2930564000
2009-05-11,0.2161319702863693,0.2357500046491623,0.2415000051259994,0.225500002503395,0.2275000065565109,1038596000
2009-05-12,0.2058181464672088,0.2245000004768371,0.2409999966621399,0.2199999988079071,0.2409999966621399,1201384000
2009-05-13,0.1925247609615326,0.209999993443489,0.2242500036954879,0.2082500010728836,0.2230000048875808,1305608000
2009-05-14,0.1952751725912094,0.2129999995231628,0.2175000011920929,0.2082500010728836,0.2097499966621399,1017864000
2009-05-15,0.2003175169229507,0.2185000032186508,0.2259999960660934,0.2119999974966049,0.2144999951124191,780308000
2009-05-18,0.2124648690223693,0.2317499965429306,0.233250007033348,0.2234999984502792,0.2240000069141388,938320000
2009-05-19,0.2165904492139816,0.2362499982118606,0.238999992609024,0.2294999957084655,0.233250007033348,859768000
2009-05-20,0.2230079174041748,0.2432499974966049,0.2562499940395355,0.2395000010728836,0.2405000030994415,1309436000
2009-05-21,0.2216327339410781,0.2417500019073486,0.2450000047683715,0.2349999994039535,0.2402500063180923,965600000
2009-05-22,0.2250707149505615,0.2454999983310699,0.248999997973442,0.2372500002384185,0.2417500019073486,718260000
2009-05-26,0.2372180968523025,0.2587499916553497,0.2607499957084656,0.2407499998807907,0.2432499974966049,865540000
2009-05-27,0.2376763373613357,0.2592499852180481,0.2669999897480011,0.2549999952316284,0.2574999928474426,814152000
2009-05-28,0.2408852726221084,0.2627499997615814,0.2649999856948852,0.2515000104904175,0.2632499933242798,995288000
2009-05-29,0.2390515804290771,0.2607499957084656,0.2635000050067901,0.2517499923706054,0.2630000114440918,834232000
2009-06-01,0.250740647315979,0.273499995470047,0.2750000059604645,0.2627499997615814,0.2637499868869781,1022764000
2009-06-02,0.248677909374237,0.2712500095367431,0.2795000076293945,0.2662500143051147,0.273499995470047,907984000
2009-06-03,0.2408852726221084,0.2627499997615814,0.2687500119209289,0.2562499940395355,0.2677499949932098,735688000
2009-06-04,0.2495946288108825,0.2722499966621399,0.2727499902248382,0.2632499933242798,0.2635000050067901,673180000
2009-06-05,0.2482195496559143,0.2707499861717224,0.2772499918937683,0.2675000131130218,0.2772499918937683,559992000
2009-06-08,0.2468442767858505,0.2692500054836273,0.2730000019073486,0.262499988079071,0.2687500119209289,473948000
2009-06-09,0.260366827249527,0.2840000092983246,0.2870000004768371,0.2709999978542328,0.2730000019073486,725032000
2009-06-10,0.2686178982257843,0.2930000126361847,0.2947500050067901,0.2792499959468841,0.2854999899864197,833320000
2009-06-11,0.2651799917221069,0.289249986410141,0.3050000071525574,0.2874999940395355,0.293749988079071,835156000
2009-06-12,0.2638047337532043,0.2877500057220459,0.2887499928474426,0.2784999907016754,0.2849999964237213,595000000
2009-06-15,0.2594500482082367,0.2829999923706054,0.2862499952316284,0.277999997138977,0.2824999988079071,445164000
2009-06-16,0.2523449659347534,0.2752499878406524,0.2865000069141388,0.2712500095367431,0.2829999923706054,594912000
2009-06-17,0.2585333585739136,0.2820000052452087,0.2847500145435333,0.2687500119209289,0.2795000076293945,799016000
2009-06-18,0.2534910142421722,0.2764999866485595,0.2862499952316284,0.273499995470047,0.2809999883174896,566376000
2009-06-19,0.2562414407730102,0.2795000076293945,0.2865000069141388,0.2757500112056732,0.2792499959468841,747564000
2009-06-22,0.2418020218610763,0.2637499868869781,0.2804999947547912,0.2627499997615814,0.2804999947547912,574864000
2009-06-23,0.2406559586524963,0.262499988079071,0.2667500078678131,0.2522499859333038,0.2662500143051147,589764000
2009-06-24,0.248677909374237,0.2712500095367431,0.2775000035762787,0.265749990940094,0.265749990940094,515096000
2009-06-25,0.2617419958114624,0.2854999899864197,0.2860000133514404,0.2660000026226043,0.2687500119209289,870444000
2009-06-26,0.2651799917221069,0.289249986410141,0.2902500033378601,0.2817499935626983,0.2842499911785126,513956000
2009-06-29,0.2651799917221069,0.289249986410141,0.2944999933242798,0.2862499952316284,0.2899999916553497,510056000
2009-06-30,0.2587624192237854,0.2822499871253967,0.2922500073909759,0.2770000100135803,0.2882499992847442,589844000
2009-07-01,0.2599083483219147,0.2834999859333038,0.2872500121593475,0.2787500023841858,0.2840000092983246,696420000
2009-07-02,0.2498238533735275,0.2725000083446502,0.2777499854564667,0.2687500119209289,0.2742500007152557,552312000
2009-07-06,0.2418020218610763,0.2637499868869781,0.2725000083446502,0.2592499852180481,0.2722499966621399,752456000
2009-07-07,0.2312588840723037,0.2522499859333038,0.2662500143051147,0.2515000104904175,0.2647500038146972,1072996000
2009-07-08,0.231717362999916,0.2527500092983246,0.25450000166893,0.2427500039339065,0.2537499964237213,1205860000
2009-07-09,0.2367596924304962,0.2582499980926513,0.262499988079071,0.2562499940395355,0.2569999992847442,714564000
2009-07-10,0.2376763373613357,0.2592499852180481,0.2610000073909759,0.2527500092983246,0.2582499980926513,520008000
2009-07-13,0.2404268085956573,0.262250006198883,0.2644999921321869,0.2487500011920929,0.2644999921321869,556012000
2009-07-14,0.2454691976308822,0.2677499949932098,0.2687500119209289,0.2612499892711639,0.2642500102519989,452568000
2009-07-15,0.2555537223815918,0.2787500023841858,0.2842499911785126,0.2750000059604645,0.2775000035762787,1022808000
2009-07-16,0.268847107887268,0.2932499945163727,0.2942500114440918,0.2802500128746032,0.2817499935626983,952076000
2009-07-17,0.2766398191452026,0.3017500042915344,0.3027499914169311,0.2902500033378601,0.2932499945163727,850356000
2009-07-20,0.28007772564888,0.3055000007152557,0.3087500035762787,0.3002499938011169,0.3042500019073486,782756000
2009-07-21,0.2743478417396545,0.2992500066757202,0.3059999942779541,0.2922500073909759,0.304749995470047,941296000
2009-07-22,0.2812237441539764,0.3067499995231628,0.3095000088214874,0.2912499904632568,0.2932499945163727,600908000
2009-07-23,0.2979550957679748,0.324999988079071,0.3260000050067901,0.3039999902248382,0.3072499930858612,1046120000
2009-07-24,0.2970383167266845,0.3240000009536743,0.324999988079071,0.3129999935626983,0.3149999976158142,650592000
2009-07-27,0.2984136343002319,0.3255000114440918,0.3302499949932098,0.3179999887943268,0.3210000097751617,677484000
2009-07-28,0.2988718450069427,0.3260000050067901,0.3294999897480011,0.320499986410141,0.3232499957084656,563180000
2009-07-29,0.2929126620292663,0.3194999992847442,0.3242500126361847,0.3162499964237213,0.3222500085830688,373972000
2009-07-30,0.295204609632492,0.3219999969005584,0.3292500078678131,0.3192499876022339,0.324999988079071,468444000
2009-07-31,0.2963508069515228,0.3232499957084656,0.3277499973773956,0.3145000040531158,0.3219999969005584,541560000
2009-08-03,0.3043725192546844,0.3319999873638153,0.335750013589859,0.324750006198883,0.3310000002384186,471900000
2009-08-04,0.3064353168010711,0.3342500030994415,0.3400000035762787,0.3257499933242798,0.3262499868869781,695380000
2009-08-05,0.3071229755878448,0.3350000083446502,0.3375000059604645,0.328249990940094,0.3322499990463257,610768000
2009-08-06,0.3007054328918457,0.328000009059906,0.3422499895095825,0.3260000050067901,0.3362500071525574,957588000
2009-08-07,0.3142279982566833,0.3427500128746032,0.3557499945163727,0.3379999995231628,0.3457500040531158,1401872000
2009-08-10,0.3039141893386841,0.3314999938011169,0.3502500057220459,0.3294999897480011,0.3452500104904175,693312000
2009-08-11,0.2968091666698456,0.3237499892711639,0.3342500030994415,0.3219999969005584,0.3292500078678131,481884000
2009-08-12,0.3078105449676513,0.335750013589859,0.3392499983310699,0.3237499892711639,0.3240000009536743,634940000
2009-08-13,0.316978394985199,0.3457500040531158,0.3470000028610229,0.3322499990463257,0.3382500112056732,564028000
2009-08-14,0.3075813353061676,0.3355000019073486,0.3457500040531158,0.3310000002384186,0.3452500104904175,427148000
2009-08-17,0.2947463095188141,0.3215000033378601,0.3262499868869781,0.3179999887943268,0.3252499997615814,465032000
2009-08-18,0.3055185675621032,0.3332499861717224,0.3370000123977661,0.3212499916553497,0.3215000033378601,636200000
2009-08-19,0.3020804822444916,0.3294999897480011,0.3314999938011169,0.324999988079071,0.328249990940094,552996000
2009-08-20,0.3139988780021667,0.3425000011920929,0.3440000116825104,0.3272500038146972,0.328000009059906,819840000
2009-08-21,0.3192703425884247,0.34825000166893,0.3487499952316284,0.3382500112056732,0.3452500104904175,607324000
2009-08-24,0.310331642627716,0.3384999930858612,0.3499999940395355,0.3364999890327453,0.3462499976158142,461456000
2009-08-25,0.3130820393562317,0.3415000140666961,0.3449999988079071,0.3345000147819519,0.3402499854564667,444088000
2009-08-26,0.316749095916748,0.3454999923706054,0.3462499976158142,0.3395000100135803,0.3407500088214874,434308000
2009-08-27,0.3211039304733276,0.3502500057220459,0.351749986410141,0.3432500064373016,0.3470000028610229,551072000
2009-08-28,0.3376059830188751,0.3682500123977661,0.3757500052452087,0.359250009059906,0.3597500026226043,883992000
2009-08-31,0.3327928781509399,0.3630000054836273,0.3657500147819519,0.3582499921321869,0.363999992609024,431796000
2009-09-01,0.3215622305870056,0.3507499992847442,0.3729999959468841,0.3487499952316284,0.3627499938011169,736856000
2009-09-02,0.3261461555957794,0.3557499945163727,0.359250009059906,0.3492499887943268,0.3512499928474426,404656000
2009-09-03,0.3339388966560364,0.3642500042915344,0.3647499978542328,0.3547500073909759,0.3557499945163727,534020000
2009-09-04,0.346315324306488,0.3777500092983246,0.3802500069141388,0.3627499938011169,0.3627499938011169,513048000
2009-09-08,0.3559417426586151,0.3882499933242798,0.3882499933242798,0.3774999976158142,0.3804999887943268,549712000
2009-09-09,0.3657971322536468,0.3989999890327453,0.3997499942779541,0.3819999992847442,0.387499988079071,571684000
2009-09-10,0.3774861693382263,0.4117499887943268,0.4122500121593475,0.3957499861717224,0.4002499878406524,607952000
2009-09-11,0.3740482628345489,0.4079999923706054,0.4122500121593475,0.4050000011920929,0.41075000166893,712732000
2009-09-14,0.3678599596023559,0.4012500047683716,0.4052500128746032,0.3977499902248382,0.4020000100135803,490516000
2009-09-15,0.3754234313964844,0.4095000028610229,0.4144999980926513,0.4012500047683716,0.4050000011920929,546136000
2009-09-16,0.3653385937213897,0.398499995470047,0.4092499911785126,0.3925000131130218,0.4084999859333038,707064000
2009-09-17,0.3492949604988098,0.3810000121593475,0.3975000083446502,0.3742499947547912,0.3975000083446502,923096000
2009-09-18,0.3488367199897766,0.3804999887943268,0.387499988079071,0.3774999976158142,0.3847500085830688,604740000
2009-09-21,0.347232311964035,0.3787499964237213,0.3852500021457672,0.3727500140666961,0.3759999871253967,588776000
2009-09-22,0.3479198813438415,0.37950000166893,0.3837499916553497,0.3765000104904175,0.3815000057220459,361388000
2009-09-23,0.3424191474914551,0.3734999895095825,0.3849999904632568,0.3729999959468841,0.3817499876022339,478936000
2009-09-24,0.3378352522850036,0.3684999942779541,0.3797500133514404,0.367249995470047,0.3797500133514404,552876000
2009-09-25,0.3323344588279724,0.3625000119209289,0.3682500123977661,0.3597500026226043,0.3664999902248382,377556000
2009-09-28,0.339898020029068,0.3707500100135803,0.3799999952316284,0.363750010728836,0.363750010728836,467708000
2009-09-29,0.3337096869945526,0.363999992609024,0.3774999976158142,0.3632499873638153,0.3729999959468841,470928000
2009-09-30,0.3444819450378418,0.3757500052452087,0.3802500069141388,0.3632499873638153,0.3714999854564667,875956000
2009-10-01,0.3199580311775207,0.3490000069141388,0.3745000064373016,0.3487499952316284,0.3745000064373016,999960000
2009-10-02,0.3174366950988769,0.3462499976158142,0.3537499904632568,0.3434999883174896,0.3454999923706054,612476000
2009-10-05,0.3158323764801025,0.3445000052452087,0.3512499928474426,0.3384999930858612,0.3499999940395355,754276000
2009-10-06,0.3211039304733276,0.3502500057220459,0.356249988079071,0.3462499976158142,0.3487499952316284,761272000
2009-10-07,0.3185827732086181,0.3474999964237213,0.351500004529953,0.34375,0.3477500081062317,459608000
2009-10-08,0.3206455111503601,0.3497500121593475,0.3504999876022339,0.3372499942779541,0.3495000004768371,1241524000
2009-10-09,0.3247710764408111,0.3542500138282776,0.3547500073909759,0.3472500145435333,0.3477500081062317,618540000
2009-10-12,0.3211039304733276,0.3502500057220459,0.3569999933242798,0.3479999899864197,0.34825000166893,499008000
2009-10-13,0.3199580311775207,0.3490000069141388,0.356249988079071,0.3457500040531158,0.3522500097751617,602124000
2009-10-14,0.319499522447586,0.3485000133514404,0.3625000119209289,0.3467499911785126,0.3625000119209289,1101948000
2009-10-15,0.3101024031639099,0.3382500112056732,0.3512499928474426,0.335999995470047,0.3479999899864197,1092196000
2009-10-16,0.302997350692749,0.3305000066757202,0.3350000083446502,0.3244999945163727,0.3339999914169311,1018832000
2009-10-19,0.3139988780021667,0.3425000011920929,0.3452500104904175,0.3305000066757202,0.3332499861717224,695588000
2009-10-20,0.3142279982566833,0.3427500128746032,0.3507499992847442,0.3400000035762787,0.34825000166893,660180000
2009-10-21,0.3066646158695221,0.3345000147819519,0.3467499911785126,0.332749992609024,0.3415000140666961,503956000
2009-10-22,0.3087272644042969,0.3367500007152557,0.3384999930858612,0.3269999921321869,0.332749992609024,379328000
2009-10-23,0.3013929426670074,0.3287500143051147,0.3412500023841858,0.3267500102519989,0.3412500023841858,429528000
2009-10-26,0.2974966764450073,0.3244999945163727,0.3362500071525574,0.3227500021457672,0.3312500119209289,481652000
2009-10-27,0.2874120771884918,0.3134999871253967,0.3277499973773956,0.3102500140666961,0.3230000138282776,591836000
2009-10-28,0.275493860244751,0.3005000054836273,0.3134999871253967,0.2989999949932098,0.3064999878406524,773632000
2009-10-29,0.2876412272453308,0.3137499988079071,0.3152500092983246,0.3025000095367431,0.3052499890327453,637100000
2009-10-30,0.274118572473526,0.2989999949932098,0.3134999871253967,0.2975000143051147,0.3122499883174896,604144000
2009-11-02,0.2766398191452026,0.3017500042915344,0.3082500100135803,0.2932499945163727,0.2985000014305115,593136000
2009-11-03,0.275264710187912,0.3002499938011169,0.3017500042915344,0.289000004529953,0.2919999957084656,876472000
2009-11-04,0.2745770215988159,0.2994999885559082,0.3057500123977661,0.2982499897480011,0.3025000095367431,916840000
2009-11-05,0.2812237441539764,0.3067499995231628,0.3097499907016754,0.3019999861717224,0.3030000030994415,955156000
2009-11-06,0.3016221821308136,0.3289999961853027,0.335750013589859,0.3219999969005584,0.3260000050067901,1641112000
2009-11-09,0.3084980547428131,0.3364999890327453,0.3412500023841858,0.3332499861717224,0.3334999978542328,818124000
2009-11-10,0.3009345829486847,0.328249990940094,0.3377499878406524,0.3240000009536743,0.3377499878406524,781472000
2009-11-11,0.3094148337841034,0.3375000059604645,0.3454999923706054,0.3332499861717224,0.3337500095367431,871512000
2009-11-12,0.3084980547428131,0.3364999890327453,0.3462499976158142,0.3355000019073486,0.340499997138977,505864000
2009-11-13,0.3107900023460388,0.3389999866485595,0.3407500088214874,0.3347499966621399,0.3362500071525574,388524000
2009-11-16,0.3151447176933288,0.34375,0.3477500081062317,0.3402499854564667,0.3420000076293945,402820000
2009-11-17,0.3146864175796509,0.3432500064373016,0.3440000116825104,0.3367500007152557,0.3440000116825104,350124000
2009-11-18,0.3098731637001037,0.3379999995231628,0.3412500023841858,0.3322499990463257,0.3400000035762787,455516000
2009-11-19,0.2974966764450073,0.3244999945163727,0.3307499885559082,0.3185000121593475,0.3307499885559082,833840000
2009-11-20,0.2956631183624267,0.3224999904632568,0.3240000009536743,0.3162499964237213,0.31700000166893,426748000
2009-11-23,0.2979550957679748,0.324999988079071,0.3332499861717224,0.3235000073909759,0.3272500038146972,390924000
2009-11-24,0.2961214780807495,0.3230000138282776,0.3257499933242798,0.3177500069141388,0.3235000073909759,418504000
2009-11-25,0.2995595633983612,0.3267500102519989,0.3312500119209289,0.3244999945163727,0.3267500102519989,441760000
2009-11-27,0.293142020702362,0.3197500109672546,0.3235000073909759,0.3132500052452087,0.3149999976158142,279932000
2009-11-30,0.299330323934555,0.3264999985694885,0.3267500102519989,0.3174999952316284,0.3210000097751617,509836000
2009-12-01,0.3052893579006195,0.3330000042915344,0.3367500007152557,0.3264999985694885,0.328249990940094,461936000
2009-12-02,0.3144572377204895,0.3429999947547912,0.34375,0.3317500054836273,0.3337500095367431,602292000
2009-12-03,0.316978394985199,0.3457500040531158,0.3532499969005584,0.3452500104904175,0.3470000028610229,660036000
2009-12-04,0.3268337249755859,0.3564999997615814,0.3580000102519989,0.3467499911785126,0.3522500097751617,824564000
2009-12-07,0.3687767386436462,0.4022499918937683,0.4112499952316284,0.3774999976158142,0.3962500095367431,2732184000
2009-12-08,0.3508993983268738,0.382750004529953,0.3975000083446502,0.3804999887943268,0.3957499861717224,1075512000
2009-12-09,0.3596087992191314,0.3922500014305115,0.395249992609024,0.382999986410141,0.3867500126361847,671588000
2009-12-10,0.3531912565231323,0.3852500021457672,0.3975000083446502,0.3840000033378601,0.395000010728836,417012000
2009-12-11,0.348607450723648,0.3802500069141388,0.3889999985694885,0.3792499899864197,0.3885000050067901,416744000
2009-12-14,0.3591504395008087,0.3917500078678131,0.3930000066757202,0.3815000057220459,0.3857499957084656,405488000
2009-12-15,0.3586920201778412,0.3912500143051147,0.3977499902248382,0.3880000114440918,0.3889999985694885,446152000
2009-12-16,0.3875707685947418,0.4227499961853027,0.4272499978542328,0.402999997138977,0.4052500128746032,1683400000
2009-12-17,0.3857371211051941,0.4207499921321869,0.4370000064373016,0.4144999980926513,0.4239999949932098,1016132000
2009-12-18,0.3855079710483551,0.4205000102519989,0.4257499873638153,0.4154999852180481,0.4242500066757202,812828000
2009-12-21,0.3992597162723541,0.4354999959468841,0.4372499883174896,0.4225000143051147,0.4230000078678131,427792000
2009-12-22,0.4098028242588043,0.4469999969005584,0.4514999985694885,0.4350000023841858,0.4354999959468841,793044000
2009-12-23,0.4155326783657074,0.453249990940094,0.4544999897480011,0.445499986410141,0.4512499868869781,442196000
2009-12-24,0.4146159291267395,0.4522500038146972,0.4552499949932098,0.4505000114440918,0.4544999897480011,136812000
2009-12-28,0.4079690873622894,0.4449999928474426,0.4555000066757202,0.4404999911785126,0.4514999985694885,465760000
2009-12-29,0.4130115211009979,0.4505000114440918,0.4517500102519989,0.4424999952316284,0.4435000121593475,475848000
2009-12-30,0.4279093146324157,0.4667499959468841,0.4695000052452087,0.4514999985694885,0.4547500014305115,704008000
2009-12-31,0.4281384646892547,0.4670000076293945,0.4737499952316284,0.4665000140666961,0.4677500128746032,700340000
2010-01-04,0.4237837195396423,0.4622499942779541,0.465499997138977,0.4527499973773956,0.4627499878406524,800204000
2010-01-05,0.4299721419811249,0.4690000116825104,0.4740000069141388,0.4605000019073486,0.4605000019073486,728648000
2010-01-06,0.4327224493026733,0.4720000028610229,0.4729999899864197,0.4642499983310699,0.46875,649168000
2010-01-07,0.424242228269577,0.4627499878406524,0.4715000092983246,0.4592500030994415,0.4695000052452087,547792000
2010-01-08,0.4251590669155121,0.4637500047683716,0.4670000076293945,0.4562500119209289,0.4589999914169311,478168000
2010-01-11,0.4191997945308685,0.4572499990463257,0.4682500064373016,0.4507499933242798,0.4662500023841858,556612000
2010-01-12,0.4049896597862243,0.4417499899864197,0.4522500038146972,0.4322499930858612,0.4505000114440918,627432000
2010-01-13,0.4104903936386108,0.4477500021457672,0.4492500126361847,0.4275000095367431,0.4447500109672546,508868000
2010-01-14,0.4040729105472564,0.4407500028610229,0.445499986410141,0.4332500100135803,0.4422500133514404,608524000
2010-01-15,0.3921546936035156,0.4277499914169311,0.4412499964237213,0.421999990940094,0.4375,818192000
2010-01-19,0.399489015340805,0.4357500076293945,0.4384999871253967,0.4232499897480011,0.4244999885559082,545328000
2010-01-20,0.3978844881057739,0.4339999854564667,0.4357500076293945,0.4244999885559082,0.4302499890327453,719728000
2010-01-21,0.390779435634613,0.426250010728836,0.4415000081062317,0.4222500026226043,0.4337500035762787,608632000
2010-01-22,0.3772569000720978,0.4115000069141388,0.4289999902248382,0.4090000092983246,0.4212499856948852,1067916000
2010-01-25,0.3836745023727417,0.418500006198883,0.426499992609024,0.4152500033378601,0.4182499945163727,643676000
2010-01-26,0.3715270757675171,0.4052500128746032,0.4192500114440918,0.4050000011920929,0.4165000021457672,714636000
2010-01-27,0.3816116154193878,0.4162499904632568,0.4177500009536743,0.4004999995231628,0.4050000011920929,812504000
2010-01-28,0.3687767386436462,0.4022499918937683,0.4210000038146972,0.3964999914169311,0.4194999933242798,687764000
2010-01-29,0.3527329862117767,0.3847500085830688,0.4112499952316284,0.3787499964237213,0.4067499935626983,774700000
2010-02-01,0.3797782063484192,0.414249986410141,0.4149999916553497,0.382999986410141,0.3862499892711639,949832000
2010-02-02,0.3836745023727417,0.418500006198883,0.4237500131130218,0.4115000069141388,0.4127500057220459,849812000
2010-02-03,0.3868831992149353,0.421999990940094,0.4237500131130218,0.4127500057220459,0.4147500097751617,562296000
2010-02-04,0.3644219934940338,0.3975000083446502,0.4182499945163727,0.3930000066757202,0.4182499945163727,783480000
2010-02-05,0.3717561662197113,0.4054999947547912,0.4065000116825104,0.3899999856948852,0.3970000147819519,604856000
2010-02-08,0.3710687160491943,0.4047499895095825,0.4144999980926513,0.3967500030994415,0.4042499959468841,445160000
2010-02-09,0.3680891394615173,0.4014999866485595,0.4132499992847442,0.3975000083446502,0.4112499952316284,930144000
2010-02-10,0.375194102525711,0.4092499911785126,0.4129999876022339,0.4012500047683716,0.4040000140666961,535828000
2010-02-11,0.3923839330673218,0.4280000030994415,0.4325000047683716,0.4127500057220459,0.4157499969005584,695980000
2010-02-12,0.3976555466651916,0.4337500035762787,0.4424999952316284,0.4202499985694885,0.4250000119209289,780212000
2010-02-16,0.4049896597862243,0.4417499899864197,0.4435000121593475,0.434249997138977,0.4395000040531158,457024000
2010-02-17,0.4088859558105469,0.4460000097751617,0.4474999904632568,0.4332500100135803,0.4472500085830688,876560000
2010-02-18,0.3820701241493225,0.4167500138282776,0.4237500131130218,0.4052500128746032,0.4214999973773956,1515508000
2010-02-19,0.3800073266029358,0.4144999980926513,0.4194999933242798,0.4124999940395355,0.4149999916553497,510548000
2010-02-22,0.3806949257850647,0.4152500033378601,0.4225000143051147,0.4124999940395355,0.4162499904632568,458084000
2010-02-23,0.3715270757675171,0.4052500128746032,0.4182499945163727,0.4009999930858612,0.4165000021457672,489764000
2010-02-24,0.3793196678161621,0.4137499928474426,0.4177500009536743,0.4074999988079071,0.4087499976158142,445868000
2010-02-25,0.3758817911148071,0.4099999964237213,0.4110000133514404,0.3939999938011169,0.4042499959468841,576972000
2010-02-26,0.371297687292099,0.4050000011920929,0.4110000133514404,0.4025000035762787,0.4079999923706054,393396000
2010-03-01,0.3861956000328064,0.4212499856948852,0.4232499897480011,0.4020000100135803,0.4052500128746032,555868000
2010-03-02,0.3859663009643554,0.4210000038146972,0.4302499890327453,0.4180000126361847,0.4250000119209289,538648000
2010-03-03,0.381153255701065,0.4157499969005584,0.4257499873638153,0.4122500121593475,0.4235000014305115,399300000
2010-03-04,0.3818407356739044,0.4165000021457672,0.4207499921321869,0.4112499952316284,0.4174999892711639,557396000
2010-03-05,0.3935298919677734,0.4292500019073486,0.4322499930858612,0.4135000109672546,0.4135000109672546,632832000
2010-03-08,0.3877999484539032,0.4230000078678131,0.4307500123977661,0.4212499856948852,0.429500013589859,439312000
2010-03-09,0.4022392630577087,0.4387499988079071,0.4429999887943268,0.4269999861717224,0.4272499978542328,830832000
2010-03-10,0.4031560122966766,0.4397499859333038,0.4444999992847442,0.4372499883174896,0.4375,418520000
2010-03-11,0.3939883410930633,0.429749995470047,0.4377500116825104,0.4280000030994415,0.4362500011920929,540660000
2010-03-12,0.3953635394573211,0.4312500059604645,0.4357500076293945,0.4289999902248382,0.4345000088214874,520352000
2010-03-15,0.3933007419109344,0.4289999902248382,0.4350000023841858,0.4250000119209289,0.4307500123977661,358904000
2010-03-16,0.4070526361465454,0.4440000057220459,0.4465000033378601,0.4284999966621399,0.4287500083446502,664988000
2010-03-17,0.414845198392868,0.4524999856948852,0.4584999978542328,0.4465000033378601,0.4465000033378601,651168000
2010-03-18,0.4001765549182892,0.4365000128746032,0.453249990940094,0.4325000047683716,0.453249990940094,740964000
2010-03-19,0.3953635394573211,0.4312500059604645,0.4442499876022339,0.4257499873638153,0.4429999887943268,584612000
2010-03-22,0.4017809331417084,0.4382500052452087,0.4399999976158142,0.4257499873638153,0.4257499873638153,435336000
2010-03-23,0.4100320935249328,0.4472500085830688,0.4494999945163727,0.4384999871253967,0.4415000081062317,493612000
2010-03-24,0.3962801396846771,0.4322499930858612,0.4447500109672546,0.4314999878406524,0.4435000121593475,436252000
2010-03-25,0.3974261581897735,0.4334999918937683,0.4412499964237213,0.4325000047683716,0.4384999871253967,495184000
2010-03-26,0.3974261581897735,0.4334999918937683,0.4417499899864197,0.4300000071525574,0.4372499883174896,344676000
2010-03-29,0.4024685621261596,0.4390000104904175,0.4399999976158142,0.4302499890327453,0.4362500011920929,394456000
2010-03-30,0.4040729105472564,0.4407500028610229,0.4462499916553497,0.4332500100135803,0.4440000057220459,324104000
2010-03-31,0.3988014161586761,0.4350000023841858,0.4410000145435333,0.4327499866485595,0.4390000104904175,389840000
2010-04-01,0.3946758806705475,0.4305000007152557,0.44200000166893,0.4259999990463257,0.4370000064373016,339664000
2010-04-05,0.4006350338459015,0.4370000064373016,0.4377500116825104,0.4327499866485595,0.4332500100135803,413636000
2010-04-06,0.390779435634613,0.426250010728836,0.4325000047683716,0.418749988079071,0.4314999878406524,809260000
2010-04-07,0.3933007419109344,0.4289999902248382,0.4362500011920929,0.4199999868869781,0.4235000014305115,817468000
2010-04-08,0.3868831992149353,0.421999990940094,0.429500013589859,0.4197500050067901,0.426250010728836,1037600000
2010-04-09,0.3894043266773224,0.4247500002384186,0.426250010728836,0.418749988079071,0.4210000038146972,817572000
2010-04-12,0.3965095281600952,0.4325000047683716,0.434249997138977,0.4244999885559082,0.4252499938011169,546460000
2010-04-13,0.4047605395317077,0.4415000081062317,0.4429999887943268,0.4325000047683716,0.434249997138977,648696000
2010-04-14,0.4098028242588043,0.4469999969005584,0.453249990940094,0.4399999976158142,0.4510000050067901,900720000
2010-04-15,0.4127823710441589,0.4502499997615814,0.453000009059906,0.4440000057220459,0.4485000073909759,957596000
2010-04-16,0.3910087645053863,0.426499992609024,0.4337500035762787,0.4169999957084656,0.4320000112056732,1917736000
2010-04-19,0.3891750872135162,0.4244999885559082,0.4257499873638153,0.4102500081062317,0.4232499897480011,1094492000
2010-04-20,0.3905503451824188,0.4259999990463257,0.4320000112056732,0.4205000102519989,0.4275000095367431,678188000
2010-04-21,0.3804656565189361,0.4149999916553497,0.4287500083446502,0.4099999964237213,0.4282500147819519,895908000
2010-04-22,0.3820701241493225,0.4167500138282776,0.4180000126361847,0.4025000035762787,0.4082500040531158,656932000
2010-04-23,0.376798540353775,0.4110000133514404,0.4165000021457672,0.4037500023841858,0.4154999852180481,752916000
2010-04-26,0.3804656565189361,0.4149999916553497,0.4199999868869781,0.41075000166893,0.4115000069141388,491092000
2010-04-27,0.3696935176849365,0.4032500088214874,0.4162499904632568,0.4020000100135803,0.4120000004768371,606704000
2010-04-28,0.370381087064743,0.4040000140666961,0.4097500145435333,0.3957499861717224,0.402999997138977,672164000
2010-04-29,0.3816116154193878,0.4162499904632568,0.4167500138282776,0.3992500007152557,0.4052500128746032,987128000
2010-04-30,0.3600672483444214,0.3927499949932098,0.4120000004768371,0.3925000131130218,0.4112499952316284,1068048000
2010-05-03,0.3561708927154541,0.3885000050067901,0.3970000147819519,0.3824999928474426,0.3947499990463257,1078972000
2010-05-04,0.3380644023418426,0.3687500059604645,0.3832499980926513,0.3632499873638153,0.3824999928474426,1311376000
2010-05-05,0.3323344588279724,0.3625000119209289,0.371749997138977,0.3580000102519989,0.3612500131130218,1330840000
2010-05-06,0.3254585564136505,0.3549999892711639,0.3675000071525574,0.3260000050067901,0.3600000143051147,1002888000
2010-05-07,0.3199580311775207,0.3490000069141388,0.3582499921321869,0.3364999890327453,0.3582499921321869,1153712000
2010-05-10,0.3337096869945526,0.363999992609024,0.3745000064373016,0.3600000143051147,0.3700000047683716,979156000
2010-05-11,0.3300425708293915,0.3600000143051147,0.367249995470047,0.3572500050067901,0.3605000078678131,829124000
2010-05-12,0.3364600241184234,0.367000013589859,0.3689999878406524,0.3602499961853027,0.3625000119209289,901236000
2010-05-13,0.3357724249362945,0.3662500083446502,0.3822500109672546,0.3627499938011169,0.3655000030994415,1252000000
2010-05-14,0.2970383167266845,0.3240000009536743,0.3425000011920929,0.3149999976158142,0.3415000140666961,2493068000
2010-05-17,0.2977258563041687,0.324750006198883,0.3287500143051147,0.3145000040531158,0.3244999945163727,856060000
2010-05-18,0.287870317697525,0.3140000104904175,0.3294999897480011,0.3122499883174896,0.3274999856948852,674112000
2010-05-19,0.2924543917179107,0.3190000057220459,0.3194999992847442,0.3102500140666961,0.3125,826520000
2010-05-20,0.285578578710556,0.3115000128746032,0.3190000057220459,0.3002499938011169,0.3097499907016754,1129136000
2010-05-21,0.2917667925357818,0.3182500004768371,0.3269999921321869,0.3025000095367431,0.3025000095367431,1069600000
2010-05-24,0.2832864820957184,0.3089999854564667,0.3210000097751617,0.3079999983310699,0.3172500133514404,664564000
2010-05-25,0.2908499240875244,0.3172500133514404,0.3187499940395355,0.2962499856948852,0.2992500066757202,966652000
2010-05-26,0.292225033044815,0.3187499940395355,0.3362500071525574,0.3177500069141388,0.3300000131130218,995028000
2010-05-27,0.3094148337841034,0.3375000059604645,0.3375000059604645,0.3260000050067901,0.3267500102519989,713560000
2010-05-28,0.3011638224124908,0.3285000026226043,0.3370000123977661,0.3235000073909759,0.3370000123977661,545116000
2010-06-01,0.2883288264274597,0.3145000040531158,0.3277499973773956,0.3142499923706054,0.3240000009536743,527492000
2010-06-02,0.2915375232696533,0.3179999887943268,0.3185000121593475,0.3129999935626983,0.3149999976158142,649088000
2010-06-03,0.2910791933536529,0.3174999952316284,0.3182500004768371,0.3104999959468841,0.3115000128746032,586360000
2010-06-04,0.2773275077342987,0.3025000095367431,0.3137499988079071,0.3007499873638153,0.3082500100135803,671456000
2010-06-07,0.2635756134986877,0.2874999940395355,0.3057500123977661,0.2862499952316284,0.3037500083446502,577248000
2010-06-08,0.2562414407730102,0.2795000076293945,0.2862499952316284,0.2722499966621399,0.2862499952316284,967636000
2010-06-09,0.2500530779361725,0.2727499902248382,0.2885000109672546,0.2717500030994415,0.2809999883174896,697152000
2010-06-10,0.2601377367973327,0.2837499976158142,0.2849999964237213,0.2775000035762787,0.2782500088214874,611768000
2010-06-11,0.2660967409610748,0.2902500033378601,0.2915000021457672,0.2800000011920929,0.2807500064373016,442104000
2010-06-14,0.260366827249527,0.2840000092983246,0.2949999868869781,0.2832500040531158,0.2944999933242798,375080000
2010-06-15,0.27320197224617,0.2980000078678131,0.2994999885559082,0.2867499887943268,0.2872500121593475,528632000
2010-06-16,0.2697639167308807,0.2942500114440918,0.2987500131130218,0.2902500033378601,0.2960000038146972,366480000
2010-06-17,0.28007772564888,0.3055000007152557,0.3062500059604645,0.2939999997615814,0.304500013589859,859068000
2010-06-18,0.2819112837314605,0.3075000047683716,0.3112500011920929,0.3050000071525574,0.3072499930858612,932832000
2010-06-21,0.275264710187912,0.3002499938011169,0.3147499859333038,0.2975000143051147,0.3140000104904175,579836000
2010-06-22,0.2649508118629455,0.289000004529953,0.3077499866485595,0.2874999940395355,0.3039999902248382,818164000
2010-06-23,0.2679304182529449,0.2922500073909759,0.2952499985694885,0.2834999859333038,0.2917500138282776,614060000
2010-06-24,0.2546370029449463,0.2777499854564667,0.2919999957084656,0.2767499983310699,0.2904999852180481,725028000
2010-06-25,0.2539494037628174,0.2770000100135803,0.2800000011920929,0.2725000083446502,0.2797499895095825,507220000
2010-06-28,0.2544078230857849,0.2775000035762787,0.2815000116825104,0.2725000083446502,0.2790000140666961,372008000
2010-06-29,0.2401977032423019,0.2619999945163727,0.2717500030994415,0.2602500021457672,0.2714999914169311,660808000
2010-06-30,0.2340092957019806,0.2552500069141388,0.2652499973773956,0.2552500069141388,0.262499988079071,623072000
2010-07-01,0.2379057705402374,0.2594999969005584,0.2612499892711639,0.2482499927282333,0.2560000121593475,737008000
2010-07-02,0.2349261045455932,0.2562499940395355,0.2610000073909759,0.2475000023841858,0.2605000138282776,737096000
2010-07-06,0.2324049174785614,0.2535000145435333,0.2635000050067901,0.2512499988079071,0.2552500069141388,712020000
2010-07-07,0.2436354756355285,0.265749990940094,0.2672500014305115,0.2540000081062317,0.25450000166893,608412000
2010-07-08,0.2363012880086898,0.257750004529953,0.2677499949932098,0.25450000166893,0.2675000131130218,783272000
2010-07-09,0.2372180968523025,0.2587499916553497,0.2605000138282776,0.2554999887943268,0.2590000033378601,571516000
2010-07-12,0.2415727972984314,0.2635000050067901,0.2667500078678131,0.2585000097751617,0.2587499916553497,565396000
2010-07-13,0.2502821981906891,0.2730000019073486,0.2747499942779541,0.2662500143051147,0.2677499949932098,723316000
2010-07-14,0.2528033256530761,0.2757500112056732,0.2870000004768371,0.2717500030994415,0.2849999964237213,1355664000
2010-07-15,0.2456982731819152,0.2680000066757202,0.2762500047683716,0.2647500038146972,0.2759999930858612,953088000
2010-07-16,0.2303421646356582,0.2512499988079071,0.2687500119209289,0.2502500116825104,0.2680000066757202,1288604000
2010-07-19,0.239739254117012,0.2615000009536743,0.262499988079071,0.2529999911785126,0.2547500133514404,798440000
2010-07-20,0.2456982731819152,0.2680000066757202,0.2694999873638153,0.2524999976158142,0.2547500133514404,1160988000
2010-07-21,0.2376763373613357,0.2592499852180481,0.2707499861717224,0.2567499876022339,0.2705000042915344,624940000
2010-07-22,0.2415727972984314,0.2635000050067901,0.2662500143051147,0.2605000138282776,0.2619999945163727,462612000
2010-07-23,0.2374472916126251,0.2590000033378601,0.2635000050067901,0.2565000057220459,0.2632499933242798,817604000
2010-07-26,0.2418020218610763,0.2637499868869781,0.2647500038146972,0.2542499899864197,0.2582499980926513,683548000
2010-07-27,0.239739254117012,0.2615000009536743,0.2649999856948852,0.2582499980926513,0.2644999921321869,683472000
2010-07-28,0.2321758270263672,0.2532500028610229,0.2617500126361847,0.2524999976158142,0.2572500109672546,1320808000
2010-07-29,0.2092561274766922,0.2282499969005584,0.2399999946355819,0.2267500013113021,0.2349999994039535,2664476000
2010-07-30,0.2106313705444336,0.2297500073909759,0.2337500005960464,0.2230000048875808,0.226500004529953,984288000
2010-08-02,0.210402101278305,0.2294999957084655,0.2347500026226043,0.2284999936819076,0.2337500005960464,917020000
2010-08-03,0.2049014121294021,0.2234999984502792,0.2280000001192093,0.2217500060796737,0.2277500033378601,955444000
2010-08-04,0.2136108875274658,0.2329999953508377,0.2337500005960464,0.2245000004768371,0.225500002503395,855496000
2010-08-05,0.2163612246513366,0.2360000014305114,0.2364999949932098,0.2294999957084655,0.2337500005960464,800504000
2010-08-06,0.2188823670148849,0.2387499958276748,0.241249993443489,0.2329999953508377,0.2349999994039535,739904000
2010-08-09,0.2209451645612716,0.2409999966621399,0.2415000051259994,0.2352499961853027,0.241249993443489,466456000
2010-08-10,0.2117772847414016,0.231000006198883,0.2374999970197677,0.2300000041723251,0.2370000034570694,772560000
2010-08-11,0.2035263180732727,0.2220000028610229,0.2262499928474426,0.2212499976158142,0.2262499928474426,796148000
2010-08-12,0.2053598314523697,0.2240000069141388,0.2290000021457672,0.2162500023841858,0.2179999947547912,1343584000
2010-08-13,0.2152151614427566,0.2347500026226043,0.2380000054836273,0.2307499945163726,0.2312500029802322,1797392000
2010-08-16,0.2097145318984985,0.228750005364418,0.2362499982118606,0.2257499992847442,0.2314999997615814,814008000
2010-08-17,0.2124648690223693,0.2317499965429306,0.2360000014305114,0.228750005364418,0.231000006198883,481224000
2010-08-18,0.2136108875274658,0.2329999953508377,0.2349999994039535,0.2294999957084655,0.231000006198883,352920000
2010-08-19,0.2264458537101745,0.2469999939203262,0.2477499991655349,0.2342499941587448,0.2354999929666519,1615100000
2010-08-20,0.2285085916519165,0.2492499947547912,0.2552500069141388,0.2450000047683715,0.2452500015497207,1305308000
2010-08-23,0.2250707149505615,0.2454999983310699,0.2562499940395355,0.2447499930858612,0.25,748620000
2010-08-24,0.2227786481380462,0.2430000007152557,0.2454999983310699,0.2370000034570694,0.2374999970197677,641332000
2010-08-25,0.2273625433444976,0.2479999959468841,0.25,0.238999992609024,0.2402500063180923,757532000
2010-08-26,0.2246123403310775,0.2450000047683715,0.2540000081062317,0.2450000047683715,0.2512499988079071,657596000
2010-08-27,0.2319465726613998,0.2529999911785126,0.2549999952316284,0.2402500063180923,0.2465000003576278,1060416000
2010-08-30,0.2209451645612716,0.2409999966621399,0.2520000040531158,0.2409999966621399,0.25,602804000
2010-08-31,0.2138400971889495,0.233250007033348,0.2450000047683715,0.2325000017881393,0.2374999970197677,931488000
2010-09-01,0.2154443860054016,0.2349999994039535,0.2397499978542328,0.2337500005960464,0.2367500066757202,851440000
2010-09-02,0.2193407416343689,0.2392500042915344,0.2399999946355819,0.2335000038146972,0.2357500046491623,596292000
2010-09-03,0.2269042432308197,0.2475000023841858,0.2482499927282333,0.2419999986886978,0.2450000047683715,566484000
2010-09-07,0.2289669960737228,0.2497500032186508,0.2554999887943268,0.2462500035762787,0.246749997138977,899820000
2010-09-08,0.2365304231643676,0.257999986410141,0.2597500085830688,0.2475000023841858,0.2502500116825104,1224156000
2010-09-09,0.2333216965198516,0.25450000166893,0.2615000009536743,0.2512499988079071,0.2612499892711639,697748000
2010-09-10,0.2308006435632705,0.2517499923706054,0.2569999992847442,0.2495000064373016,0.2562499940395355,609292000
2010-09-13,0.2438648641109466,0.2660000026226043,0.2692500054836273,0.2562499940395355,0.2562499940395355,1015792000
2010-09-14,0.2415727972984314,0.2635000050067901,0.2669999897480011,0.2612499892711639,0.2637499868869781,698536000
2010-09-15,0.2420310974121093,0.2639999985694885,0.2642500102519989,0.2574999928474426,0.2610000073909759,555572000
2010-09-16,0.2422604709863662,0.2642500102519989,0.2664999961853027,0.2605000138282776,0.2605000138282776,365280000
2010-09-17,0.2418020218610763,0.2637499868869781,0.2669999897480011,0.2630000114440918,0.2667500078678131,416884000
2010-09-20,0.2454691976308822,0.2677499949932098,0.2687500119209289,0.2612499892711639,0.2637499868869781,443168000
2010-09-21,0.2587624192237854,0.2822499871253967,0.2867499887943268,0.2662500143051147,0.2662500143051147,1779624000
2010-09-22,0.2610544562339782,0.2847500145435333,0.2872500121593475,0.2795000076293945,0.28125,999996000
2010-09-23,0.2663259506225586,0.2904999852180481,0.2994999885559082,0.2854999899864197,0.2879999876022339,1240872000
2010-09-24,0.2809946238994598,0.3064999878406524,0.3075000047683716,0.2947500050067901,0.296999990940094,1086976000
2010-09-27,0.2750353515148163,0.3000000119209289,0.3089999854564667,0.2960000038146972,0.3087500035762787,999504000
2010-09-28,0.2743478417396545,0.2992500066757202,0.3034999966621399,0.2939999997615814,0.3002499938011169,723192000
2010-09-29,0.272285133600235,0.296999990940094,0.3057500123977661,0.293749988079071,0.2964999973773956,974904000
2010-09-30,0.2677012383937835,0.2919999957084656,0.3042500019073486,0.2894999980926513,0.3007499873638153,787632000
2010-10-01,0.2601377367973327,0.2837499976158142,0.296750009059906,0.2815000116825104,0.2962499856948852,999120000
2010-10-04,0.2576165497303009,0.2809999883174896,0.28575000166893,0.2752499878406524,0.2809999883174896,749500000
2010-10-05,0.2594500482082367,0.2829999923706054,0.2874999940395355,0.2822499871253967,0.2870000004768371,753588000
2010-10-06,0.2470734715461731,0.2694999873638153,0.2842499911785126,0.2667500078678131,0.2829999923706054,1057604000
2010-10-07,0.2452400475740432,0.2675000131130218,0.2709999978542328,0.2594999969005584,0.2707499861717224,761488000
2010-10-08,0.2489071637392044,0.2714999914169311,0.2737500071525574,0.2627499997615814,0.2664999961853027,706932000
2010-10-11,0.247760996222496,0.270249992609024,0.2750000059604645,0.2689999938011169,0.2727499902248382,442680000
2010-10-12,0.2525742352008819,0.2754999995231628,0.2767499983310699,0.265749990940094,0.2680000066757202,605208000
2010-10-13,0.2599083483219147,0.2834999859333038,0.2874999940395355,0.2770000100135803,0.2800000011920929,968732000
2010-10-14,0.2557831108570099,0.2790000140666961,0.2842499911785126,0.2777499854564667,0.2837499976158142,599172000
2010-10-15,0.2587624192237854,0.2822499871253967,0.2867499887943268,0.2790000140666961,0.2834999859333038,639940000
2010-10-18,0.260366827249527,0.2840000092983246,0.2852500081062317,0.2775000035762787,0.2824999988079071,448156000
2010-10-19,0.2587624192237854,0.2822499871253967,0.2842499911785126,0.2754999995231628,0.2777499854564667,866136000
2010-10-20,0.2587624192237854,0.2822499871253967,0.2899999916553497,0.2775000035762787,0.2824999988079071,763532000
2010-10-21,0.2541786432266235,0.2772499918937683,0.2829999923706054,0.2730000019073486,0.2824999988079071,1014428000
2010-10-22,0.2704514861106872,0.2949999868869781,0.2972500026226043,0.2759999930858612,0.2790000140666961,1322676000
2010-10-25,0.2729726135730743,0.2977499961853027,0.3000000119209289,0.2944999933242798,0.2972500026226043,673136000
2010-10-26,0.2720558941364288,0.296750009059906,0.301250010728836,0.2917500138282776,0.2942500114440918,675248000
2010-10-27,0.2759521007537842,0.3009999990463257,0.3019999861717224,0.2932499945163727,0.2939999997615814,496796000
2010-10-28,0.2761814296245575,0.301250010728836,0.3059999942779541,0.2985000014305115,0.3050000071525574,704448000
2010-10-29,0.275493860244751,0.3005000054836273,0.3037500083446502,0.2975000143051147,0.3007499873638153,554664000
2010-11-01,0.2759521007537842,0.3009999990463257,0.3072499930858612,0.2985000014305115,0.3025000095367431,473920000
2010-11-02,0.2816820442676544,0.3072499930858612,0.3122499883174896,0.3005000054836273,0.3022499978542328,581036000
2010-11-03,0.2837447226047516,0.3095000088214874,0.3115000128746032,0.301250010728836,0.309249997138977,671748000
2010-11-04,0.2842033207416534,0.3100000023841858,0.3157500028610229,0.3095000088214874,0.3125,700016000
2010-11-05,0.2890163660049438,0.3152500092983246,0.3179999887943268,0.3107500076293945,0.3122499883174896,735116000
2010-11-08,0.2901622951030731,0.3165000081062317,0.3192499876022339,0.3125,0.3149999976158142,605156000
2010-11-09,0.2885580360889435,0.3147499859333038,0.3190000057220459,0.3129999935626983,0.3165000081062317,633964000
2010-11-10,0.2919960618019104,0.3185000121593475,0.3185000121593475,0.3125,0.31700000166893,521016000
2010-11-11,0.2890163660049438,0.3152500092983246,0.320499986410141,0.3067499995231628,0.3109999895095825,1089980000
2010-11-12,0.3039141893386841,0.3314999938011169,0.3420000076293945,0.3257499933242798,0.3272500038146972,2142560000
2010-11-15,0.300246924161911,0.3274999856948852,0.3377499878406524,0.3267500102519989,0.3330000042915344,733548000
2010-11-16,0.2913083434104919,0.3177500069141388,0.3264999985694885,0.3172500133514404,0.3219999969005584,739356000
2010-11-17,0.2961214780807495,0.3230000138282776,0.3267500102519989,0.3145000040531158,0.3174999952316284,551764000
2010-11-18,0.3052893579006195,0.3330000042915344,0.3362500071525574,0.3272500038146972,0.3272500038146972,993120000
2010-11-19,0.3151447176933288,0.34375,0.3449999988079071,0.3317500054836273,0.3322499990463257,716484000
2010-11-22,0.3153740465641022,0.3440000116825104,0.3459999859333038,0.3384999930858612,0.3415000140666961,462668000
2010-11-23,0.3080397546291351,0.335999995470047,0.3434999883174896,0.3334999978542328,0.3400000035762787,457832000
2010-11-24,0.3156030476093292,0.3442499935626983,0.3454999923706054,0.3392499983310699,0.3395000100135803,397784000
2010-11-26,0.3117068409919739,0.3400000035762787,0.3459999859333038,0.3400000035762787,0.3440000116825104,143104000
2010-11-29,0.3151447176933288,0.34375,0.3449999988079071,0.3370000123977661,0.3384999930858612,468192000
2010-11-30,0.3119361400604248,0.3402499854564667,0.3420000076293945,0.3339999914169311,0.3384999930858612,720936000
2010-12-01,0.3256878852844238,0.3552500009536743,0.3574999868869781,0.3465000092983246,0.3470000028610229,626536000
2010-12-02,0.3295842111110687,0.359499990940094,0.3617500066757202,0.3549999892711639,0.3552500009536743,529316000
2010-12-03,0.3389811813831329,0.3697499930858612,0.3697499930858612,0.3569999933242798,0.3577499985694885,606044000
2010-12-06,0.3325636684894562,0.3627499938011169,0.371749997138977,0.3612500131130218,0.3709999918937683,438424000
2010-12-07,0.3433358669281006,0.3745000064373016,0.3832499980926513,0.3704999983310699,0.3712500035762787,1026812000
2010-12-08,0.346315324306488,0.3777500092983246,0.3817499876022339,0.3712500035762787,0.3740000128746032,613252000
2010-12-09,0.3405855596065521,0.3714999854564667,0.3740000128746032,0.3634999990463257,0.3687500059604645,942408000
2010-12-10,0.342648297548294,0.3737500011920929,0.3772499859333038,0.3704999983310699,0.3714999854564667,451900000
2010-12-13,0.3339388966560364,0.3642500042915344,0.3759999871253967,0.3632499873638153,0.3752500116825104,609108000
2010-12-14,0.3343972563743591,0.3647499978542328,0.3779999911785126,0.3642500042915344,0.3712500035762787,755160000
2010-12-15,0.3270630240440368,0.3567500114440918,0.3700000047683716,0.356249988079071,0.3655000030994415,624176000
2010-12-16,0.3275213539600372,0.3572500050067901,0.3625000119209289,0.356249988079071,0.3605000078678131,631872000
2010-12-17,0.3293548226356506,0.359250009059906,0.3612500131130218,0.3532499969005584,0.3574999868869781,593156000
2010-12-20,0.3279798328876495,0.3577499985694885,0.3622500002384186,0.3574999868869781,0.3605000078678131,344088000
2010-12-21,0.3408147692680359,0.371749997138977,0.371749997138977,0.3610000014305115,0.3612500131130218,466952000
2010-12-22,0.3444819450378418,0.3757500052452087,0.3762499988079071,0.3675000071525574,0.3709999918937683,477988000
2010-12-23,0.3419607877731323,0.3729999959468841,0.3757500052452087,0.3714999854564667,0.3757500052452087,273784000
2010-12-27,0.3437943160533905,0.375,0.3777500092983246,0.3652499914169311,0.3720000088214874,255500000
2010-12-28,0.3424191474914551,0.3734999895095825,0.3774999976158142,0.3712500035762787,0.375,194260000
2010-12-29,0.3424191474914551,0.3734999895095825,0.3762499988079071,0.3700000047683716,0.3732500076293945,177660000
2010-12-30,0.3435650169849396,0.3747499883174896,0.3770000040531158,0.371749997138977,0.3729999959468841,174488000
2010-12-31,0.3529621660709381,0.3849999904632568,0.3855000138282776,0.3745000064373016,0.375,391252000
2011-01-03,0.362588495016098,0.3955000042915344,0.3992500007152557,0.387499988079071,0.3880000114440918,817448000
2011-01-04,0.361442506313324,0.3942500054836273,0.3980000019073486,0.3855000138282776,0.3962500095367431,651384000
2011-01-05,0.3891750872135162,0.4244999885559082,0.4250000119209289,0.3975000083446502,0.4014999866485595,1428216000
2011-01-06,0.4430361986160278,0.4832499921321869,0.4835000038146972,0.434249997138977,0.4354999959468841,3493312000
2011-01-07,0.4554128050804138,0.496749997138977,0.4982500076293945,0.4670000076293945,0.4777500033378601,2579984000
2011-01-10,0.4728319346904754,0.515749990940094,0.5167499780654907,0.4839999973773956,0.4877499938011169,1750348000
2011-01-11,0.4654975235462188,0.5077499747276306,0.5277500152587891,0.496749997138977,0.5227500200271606,2711088000
2011-01-12,0.5351731777191162,0.5837500095367432,0.5842499732971191,0.5062500238418579,0.5080000162124634,3431896000
2011-01-13,0.5360897183418274,0.5847499966621399,0.5960000157356262,0.559499979019165,0.5774999856948853,2695192000
2011-01-14,0.5406739711761475,0.5897499918937683,0.5995000004768372,0.5712500214576721,0.5747500061988831,1595352000
2011-01-18,0.5280680060386658,0.5759999752044678,0.5857499837875366,0.5617499947547913,0.5817499756813049,1813348000
2011-01-19,0.5136287808418274,0.5602499842643738,0.5899999737739563,0.5590000152587891,0.5762500166893005,1197896000
2011-01-20,0.5140871405601501,0.5607500076293945,0.5640000104904175,0.5447499752044678,0.5547500252723694,1111408000
2011-01-21,0.5092740058898926,0.5554999709129333,0.5747500061988831,0.5544999837875366,0.5667499899864197,739244000
2011-01-24,0.5668022632598877,0.6182500123977661,0.6262500286102295,0.5745000243186951,0.5809999704360962,2056900000
2011-01-25,0.5493833422660828,0.5992500185966492,0.621999979019165,0.5952500104904175,0.6154999732971191,1086856000
2011-01-26,0.5624474883079529,0.6134999990463257,0.625,0.6012499928474426,0.6054999828338623,1074660000
2011-01-27,0.5608429908752441,0.6117500066757202,0.6237499713897705,0.6000000238418579,0.6222500205039978,657396000
2011-01-28,0.54457026720047,0.593999981880188,0.6234999895095825,0.5799999833106995,0.6132500171661377,1094796000
2011-01-31,0.548237144947052,0.5979999899864197,0.606249988079071,0.5852500200271606,0.5950000286102295,750160000
2011-02-01,0.5608429908752441,0.6117500066757202,0.6162499785423279,0.5992500185966492,0.6032500267028809,654104000
2011-02-02,0.5862840414047241,0.6395000219345093,0.6542500257492065,0.6082500219345093,0.6082500219345093,1606616000
2011-02-03,0.5752824544906616,0.6274999976158142,0.640500009059906,0.6137499809265137,0.640500009059906,1030776000
2011-02-04,0.5883463621139526,0.6417499780654907,0.6467499732971191,0.6337500214576721,0.6362500190734863,872900000
2011-02-07,0.5638225674629211,0.6150000095367432,0.6357499957084656,0.6127499938011169,0.6330000162124634,934236000
2011-02-08,0.547091543674469,0.596750020980835,0.6197500228881836,0.593999981880188,0.6157500147819519,1076584000
2011-02-09,0.5337979793548584,0.5822499990463257,0.6050000190734863,0.5715000033378601,0.5989999771118164,1277520000
2011-02-10,0.5230257511138916,0.5705000162124634,0.5802500247955322,0.5649999976158142,0.5692499876022339,1042352000
2011-02-11,0.5379234552383423,0.5867499709129333,0.6052500009536743,0.559249997138977,0.5684999823570251,1359276000
2011-02-14,0.5296724438667297,0.577750027179718,0.612500011920929,0.5755000114440918,0.59375,1287828000
2011-02-15,0.5168372988700867,0.5637500286102295,0.5807499885559082,0.5612499713897705,0.5787500143051147,886980000
2011-02-16,0.5358608365058899,0.5845000147819519,0.5927500128746033,0.5692499876022339,0.5712500214576721,1318364000
2011-02-17,0.5885756611824036,0.6420000195503235,0.6502500176429749,0.5652499794960022,0.5680000185966492,3470096000
2011-02-18,0.5874298810958862,0.640749990940094,0.6487500071525574,0.6307500004768372,0.6384999752044678,1394412000
2011-02-22,0.5319642424583435,0.5802500247955322,0.6215000152587891,0.578249990940094,0.6197500228881836,1396648000
2011-02-23,0.506752610206604,0.5527499914169312,0.5857499837875366,0.5444999933242798,0.5802500247955322,1491604000
2011-02-24,0.51912921667099,0.5662500262260437,0.5759999752044678,0.5515000224113464,0.5554999709129333,1246120000
2011-02-25,0.5299016237258911,0.578000009059906,0.5874999761581421,0.5734999775886536,0.5814999938011169,775652000
2011-02-28,0.51935875415802,0.5665000081062317,0.5877500176429749,0.5534999966621399,0.5874999761581421,903696000
2011-03-01,0.4962096512317657,0.5412499904632568,0.5747500061988831,0.5412499904632568,0.5674999952316284,988448000
2011-03-02,0.4755822122097015,0.518750011920929,0.5507500171661377,0.5062500238418579,0.5404999852180481,1718140000
2011-03-03,0.4783325493335724,0.5217499732971191,0.5337499976158142,0.5059999823570251,0.5307499766349792,1593704000
2011-03-04,0.4758115410804748,0.5189999938011169,0.5274999737739563,0.5132499933242798,0.5222499966621399,959760000
2011-03-07,0.4691645205020904,0.5117499828338623,0.5245000123977661,0.4987500011920929,0.5227500200271606,1019140000
2011-03-08,0.4480786025524139,0.488750010728836,0.5199999809265137,0.4779999852180481,0.5172500014305115,1947184000
2011-03-09,0.4386814832687378,0.4785000085830688,0.492000013589859,0.4742499887943268,0.4872500002384186,1318976000
2011-03-10,0.4107196629047394,0.4480000138282776,0.4709999859333038,0.4474999904632568,0.4675000011920929,1722736000
2011-03-11,0.4136992394924164,0.4512499868869781,0.4637500047683716,0.4415000081062317,0.4517500102519989,1486832000
2011-03-14,0.417137086391449,0.4550000131130218,0.4662500023841858,0.4474999904632568,0.4547500014305115,1003360000
2011-03-15,0.4047605395317077,0.4415000081062317,0.4490000009536743,0.4252499938011169,0.4327499866485595,1256280000
2011-03-16,0.4017809331417084,0.4382500052452087,0.4587500095367431,0.4325000047683716,0.4375,1476520000
2011-03-17,0.4093444645404815,0.4465000033378601,0.4507499933242798,0.4300000071525574,0.449999988079071,1238516000
2011-03-18,0.4038435816764831,0.4404999911785126,0.4550000131130218,0.4399999976158142,0.4535000026226043,886960000
2011-03-21,0.4070526361465454,0.4440000057220459,0.4544999897480011,0.4395000040531158,0.449999988079071,751832000
2011-03-22,0.3999474644660949,0.4362500011920929,0.4469999969005584,0.434249997138977,0.4427500069141388,718332000
2011-03-23,0.4081984460353851,0.445250004529953,0.4465000033378601,0.4259999990463257,0.4354999959468841,782396000
2011-03-24,0.4407442510128021,0.4807499945163727,0.4862500131130218,0.4537500143051147,0.4547500014305115,1780592000
2011-03-25,0.4269925951957702,0.4657500088214874,0.4862500131130218,0.4650000035762787,0.4850000143051147,1196392000
2011-03-28,0.4428070187568664,0.4830000102519989,0.4909999966621399,0.4724999964237213,0.476749986410141,1204284000
2011-03-29,0.4393691420555115,0.4792500138282776,0.4847500026226043,0.4727500081062317,0.4830000102519989,715764000
2011-03-30,0.4228669703006744,0.4612500071525574,0.4850000143051147,0.4552499949932098,0.4830000102519989,1176320000
2011-03-31,0.4230962991714477,0.4614999890327453,0.4670000076293945,0.453000009059906,0.4620000123977661,655112000
2011-04-01,0.417137086391449,0.4550000131130218,0.4679999947547912,0.4487499892711639,0.4675000011920929,850072000
2011-04-04,0.4022392630577087,0.4387499988079071,0.4562500119209289,0.4354999959468841,0.4550000131130218,924328000
2011-04-05,0.4029269516468048,0.4395000040531158,0.4487499892711639,0.4384999871253967,0.445250004529953,821076000
2011-04-06,0.4001765549182892,0.4365000128746032,0.4432500004768371,0.4327499866485595,0.4427500069141388,856984000
2011-04-07,0.414845198392868,0.4524999856948852,0.4552499949932098,0.4357500076293945,0.4375,1021208000
2011-04-08,0.4022392630577087,0.4387499988079071,0.4560000002384186,0.4375,0.4560000002384186,746552000
2011-04-11,0.3969678878784179,0.4329999983310699,0.4427500069141388,0.4282500147819519,0.4404999911785126,546208000
2011-04-12,0.3981137871742248,0.434249997138977,0.4372499883174896,0.4207499921321869,0.4287500083446502,840756000
2011-04-13,0.4070526361465454,0.4440000057220459,0.4467499852180481,0.4332500100135803,0.4387499988079071,749588000
2011-04-14,0.424242228269577,0.4627499878406524,0.4629999995231628,0.4375,0.4399999976158142,1254704000
2011-04-15,0.4288261532783508,0.4677500128746032,0.4735000133514404,0.4569999873638153,0.4592500030994415,969720000
2011-04-18,0.4146159291267395,0.4522500038146972,0.4597499966621399,0.4449999928474426,0.4567500054836273,743584000
2011-04-19,0.4130115211009979,0.4505000114440918,0.4542500078678131,0.4382500052452087,0.4524999856948852,659860000
2011-04-20,0.4256174564361572,0.4642499983310699,0.4737499952316284,0.4567500054836273,0.4670000076293945,650516000
2011-04-21,0.4244712889194488,0.4629999995231628,0.4722500145435333,0.4620000123977661,0.4692499935626983,421300000
2011-04-25,0.4311180114746094,0.4702500104904175,0.4779999852180481,0.4647499918937683,0.4650000035762787,619612000
2011-04-26,0.4423485398292541,0.4824999868869781,0.4872500002384186,0.4695000052452087,0.4742499887943268,676000000
2011-04-27,0.4423485398292541,0.4824999868869781,0.4850000143051147,0.4724999964237213,0.4850000143051147,450004000
2011-04-28,0.4471617937088012,0.4877499938011169,0.4975000023841858,0.4769999980926513,0.4824999868869781,684000000
2011-04-29,0.458392322063446,0.5,0.5109999775886536,0.4902499914169311,0.4909999966621399,836000000
2011-05-02,0.452204167842865,0.4932500123977661,0.5107499957084656,0.4907500147819519,0.5105000138282776,613824000
2011-05-03,0.4306597113609314,0.4697499871253967,0.488999992609024,0.4637500047683716,0.4875000119209289,808000000
2011-05-04,0.4274508655071258,0.4662500023841858,0.476500004529953,0.457500010728836,0.4712499976158142,639356000
2011-05-05,0.4276801943778991,0.4665000140666961,0.4720000028610229,0.4562500119209289,0.4625000059604645,544000000
2011-05-06,0.4428070187568664,0.4830000102519989,0.4875000119209289,0.4724999964237213,0.4762499928474426,841080000
2011-05-09,0.4526624679565429,0.4937500059604645,0.4962500035762787,0.4832499921321869,0.484499990940094,706328000
2011-05-10,0.4533500373363495,0.4945000112056732,0.4982500076293945,0.4894999861717224,0.4977500140666961,690976000
2011-05-11,0.4554128050804138,0.496749997138977,0.5019999742507935,0.4900000095367431,0.4970000088214874,616000000
2011-05-12,0.4698522090911865,0.512499988079071,0.5130000114440918,0.4937500059604645,0.4950000047683716,1224000000
2011-05-13,0.4185122549533844,0.4564999938011169,0.481249988079071,0.453000009059906,0.4799999892711639,2025192000
2011-05-16,0.405677318572998,0.4424999952316284,0.4562500119209289,0.4422500133514404,0.4552499949932098,728188000
2011-05-17,0.4040729105472564,0.4407500028610229,0.4412499964237213,0.4280000030994415,0.4410000145435333,1420364000
2011-05-18,0.4134699702262878,0.4510000050067901,0.4547500014305115,0.4410000145435333,0.4424999952316284,658844000
2011-05-19,0.4075108766555786,0.4444999992847442,0.4547500014305115,0.4377500116825104,0.4544999897480011,650884000
2011-05-20,0.4146159291267395,0.4522500038146972,0.453249990940094,0.4415000081062317,0.4435000121593475,575820000
2011-05-23,0.4141575396060943,0.4517500102519989,0.4550000131130218,0.4399999976158142,0.4457499980926513,588000000
2011-05-24,0.4157619178295135,0.4535000026226043,0.4717499911785126,0.4527499973773956,0.4539999961853027,720372000
2011-05-25,0.4208042025566101,0.4589999914169311,0.4620000123977661,0.4467499852180481,0.4512499868869781,545312000
2011-05-26,0.431347131729126,0.4704999923706054,0.4745000004768371,0.457749992609024,0.4589999914169311,706436000
2011-05-27,0.4469325840473175,0.4875000119209289,0.4882499873638153,0.4720000028610229,0.4724999964237213,658824000
2011-05-31,0.4593091905117035,0.5009999871253967,0.5012500286102295,0.4850000143051147,0.4970000088214874,1200716000
2011-06-01,0.4386814832687378,0.4785000085830688,0.4995000064373016,0.4774999916553497,0.4987500011920929,762208000
2011-06-02,0.4366187751293182,0.4762499928474426,0.4827499985694885,0.4704999923706054,0.4792500138282776,607592000
2011-06-03,0.4230962991714477,0.4614999890327453,0.4749999940395355,0.4592500030994415,0.4707500040531158,549300000
2011-06-06,0.4141575396060943,0.4517500102519989,0.4650000035762787,0.4512499868869781,0.460750013589859,435988000
2011-06-07,0.4139282405376434,0.4514999985694885,0.457749992609024,0.4494999945163727,0.4552499949932098,433956000
2011-06-08,0.4026976823806762,0.4392499923706054,0.4519999921321869,0.4357500076293945,0.4492500126361847,569288000
2011-06-09,0.3981137871742248,0.434249997138977,0.4399999976158142,0.418500006198883,0.4390000104904175,741632000
2011-06-10,0.3923839330673218,0.4280000030994415,0.4377500116825104,0.4244999885559082,0.4350000023841858,493548000
2011-06-13,0.3896335363388061,0.4250000119209289,0.4334999918937683,0.421999990940094,0.4280000030994415,574760000
2011-06-14,0.3928423523902893,0.4284999966621399,0.4379999935626983,0.4267500042915344,0.4287500083446502,534576000
2011-06-15,0.3843620419502258,0.4192500114440918,0.4252499938011169,0.4104999899864197,0.4227499961853027,935916000
2011-06-16,0.3710687160491943,0.4047499895095825,0.4259999990463257,0.3987500071525574,0.4194999933242798,1024908000
2011-06-17,0.3623591661453247,0.395249992609024,0.4097500145435333,0.382750004529953,0.4095000028610229,1467884000
2011-06-20,0.3580045104026794,0.390500009059906,0.4000000059604645,0.387499988079071,0.3917500078678131,745960000
2011-06-21,0.3657971322536468,0.3989999890327453,0.4020000100135803,0.3882499933242798,0.3919999897480011,704276000
2011-06-22,0.3607548475265503,0.3935000002384186,0.4014999866485595,0.3927499949932098,0.3962500095367431,651720000
2011-06-23,0.3715270757675171,0.4052500128746032,0.4079999923706054,0.3849999904632568,0.3885000050067901,744024000
2011-06-24,0.3607548475265503,0.3935000002384186,0.4067499935626983,0.3910000026226043,0.4032500088214874,529052000
2011-06-27,0.3531912565231323,0.3852500021457672,0.3959999978542328,0.3714999854564667,0.3935000002384186,1142152000
2011-06-28,0.3552541732788086,0.387499988079071,0.3919999897480011,0.3824999928474426,0.3852500021457672,692200000
2011-06-29,0.3607548475265503,0.3935000002384186,0.3975000083446502,0.3765000104904175,0.3899999856948852,960544000
2011-06-30,0.3653385937213897,0.398499995470047,0.4027499854564667,0.3885000050067901,0.3944999873638153,652300000
2011-07-01,0.3701519668102264,0.4037500023841858,0.4052500128746032,0.390500009059906,0.398499995470047,540804000
2011-07-05,0.3639635145664215,0.3970000147819519,0.4070000052452087,0.3935000002384186,0.4032500088214874,535296000
2011-07-06,0.3591504395008087,0.3917500078678131,0.3975000083446502,0.3869999945163727,0.3967500030994415,529580000
2011-07-07,0.3605255484580993,0.3932499885559082,0.3957499861717224,0.3862499892711639,0.3937500119209289,986136000
2011-07-08,0.3536497950553894,0.3857499957084656,0.390500009059906,0.3824999928474426,0.3877499997615814,619516000
2011-07-11,0.3412730097770691,0.3722499907016754,0.3799999952316284,0.3712500035762787,0.3785000145435333,714388000
2011-07-12,0.3366892039775848,0.367249995470047,0.3740000128746032,0.3610000014305115,0.3704999983310699,867604000
2011-07-13,0.3360015749931335,0.3664999902248382,0.3747499883174896,0.3630000054836273,0.3722499907016754,634368000
2011-07-14,0.3227081894874573,0.3519999980926513,0.3702499866485595,0.3502500057220459,0.3680000007152557,1088996000
2011-07-15,0.3231666982173919,0.3524999916553497,0.356249988079071,0.3452500104904175,0.3540000021457672,827736000
2011-07-18,0.3162906765937805,0.3449999988079071,0.351749986410141,0.340499997138977,0.3497500121593475,818200000
2011-07-19,0.32591712474823,0.3555000126361847,0.356249988079071,0.3459999859333038,0.3459999859333038,602224000
2011-07-20,0.3217914700508117,0.3510000109672546,0.3587499856948852,0.3499999940395355,0.3567500114440918,662956000
2011-07-21,0.3369183540344238,0.3675000071525574,0.3700000047683716,0.3462499976158142,0.351500004529953,1143420000
2011-07-22,0.3437943160533905,0.375,0.3762499988079071,0.3659999966621399,0.3707500100135803,737192000
2011-07-25,0.3382936716079712,0.3689999878406524,0.3707500100135803,0.363750010728836,0.3692499995231628,566920000
2011-07-26,0.3300425708293915,0.3600000143051147,0.3675000071525574,0.3547500073909759,0.3585000038146972,698276000
2011-07-27,0.3176659345626831,0.3465000092983246,0.3567500114440918,0.3454999923706054,0.3549999892711639,652212000
2011-07-28,0.316978394985199,0.3457500040531158,0.3529999852180481,0.3397499918937683,0.3452500104904175,648176000
2011-07-29,0.316978394985199,0.3457500040531158,0.3490000069141388,0.340499997138977,0.3422499895095825,677656000
2011-08-01,0.3339388966560364,0.3642500042915344,0.3652499914169311,0.3507499992847442,0.3537499904632568,1019620000
2011-08-02,0.3305008709430694,0.3605000078678131,0.3844999969005584,0.3605000078678131,0.3617500066757202,1356432000
2011-08-03,0.3394396603107452,0.3702499866485595,0.3714999854564667,0.3577499985694885,0.3612500131130218,765236000
2011-08-04,0.3071229755878448,0.3350000083446502,0.3634999990463257,0.3350000083446502,0.3634999990463257,979732000
2011-08-05,0.2968091666698456,0.3237499892711639,0.3470000028610229,0.3149999976158142,0.3427500128746032,1270588000
2011-08-08,0.2734310030937195,0.2982499897480011,0.3190000057220459,0.2962499856948852,0.3079999983310699,1084180000
2011-08-09,0.2963508069515228,0.3232499957084656,0.3237499892711639,0.3000000119209289,0.3039999902248382,1329832000
2011-08-10,0.2828281223773956,0.3084999918937683,0.3227500021457672,0.3067499995231628,0.3137499988079071,1140052000
2011-08-11,0.3073519766330719,0.3352499902248382,0.3397499918937683,0.3084999918937683,0.3084999918937683,1078792000
2011-08-12,0.295204609632492,0.3219999969005584,0.3714999854564667,0.3167499899864197,0.3709999918937683,3195784000
2011-08-15,0.3064353168010711,0.3342500030994415,0.3350000083446502,0.3235000073909759,0.3252499997615814,864152000
2011-08-16,0.2977258563041687,0.324750006198883,0.3350000083446502,0.3187499940395355,0.3305000066757202,716868000
2011-08-17,0.2936003506183624,0.320250004529953,0.3312500119209289,0.3160000145435333,0.3257499933242798,553328000
2011-08-18,0.2736602127552032,0.2985000014305115,0.3087500035762787,0.2949999868869781,0.3057500123977661,802564000
2011-08-19,0.268847107887268,0.2932499945163727,0.3097499907016754,0.2912499904632568,0.293500006198883,761332000
2011-08-22,0.2736602127552032,0.2985000014305115,0.3050000071525574,0.2952499985694885,0.301499992609024,611876000
2011-08-23,0.3032265305519104,0.3307499885559082,0.3310000002384186,0.3052499890327453,0.3057500123977661,938312000
2011-08-24,0.2988718450069427,0.3260000050067901,0.3310000002384186,0.3174999952316284,0.3300000131130218,687500000
2011-08-25,0.2860369980335235,0.3120000064373016,0.3252499997615814,0.3115000128746032,0.3194999992847442,690968000
2011-08-26,0.2981843054294586,0.3252499997615814,0.3285000026226043,0.3052499890327453,0.3107500076293945,732660000
2011-08-29,0.3062060475349426,0.3339999914169311,0.3352499902248382,0.3267500102519989,0.3345000147819519,601528000
2011-08-30,0.3135404288768768,0.3420000076293945,0.3447499871253967,0.3294999897480011,0.3317500054836273,684760000
2011-08-31,0.3050601482391357,0.332749992609024,0.3479999899864197,0.3300000131130218,0.3445000052452087,705808000
2011-09-01,0.3043725192546844,0.3319999873638153,0.3445000052452087,0.3317500054836273,0.3372499942779541,762312000
2011-09-02,0.2961214780807495,0.3230000138282776,0.3289999961853027,0.320499986410141,0.3244999945163727,471356000
2011-09-06,0.3020804822444916,0.3294999897480011,0.3302499949932098,0.3095000088214874,0.3125,696248000
2011-09-07,0.3266046047210693,0.356249988079071,0.3659999966621399,0.3465000092983246,0.356249988079071,1606620000
2011-09-08,0.3250002562999725,0.3544999957084656,0.3612500131130218,0.3487499952316284,0.3527500033378601,880164000
2011-09-09,0.3181242048740387,0.3470000028610229,0.3610000014305115,0.3440000116825104,0.351500004529953,869828000
2011-09-12,0.3256878852844238,0.3552500009536743,0.3582499921321869,0.3422499895095825,0.3422499895095825,916480000
2011-09-13,0.3330220580101013,0.3632499873638153,0.3650000095367431,0.3527500033378601,0.3582499921321869,853836000
2011-09-14,0.3502119183540344,0.3819999992847442,0.3867500126361847,0.3725000023841858,0.3727500140666961,1547192000
2011-09-15,0.3552541732788086,0.387499988079071,0.3925000131130218,0.3840000033378601,0.390500009059906,752908000
2011-09-16,0.3543373644351959,0.3865000009536743,0.4025000035762787,0.3844999969005584,0.3882499933242798,1391588000
2011-09-19,0.3470030725002289,0.3785000145435333,0.382750004529953,0.3687500059604645,0.3799999952316284,968204000
2011-09-20,0.3380644023418426,0.3687500059604645,0.3847500085830688,0.367000013589859,0.3832499980926513,792436000
2011-09-21,0.3316468596458435,0.3617500066757202,0.3772499859333038,0.3614999949932098,0.3707500100135803,715252000
2011-09-22,0.3096440434455871,0.3377499878406524,0.3479999899864197,0.3312500119209289,0.3474999964237213,1314632000
2011-09-23,0.3160615563392639,0.3447499871253967,0.3544999957084656,0.3337500095367431,0.335750013589859,1011440000
2011-09-26,0.316749095916748,0.3454999923706054,0.3499999940395355,0.3300000131130218,0.3490000069141388,972124000
2011-09-27,0.317207396030426,0.3459999859333038,0.3572500050067901,0.3432500064373016,0.3542500138282776,781388000
2011-09-28,0.3075813353061676,0.3355000019073486,0.3555000126361847,0.3300000131130218,0.3467499911785126,1236532000
2011-09-29,0.3000179529190063,0.3272500038146972,0.3472500145435333,0.3187499940395355,0.3415000140666961,866416000
2011-09-30,0.2867244184017181,0.3127500116825104,0.3237499892711639,0.3122499883174896,0.3219999969005584,677784000
2011-10-03,0.2706807255744934,0.2952499985694885,0.3185000121593475,0.2952499985694885,0.3087500035762787,949896000
2011-10-04,0.2956631183624267,0.3224999904632568,0.3224999904632568,0.2867499887943268,0.2879999876022339,1361548000
2011-10-05,0.3062060475349426,0.3339999914169311,0.3370000123977661,0.3152500092983246,0.3217499852180481,856708000
2011-10-06,0.3183535635471344,0.3472500145435333,0.34825000166893,0.3352499902248382,0.335750013589859,773192000
2011-10-07,0.3243126571178436,0.3537499904632568,0.3589999973773956,0.3415000140666961,0.3487499952316284,806976000
2011-10-10,0.3387520313262939,0.3695000112056732,0.3695000112056732,0.3589999973773956,0.3597500026226043,534376000
2011-10-11,0.3350849151611328,0.3655000030994415,0.3725000023841858,0.3642500042915344,0.3664999902248382,816080000
2011-10-12,0.3348555862903595,0.3652499914169311,0.3727500140666961,0.3650000095367431,0.3725000023841858,612064000
2011-10-13,0.3543373644351959,0.3865000009536743,0.387250006198883,0.3625000119209289,0.3634999990463257,854832000
2011-10-14,0.3602964878082275,0.3930000066757202,0.3972499966621399,0.3835000097751617,0.3932499885559082,702452000
2011-10-17,0.3424191474914551,0.3734999895095825,0.3885000050067901,0.3714999854564667,0.3885000050067901,611780000
2011-10-18,0.3547957241535187,0.3869999945163727,0.3880000114440918,0.3692499995231628,0.3714999854564667,590916000
2011-10-19,0.3476906716823578,0.3792499899864197,0.3942500054836273,0.3782500028610229,0.387499988079071,557568000
2011-10-20,0.3302717804908752,0.3602499961853027,0.3704999983310699,0.3459999859333038,0.3689999878406524,990308000
2011-10-21,0.3318760991096496,0.3619999885559082,0.3707500100135803,0.356000006198883,0.3647499978542328,628428000
2011-10-24,0.3442526757717132,0.3754999935626983,0.3812499940395355,0.3627499938011169,0.3634999990463257,535256000
2011-10-25,0.3311884999275207,0.3612500131130218,0.3732500076293945,0.3605000078678131,0.3702499866485595,577996000
2011-10-26,0.3350849151611328,0.3655000030994415,0.3702499866485595,0.3549999892711639,0.3682500123977661,503116000
2011-10-27,0.3495243191719055,0.3812499940395355,0.3849999904632568,0.3704999983310699,0.3790000081062317,577732000
2011-10-28,0.3575461208820343,0.3899999856948852,0.3935000002384186,0.3770000040531158,0.3779999911785126,490156000
2011-10-31,0.3392103612422943,0.3700000047683716,0.3797500133514404,0.3700000047683716,0.3774999976158142,519984000
2011-11-01,0.3222498893737793,0.351500004529953,0.3574999868869781,0.3479999899864197,0.3564999997615814,790824000
2011-11-02,0.316749095916748,0.3454999923706054,0.3567500114440918,0.3382500112056732,0.3549999892711639,961608000
2011-11-03,0.3357724249362945,0.3662500083446502,0.367000013589859,0.3400000035762787,0.3492499887943268,749372000
2011-11-04,0.3396687805652618,0.3704999983310699,0.371749997138977,0.3572500050067901,0.3630000054836273,654840000
2011-11-07,0.3378352522850036,0.3684999942779541,0.3740000128746032,0.3600000143051147,0.3677499890327453,613536000
2011-11-08,0.3456279039382934,0.3770000040531158,0.3792499899864197,0.367249995470047,0.3732500076293945,549728000
2011-11-09,0.3282089233398437,0.3580000102519989,0.3729999959468841,0.3564999997615814,0.3682500123977661,532244000
2011-11-10,0.3316468596458435,0.3617500066757202,0.3704999983310699,0.3527500033378601,0.3667500019073486,990484000
2011-11-11,0.3433358669281006,0.3745000064373016,0.3774999976158142,0.351749986410141,0.3720000088214874,1751560000
2011-11-14,0.3366892039775848,0.367249995470047,0.3782500028610229,0.3662500083446502,0.3745000064373016,500292000
2011-11-15,0.341044008731842,0.3720000088214874,0.3747499883174896,0.3627499938011169,0.363750010728836,505660000
2011-11-16,0.3341681063175201,0.3644999861717224,0.3747499883174896,0.3632499873638153,0.3650000095367431,512420000
2011-11-17,0.3222498893737793,0.351500004529953,0.3647499978542328,0.3449999988079071,0.363750010728836,657504000
2011-11-18,0.3192703425884247,0.34825000166893,0.3535000085830688,0.3445000052452087,0.3535000085830688,501352000
2011-11-21,0.3353141546249389,0.3657500147819519,0.3692499995231628,0.3375000059604645,0.3427500128746032,1330788000
2011-11-22,0.3456279039382934,0.3770000040531158,0.3790000081062317,0.3677499890327453,0.3697499930858612,1287480000
2011-11-23,0.330959290266037,0.3610000014305115,0.3757500052452087,0.3607499897480011,0.3729999959468841,825340000
2011-11-25,0.3217914700508117,0.3510000109672546,0.3644999861717224,0.3499999940395355,0.356249988079071,406620000
2011-11-28,0.339898020029068,0.3707500100135803,0.3762499988079071,0.3625000119209289,0.3625000119209289,690616000
2011-11-29,0.3417315483093261,0.3727500140666961,0.3774999976158142,0.3667500019073486,0.3702499866485595,623440000
2011-11-30,0.3582336604595184,0.390749990940094,0.3917500078678131,0.3807500004768371,0.3840000033378601,730324000
2011-12-01,0.362588495016098,0.3955000042915344,0.3964999914169311,0.3857499957084656,0.387499988079071,529760000
2011-12-02,0.3602964878082275,0.3930000066757202,0.4012500047683716,0.3892500102519989,0.3997499942779541,546464000
2011-12-05,0.3547957241535187,0.3869999945163727,0.4000000059604645,0.3837499916553497,0.3995000123977661,644696000
2011-12-06,0.3497533500194549,0.3815000057220459,0.3899999856948852,0.3774999976158142,0.3892500102519989,573832000
2011-12-07,0.3476906716823578,0.3792499899864197,0.3819999992847442,0.3712500035762787,0.3790000081062317,510016000
2011-12-08,0.3366892039775848,0.367249995470047,0.3817499876022339,0.3659999966621399,0.3754999935626983,491488000
2011-12-09,0.3415023982524872,0.3725000023841858,0.3754999935626983,0.359499990940094,0.3644999861717224,555840000
2011-12-12,0.3330220580101013,0.3632499873638153,0.3659999966621399,0.3564999997615814,0.3644999861717224,573208000
2011-12-13,0.3238542675971985,0.3532499969005584,0.3725000023841858,0.3510000109672546,0.3680000007152557,516596000
2011-12-14,0.3112484514713287,0.3395000100135803,0.3522500097751617,0.335750013589859,0.3502500057220459,636020000
2011-12-15,0.3084980547428131,0.3364999890327453,0.3474999964237213,0.335750013589859,0.3452500104904175,435148000
2011-12-16,0.3096440434455871,0.3377499878406524,0.3457500040531158,0.3362500071525574,0.3392499983310699,619116000
2011-12-19,0.3016221821308136,0.3289999961853027,0.3432500064373016,0.3277499973773956,0.3392499983310699,463276000
2011-12-20,0.3185827732086181,0.3474999964237213,0.3487499952316284,0.3364999890327453,0.3364999890327453,445208000
2011-12-21,0.3144572377204895,0.3429999947547912,0.3492499887943268,0.3362500071525574,0.3454999923706054,548424000
2011-12-22,0.3279798328876495,0.3577499985694885,0.3587499856948852,0.3440000116825104,0.3440000116825104,576560000
2011-12-23,0.3247710764408111,0.3542500138282776,0.3600000143051147,0.3512499928474426,0.359499990940094,248948000
2011-12-27,0.3222498893737793,0.351500004529953,0.3569999933242798,0.3504999876022339,0.3527500033378601,195712000
2011-12-28,0.3142279982566833,0.3427500128746032,0.3522500097751617,0.3425000011920929,0.351500004529953,233960000
2011-12-29,0.3201870322227478,0.3492499887943268,0.3499999940395355,0.3412500023841858,0.3462499976158142,211112000
2011-12-30,0.3176659345626831,0.3465000092983246,0.351749986410141,0.3459999859333038,0.3479999899864197,186956000
2012-01-03,0.3217914700508117,0.3510000109672546,0.3600000143051147,0.3502500057220459,0.3574999868869781,468044000
2012-01-04,0.3254585564136505,0.3549999892711639,0.3564999997615814,0.3479999899864197,0.3512499928474426,347372000
2012-01-05,0.3371476531028747,0.3677499890327453,0.3695000112056732,0.351749986410141,0.3532499969005584,563548000
2012-01-06,0.3332512080669403,0.3634999990463257,0.3677499890327453,0.359250009059906,0.3675000071525574,533252000
2012-01-09,0.3332512080669403,0.3634999990463257,0.3704999983310699,0.3610000014305115,0.363750010728836,508244000
2012-01-10,0.3318760991096496,0.3619999885559082,0.3692499995231628,0.359499990940094,0.3689999878406524,546328000
2012-01-11,0.3252294659614563,0.3547500073909759,0.3619999885559082,0.3532499969005584,0.3587499856948852,484272000
2012-01-12,0.3231666982173919,0.3524999916553497,0.3557499945163727,0.3447499871253967,0.3555000126361847,652364000
2012-01-13,0.3146864175796509,0.3432500064373016,0.3507499992847442,0.3415000140666961,0.3499999940395355,504300000
2012-01-17,0.3098731637001037,0.3379999995231628,0.3485000133514404,0.3375000059604645,0.3485000133514404,627176000
2012-01-18,0.3204162418842315,0.3495000004768371,0.3522500097751617,0.3427500128746032,0.3445000052452087,632676000
2012-01-19,0.3288965225219726,0.3587499856948852,0.359250009059906,0.3487499952316284,0.3524999916553497,608312000
2012-01-20,0.32591712474823,0.3555000126361847,0.3625000119209289,0.3542500138282776,0.3582499921321869,546272000
2012-01-23,0.3348555862903595,0.3652499914169311,0.3655000030994415,0.3512499928474426,0.3557499945163727,562792000
2012-01-24,0.3424191474914551,0.3734999895095825,0.375,0.3625000119209289,0.3627499938011169,730920000
2012-01-25,0.3403563499450683,0.3712500035762787,0.3722499907016754,0.3529999852180481,0.3634999990463257,1274152000
2012-01-26,0.3371476531028747,0.3677499890327453,0.3810000121593475,0.3657500147819519,0.3767499923706054,799672000
2012-01-27,0.3417315483093261,0.3727500140666961,0.3747499883174896,0.3625000119209289,0.3655000030994415,449996000
2012-01-30,0.3392103612422943,0.3700000047683716,0.371749997138977,0.3607499897480011,0.3662500083446502,399076000
2012-01-31,0.3385228216648102,0.3692499995231628,0.3712500035762787,0.3627499938011169,0.3709999918937683,357900000
2012-02-01,0.3421899378299713,0.3732500076293945,0.3774999976158142,0.3682500123977661,0.3734999895095825,428020000
2012-02-02,0.3550249934196472,0.387250006198883,0.3887499868869781,0.3714999854564667,0.3752500116825104,696236000
2012-02-03,0.362588495016098,0.3955000042915344,0.3987500071525574,0.3922500014305115,0.3930000066757202,495232000
2012-02-06,0.3598380982875824,0.3925000131130218,0.3939999938011169,0.3889999985694885,0.3935000002384186,278868000
2012-02-07,0.3607548475265503,0.3935000002384186,0.3957499861717224,0.3865000009536743,0.3930000066757202,410296000
2012-02-08,0.3738189935684204,0.4077500104904175,0.4154999852180481,0.3914999961853027,0.3935000002384186,847612000
2012-02-09,0.3735897541046142,0.4074999988079071,0.4149999916553497,0.4067499935626983,0.4127500057220459,561944000
2012-02-10,0.3644219934940338,0.3975000083446502,0.4050000011920929,0.395249992609024,0.4034999907016754,440268000
2012-02-13,0.3701519668102264,0.4037500023841858,0.4090000092983246,0.3955000042915344,0.4074999988079071,610668000
2012-02-14,0.372214674949646,0.4059999883174896,0.4095000028610229,0.4002499878406524,0.4037500023841858,453756000
2012-02-15,0.3706101775169372,0.4042499959468841,0.4225000143051147,0.4032500088214874,0.4097500145435333,1110856000
2012-02-16,0.3770277798175812,0.4112499952316284,0.4144999980926513,0.375,0.3765000104904175,1888588000
2012-02-17,0.3632759153842926,0.3962500095367431,0.414249986410141,0.3925000131130218,0.4115000069141388,1020360000
2012-02-21,0.3651096522808075,0.398250013589859,0.4079999923706054,0.395249992609024,0.3959999978542328,518176000
2012-02-22,0.362588495016098,0.3955000042915344,0.4059999883174896,0.395000010728836,0.3962500095367431,492432000
2012-02-23,0.3646511137485504,0.3977499902248382,0.4000000059604645,0.3899999856948852,0.3962500095367431,323968000
2012-02-24,0.3619008362293243,0.3947499990463257,0.3995000123977661,0.3930000066757202,0.3989999890327453,366668000
2012-02-27,0.3545665442943573,0.3867500126361847,0.3914999961853027,0.3812499940395355,0.3897500038146972,745268000
2012-02-28,0.3513577580451965,0.3832499980926513,0.3912500143051147,0.3792499899864197,0.3867500126361847,699884000
2012-02-29,0.347232311964035,0.3787499964237213,0.3910000026226043,0.3785000145435333,0.3844999969005584,689196000
2012-03-01,0.3495243191719055,0.3812499940395355,0.3857499957084656,0.3787499964237213,0.3802500069141388,449944000
2012-03-02,0.3525037169456482,0.3844999969005584,0.3899999856948852,0.3799999952316284,0.3799999952316284,684076000
2012-03-05,0.3405855596065521,0.3714999854564667,0.3824999928474426,0.3687500059604645,0.3817499876022339,514848000
2012-03-06,0.3373766839504242,0.3680000007152557,0.3702499866485595,0.3614999949932098,0.367249995470047,471400000
2012-03-07,0.3394396603107452,0.3702499866485595,0.371749997138977,0.3650000095367431,0.3700000047683716,441984000
2012-03-08,0.3405855596065521,0.3714999854564667,0.3752500116825104,0.3692499995231628,0.3712500035762787,430852000
2012-03-09,0.3396687805652618,0.3704999983310699,0.3752500116825104,0.3684999942779541,0.3725000023841858,367836000
2012-03-12,0.3343972563743591,0.3647499978542328,0.3745000064373016,0.363750010728836,0.3720000088214874,299948000
2012-03-13,0.3389811813831329,0.3697499930858612,0.371749997138977,0.3644999861717224,0.3662500083446502,553288000
2012-03-14,0.3293548226356506,0.359250009059906,0.3704999983310699,0.3580000102519989,0.3697499930858612,735708000
2012-03-15,0.3341681063175201,0.3644999861717224,0.3664999902248382,0.3589999973773956,0.3602499961853027,382380000
2012-03-16,0.3346264660358429,0.3650000095367431,0.3664999902248382,0.3627499938011169,0.3647499978542328,428340000
2012-03-19,0.3355433642864227,0.3659999966621399,0.3687500059604645,0.3642500042915344,0.367000013589859,405400000
2012-03-20,0.3300425708293915,0.3600000143051147,0.363999992609024,0.3567500114440918,0.363999992609024,449616000
2012-03-21,0.3314176499843597,0.3614999949932098,0.3647499978542328,0.356000006198883,0.3600000143051147,467840000
2012-03-22,0.330959290266037,0.3610000014305115,0.363999992609024,0.3577499985694885,0.3587499856948852,425372000
2012-03-23,0.3334804773330688,0.363750010728836,0.3647499978542328,0.3574999868869781,0.3600000143051147,315456000
2012-03-26,0.3373766839504242,0.3680000007152557,0.3697499930858612,0.363750010728836,0.367249995470047,288600000
2012-03-27,0.3396687805652618,0.3704999983310699,0.375,0.3687500059604645,0.3695000112056732,419968000
2012-03-28,0.347461462020874,0.3790000081062317,0.3840000033378601,0.3725000023841858,0.3752500116825104,892448000
2012-03-29,0.349065899848938,0.3807500004768371,0.3837499916553497,0.3737500011920929,0.3785000145435333,372700000
2012-03-30,0.3529621660709381,0.3849999904632568,0.387250006198883,0.3785000145435333,0.3840000033378601,527240000
2012-04-02,0.3513577580451965,0.3832499980926513,0.387250006198883,0.3777500092983246,0.3840000033378601,407776000
2012-04-03,0.3456279039382934,0.3770000040531158,0.3865000009536743,0.375,0.3860000073909759,430476000
2012-04-04,0.3357724249362945,0.3662500083446502,0.3759999871253967,0.363999992609024,0.3712500035762787,495896000
2012-04-05,0.3353141546249389,0.3657500147819519,0.3712500035762787,0.3644999861717224,0.3667500019073486,369424000
2012-04-09,0.330959290266037,0.3610000014305115,0.3622500002384186,0.3540000021457672,0.3600000143051147,365504000
2012-04-10,0.3245418071746826,0.3540000021457672,0.3644999861717224,0.3522500097751617,0.359499990940094,470360000
2012-04-11,0.328667402267456,0.3585000038146972,0.3662500083446502,0.3574999868869781,0.3587499856948852,372960000
2012-04-12,0.3364600241184234,0.367000013589859,0.3689999878406524,0.3574999868869781,0.3589999973773956,384868000
2012-04-13,0.3245418071746826,0.3540000021457672,0.3657500147819519,0.3537499904632568,0.363750010728836,311324000
2012-04-16,0.3206455111503601,0.3497500121593475,0.3574999868869781,0.3440000116825104,0.3564999997615814,463468000
2012-04-17,0.3213330209255218,0.3504999876022339,0.3549999892711639,0.3492499887943268,0.3507499992847442,460696000
2012-04-18,0.3178951144218445,0.3467499911785126,0.3499999940395355,0.3425000011920929,0.34825000166893,400764000
2012-04-19,0.3130820393562317,0.3415000140666961,0.3552500009536743,0.3397499918937683,0.3422499895095825,667188000
2012-04-20,0.3068937659263611,0.3347499966621399,0.3445000052452087,0.3339999914169311,0.3434999883174896,509592000
2012-04-23,0.3032265305519104,0.3307499885559082,0.3322499990463257,0.3227500021457672,0.3289999961853027,706244000
2012-04-24,0.2938295304775238,0.320499986410141,0.3345000147819519,0.3187499940395355,0.3317500054836273,730440000
2012-04-25,0.2997886538505554,0.3269999921321869,0.3294999897480011,0.3192499876022339,0.3252499997615814,727112000
2012-04-26,0.3000179529190063,0.3272500038146972,0.3300000131130218,0.3244999945163727,0.3267500102519989,539208000
2012-04-27,0.2974966764450073,0.3244999945163727,0.3287500143051147,0.3210000097751617,0.3267500102519989,475356000
2012-04-30,0.2979550957679748,0.324999988079071,0.3267500102519989,0.320499986410141,0.3227500021457672,262268000
2012-05-01,0.3032265305519104,0.3307499885559082,0.3342500030994415,0.3232499957084656,0.3232499957084656,408680000
2012-05-02,0.2945170998573303,0.3212499916553497,0.3307499885559082,0.3194999992847442,0.3294999897480011,684008000
2012-05-03,0.2894748449325561,0.3157500028610229,0.3240000009536743,0.3137499988079071,0.3219999969005584,419536000
2012-05-04,0.2809946238994598,0.3064999878406524,0.3154999911785126,0.3064999878406524,0.3137499988079071,545092000
2012-05-07,0.2858076393604278,0.3117499947547912,0.3172500133514404,0.309249997138977,0.3120000064373016,604440000
2012-05-08,0.285578578710556,0.3115000128746032,0.3134999871253967,0.3034999966621399,0.3089999854564667,462312000
2012-05-09,0.2867244184017181,0.3127500116825104,0.3152500092983246,0.3030000030994415,0.3059999942779541,520608000
2012-05-10,0.284661591053009,0.3104999959468841,0.3162499964237213,0.3055000007152557,0.3157500028610229,597092000
2012-05-11,0.30276820063591,0.3302499949932098,0.3420000076293945,0.3289999961853027,0.3362500071525574,1435140000
2012-05-14,0.3009345829486847,0.328249990940094,0.3332499861717224,0.3207499980926513,0.3274999856948852,437472000
2012-05-15,0.2979550957679748,0.324999988079071,0.3355000019073486,0.3235000073909759,0.328249990940094,599940000
2012-05-16,0.2919960618019104,0.3185000121593475,0.3292500078678131,0.3174999952316284,0.3255000114440918,470484000
2012-05-17,0.2899332344532013,0.3162499964237213,0.3227500021457672,0.3162499964237213,0.3197500109672546,335364000
2012-05-18,0.2768690288066864,0.3019999861717224,0.3185000121593475,0.3005000054836273,0.31700000166893,567288000
2012-05-21,0.2816820442676544,0.3072499930858612,0.3087500035762787,0.3005000054836273,0.3025000095367431,416260000
2012-05-22,0.2782441675662994,0.3034999966621399,0.3075000047683716,0.2989999949932098,0.3070000112056732,410140000
2012-05-23,0.2851200103759765,0.3109999895095825,0.3115000128746032,0.2957499921321869,0.3002499938011169,496000000
2012-05-24,0.2775565087795257,0.3027499914169311,0.3132500052452087,0.3005000054836273,0.3127500116825104,520420000
2012-05-25,0.2842033207416534,0.3100000023841858,0.3125,0.3025000095367431,0.3025000095367431,391752000
2012-05-29,0.2915375232696533,0.3179999887943268,0.3199999928474426,0.3137499988079071,0.3149999976158142,310000000
2012-05-30,0.2880996763706207,0.3142499923706054,0.3167499899864197,0.3087500035762787,0.3145000040531158,379792000
2012-05-31,0.2848909199237823,0.3107500076293945,0.3154999911785126,0.3067499995231628,0.3142499923706054,358192000
2012-06-01,0.2745770215988159,0.2994999885559082,0.3072499930858612,0.2989999949932098,0.3042500019073486,440984000
2012-06-04,0.268847107887268,0.2932499945163727,0.3027499914169311,0.2907499969005584,0.3009999990463257,432856000
2012-06-05,0.2766398191452026,0.3017500042915344,0.3025000095367431,0.2917500138282776,0.2917500138282776,365224000
2012-06-06,0.283974140882492,0.3097499907016754,0.3104999959468841,0.3017500042915344,0.3039999902248382,368968000
2012-06-07,0.2725143134593963,0.2972500026226043,0.3160000145435333,0.296999990940094,0.3142499923706054,526780000
2012-06-08,0.2777858078479767,0.3030000030994415,0.3039999902248382,0.2977499961853027,0.2982499897480011,370308000
2012-06-11,0.2809946238994598,0.3064999878406524,0.3182500004768371,0.3057500123977661,0.3127500116825104,839080000
2012-06-12,0.2867244184017181,0.3127500116825104,0.3157500028610229,0.3095000088214874,0.3100000023841858,496128000
2012-06-13,0.2791609764099121,0.304500013589859,0.3132500052452087,0.3030000030994415,0.3125,494276000
2012-06-14,0.2757229208946228,0.3007499873638153,0.3064999878406524,0.2977499961853027,0.3039999902248382,589884000
2012-06-15,0.2816820442676544,0.3072499930858612,0.3075000047683716,0.3002499938011169,0.3030000030994415,385288000
2012-06-18,0.2842033207416534,0.3100000023841858,0.3125,0.3025000095367431,0.3050000071525574,304424000
2012-06-19,0.3034557700157165,0.3310000002384186,0.335750013589859,0.3212499916553497,0.3227500021457672,960476000
2012-06-20,0.3082688748836517,0.3362500071525574,0.3425000011920929,0.3322499990463257,0.3342500030994415,972720000
2012-06-21,0.2942878305912018,0.3210000097751617,0.335999995470047,0.320250004529953,0.335999995470047,516376000
2012-06-22,0.2979550957679748,0.324999988079071,0.3287500143051147,0.320499986410141,0.324999988079071,865360000
2012-06-25,0.2885580360889435,0.3147499859333038,0.3262499868869781,0.3134999871253967,0.3252499997615814,494616000
2012-06-26,0.2917667925357818,0.3182500004768371,0.320499986410141,0.3120000064373016,0.3165000081062317,437152000
2012-06-27,0.3011638224124908,0.3285000026226043,0.3307499885559082,0.3185000121593475,0.3185000121593475,506064000
2012-06-28,0.3034557700157165,0.3310000002384186,0.3330000042915344,0.3227500021457672,0.3255000114440918,545896000
2012-06-29,0.316749095916748,0.3454999923706054,0.3462499976158142,0.3384999930858612,0.3387500047683716,616508000
2012-07-02,0.3082688748836517,0.3362500071525574,0.3474999964237213,0.3334999978542328,0.3472500145435333,581684000
2012-07-03,0.3162906765937805,0.3449999988079071,0.3457500040531158,0.335999995470047,0.3362500071525574,219284000
2012-07-05,0.3130820393562317,0.3415000140666961,0.3442499935626983,0.3362500071525574,0.3427500128746032,280076000
2012-07-06,0.3071229755878448,0.3350000083446502,0.3400000035762787,0.3312500119209289,0.3389999866485595,382760000
2012-07-09,0.302997350692749,0.3305000066757202,0.3345000147819519,0.3277499973773956,0.3330000042915344,306336000
2012-07-10,0.2938295304775238,0.320499986410141,0.3367500007152557,0.3179999887943268,0.3269999921321869,512028000
2012-07-11,0.2890163660049438,0.3152500092983246,0.3255000114440918,0.3137499988079071,0.3215000033378601,485216000
2012-07-12,0.2842033207416534,0.3100000023841858,0.3122499883174896,0.3072499930858612,0.3117499947547912,472160000
2012-07-13,0.287870317697525,0.3140000104904175,0.3154999911785126,0.3082500100135803,0.3102500140666961,324260000
2012-07-16,0.2887871861457824,0.3149999976158142,0.3174999952316284,0.3089999854564667,0.3120000064373016,334460000
2012-07-17,0.2835157811641693,0.309249997138977,0.3177500069141388,0.3039999902248382,0.3160000145435333,447476000
2012-07-18,0.299330323934555,0.3264999985694885,0.3310000002384186,0.3070000112056732,0.3084999918937683,616008000
2012-07-19,0.3023097515106201,0.3297500014305115,0.3339999914169311,0.3264999985694885,0.3287500143051147,403036000
2012-07-20,0.2936003506183624,0.320250004529953,0.3300000131130218,0.3167499899864197,0.3277499973773956,451000000
2012-07-23,0.2974966764450073,0.3244999945163727,0.3267500102519989,0.3082500100135803,0.3117499947547912,451584000
2012-07-24,0.2942878305912018,0.3210000097751617,0.3269999921321869,0.3172500133514404,0.324999988079071,351164000
2012-07-25,0.3000179529190063,0.3272500038146972,0.3305000066757202,0.3185000121593475,0.3199999928474426,415044000
2012-07-26,0.3013929426670074,0.3287500143051147,0.3370000123977661,0.3262499868869781,0.3332499861717224,338440000
2012-07-27,0.308956503868103,0.3370000123977661,0.3379999995231628,0.3274999856948852,0.3300000131130218,376516000
2012-07-30,0.3055185675621032,0.3332499861717224,0.3412500023841858,0.3305000066757202,0.3370000123977661,363552000
2012-07-31,0.310331642627716,0.3384999930858612,0.3432500064373016,0.332749992609024,0.3332499861717224,387788000
2012-08-01,0.3068937659263611,0.3347499966621399,0.34375,0.3332499861717224,0.340499997138977,335912000
2012-08-02,0.3080397546291351,0.335999995470047,0.3409999907016754,0.3274999856948852,0.3330000042915344,367912000
2012-08-03,0.3144572377204895,0.3429999947547912,0.3465000092983246,0.3332499861717224,0.3412500023841858,326548000
2012-08-06,0.3211039304733276,0.3502500057220459,0.3519999980926513,0.3457500040531158,0.3462499976158142,360324000
2012-08-07,0.3243126571178436,0.3537499904632568,0.3574999868869781,0.351749986410141,0.3544999957084656,407340000
2012-08-08,0.3261461555957794,0.3557499945163727,0.359499990940094,0.3524999916553497,0.3535000085830688,517064000
2012-08-09,0.3371476531028747,0.3677499890327453,0.3684999942779541,0.3557499945163727,0.356249988079071,822300000
2012-08-10,0.3350849151611328,0.3655000030994415,0.3804999887943268,0.3607499897480011,0.3774999976158142,1278744000
2012-08-13,0.3394396603107452,0.3702499866485595,0.3704999983310699,0.3644999861717224,0.3659999966621399,447244000
2012-08-14,0.3343972563743591,0.3647499978542328,0.3720000088214874,0.3632499873638153,0.3714999854564667,388828000
2012-08-15,0.3318760991096496,0.3619999885559082,0.3689999878406524,0.3602499961853027,0.3659999966621399,594404000
2012-08-16,0.3387520313262939,0.3695000112056732,0.3707500100135803,0.363999992609024,0.3652499914169311,371008000
2012-08-17,0.3357724249362945,0.3662500083446502,0.3695000112056732,0.3630000054836273,0.3695000112056732,309864000
2012-08-20,0.3357724249362945,0.3662500083446502,0.3667500019073486,0.3607499897480011,0.3650000095367431,314392000
2012-08-21,0.3348555862903595,0.3652499914169311,0.3697499930858612,0.3614999949932098,0.3675000071525574,340248000
2012-08-22,0.3355433642864227,0.3659999966621399,0.3675000071525574,0.3617500066757202,0.3630000054836273,313556000
2012-08-23,0.3279798328876495,0.3577499985694885,0.3655000030994415,0.356249988079071,0.3652499914169311,379040000
2012-08-24,0.3346264660358429,0.3650000095367431,0.3667500019073486,0.3569999933242798,0.3577499985694885,347724000
2012-08-27,0.3288965225219726,0.3587499856948852,0.3657500147819519,0.3585000038146972,0.3647499978542328,340944000
2012-08-28,0.3275213539600372,0.3572500050067901,0.3607499897480011,0.3552500009536743,0.356000006198883,310764000
2012-08-29,0.3282089233398437,0.3580000102519989,0.3602499961853027,0.356249988079071,0.3569999933242798,250412000
2012-08-30,0.3220206499099731,0.3512499928474426,0.3585000038146972,0.3495000004768371,0.3572500050067901,307488000
2012-08-31,0.3215622305870056,0.3507499992847442,0.356249988079071,0.3472500145435333,0.3537499904632568,485064000
2012-09-04,0.3043725192546844,0.3319999873638153,0.3462499976158142,0.3287500143051147,0.3449999988079071,694452000
2012-09-05,0.3052893579006195,0.3330000042915344,0.3379999995231628,0.3294999897480011,0.3332499861717224,480256000
2012-09-06,0.3146864175796509,0.3432500064373016,0.3522500097751617,0.3352499902248382,0.3355000019073486,657296000
2012-09-07,0.3071229755878448,0.3350000083446502,0.3372499942779541,0.3237499892711639,0.3345000147819519,781064000
2012-09-10,0.3043725192546844,0.3319999873638153,0.3389999866485595,0.3312500119209289,0.3342500030994415,371108000
2012-09-11,0.3080397546291351,0.335999995470047,0.3412500023841858,0.3305000066757202,0.3317500054836273,382808000
2012-09-12,0.3114776313304901,0.3397499918937683,0.3415000140666961,0.3355000019073486,0.3387500047683716,322608000
2012-09-13,0.3135404288768768,0.3420000076293945,0.3440000116825104,0.3355000019073486,0.3427500128746032,433836000
2012-09-14,0.317207396030426,0.3459999859333038,0.3519999980926513,0.3417499959468841,0.3417499959468841,339468000
2012-09-17,0.3084980547428131,0.3364999890327453,0.3467499911785126,0.332749992609024,0.3467499911785126,493348000
2012-09-18,0.3105609714984894,0.3387500047683716,0.3427500128746032,0.332500010728836,0.332749992609024,359952000
2012-09-19,0.3142279982566833,0.3427500128746032,0.3474999964237213,0.3355000019073486,0.3395000100135803,451936000
2012-09-20,0.3119361400604248,0.3402499854564667,0.34375,0.3375000059604645,0.3420000076293945,320596000
2012-09-21,0.313311219215393,0.3417499959468841,0.34375,0.3395000100135803,0.3407500088214874,340136000
2012-09-24,0.3130820393562317,0.3415000140666961,0.3420000076293945,0.335750013589859,0.3362500071525574,357832000
2012-09-25,0.3073519766330719,0.3352499902248382,0.3474999964237213,0.3347499966621399,0.3459999859333038,481544000
2012-09-26,0.3020804822444916,0.3294999897480011,0.3342500030994415,0.3255000114440918,0.3339999914169311,436812000
2012-09-27,0.3043725192546844,0.3319999873638153,0.332500010728836,0.3274999856948852,0.3302499949932098,558888000
2012-09-28,0.305747777223587,0.3334999978542328,0.3382500112056732,0.3262499868869781,0.3305000066757202,485508000
2012-10-01,0.3007054328918457,0.328000009059906,0.3370000123977661,0.3267500102519989,0.3350000083446502,504236000
2012-10-02,0.3018513917922973,0.3292500078678131,0.3302499949932098,0.3255000114440918,0.3302499949932098,295492000
2012-10-03,0.2988718450069427,0.3260000050067901,0.3310000002384186,0.3242500126361847,0.3300000131130218,430872000
2012-10-04,0.312165230512619,0.340499997138977,0.3425000011920929,0.324999988079071,0.3267500102519989,502608000
2012-10-05,0.3048308789730072,0.332500010728836,0.3449999988079071,0.3312500119209289,0.3415000140666961,483068000
2012-10-08,0.3018513917922973,0.3292500078678131,0.332749992609024,0.3267500102519989,0.3312500119209289,240596000
2012-10-09,0.295433908700943,0.3222500085830688,0.3297500014305115,0.3212499916553497,0.3287500143051147,366360000
2012-10-10,0.2903916537761688,0.3167499899864197,0.3222500085830688,0.3154999911785126,0.3207499980926513,326568000
2012-10-11,0.2919960618019104,0.3185000121593475,0.3207499980926513,0.3160000145435333,0.3197500109672546,320516000
2012-10-12,0.2894748449325561,0.3157500028610229,0.3187499940395355,0.3137499988079071,0.3162499964237213,260696000
2012-10-15,0.293142020702362,0.3197500109672546,0.3199999928474426,0.3125,0.3162499964237213,249580000
2012-10-16,0.3016221821308136,0.3289999961853027,0.3300000131130218,0.3194999992847442,0.3224999904632568,367696000
2012-10-17,0.299330323934555,0.3264999985694885,0.328000009059906,0.3217499852180481,0.324999988079071,391752000
2012-10-18,0.2947463095188141,0.3215000033378601,0.3257499933242798,0.320250004529953,0.3257499933242798,254772000
2012-10-19,0.2775565087795257,0.3027499914169311,0.3190000057220459,0.3009999990463257,0.3167499899864197,709412000
2012-10-22,0.2743478417396545,0.2992500066757202,0.3057500123977661,0.296750009059906,0.3039999902248382,480840000
2012-10-23,0.2825987935066223,0.3082500100135803,0.3102500140666961,0.2957499921321869,0.2964999973773956,573948000
2012-10-24,0.2789317965507507,0.3042500019073486,0.3115000128746032,0.301250010728836,0.3102500140666961,332916000
2012-10-25,0.2791609764099121,0.304500013589859,0.3100000023841858,0.3032500147819519,0.3067499995231628,307356000
2012-10-26,0.2761814296245575,0.301250010728836,0.3067499995231628,0.301250010728836,0.3050000071525574,389376000
2012-10-31,0.2745770215988159,0.2994999885559082,0.3050000071525574,0.2987500131130218,0.3025000095367431,347112000
2012-11-01,0.2876412272453308,0.3137499988079071,0.3140000104904175,0.3007499873638153,0.3009999990463257,473220000
2012-11-02,0.2862659394741058,0.3122499883174896,0.3174999952316284,0.3102500140666961,0.31700000166893,256700000
2012-11-05,0.2984136343002319,0.3255000114440918,0.3267500102519989,0.3115000128746032,0.3115000128746032,444840000
2012-11-06,0.2981843054294586,0.3252499997615814,0.3262499868869781,0.3197500109672546,0.3262499868869781,350804000
2012-11-07,0.2890163660049438,0.3152500092983246,0.324750006198883,0.3137499988079071,0.3227500021457672,324620000
2012-11-08,0.2906208634376526,0.31700000166893,0.3269999921321869,0.3162499964237213,0.3187499940395355,839024000
2012-11-09,0.2793901562690735,0.304749995470047,0.3224999904632568,0.3037500083446502,0.3187499940395355,846280000
2012-11-12,0.27320197224617,0.2980000078678131,0.3064999878406524,0.2949999868869781,0.3052499890327453,643624000
2012-11-13,0.2711391448974609,0.2957499921321869,0.3032500147819519,0.2955000102519989,0.2964999973773956,492120000
2012-11-14,0.264492392539978,0.2885000109672546,0.3005000054836273,0.2882499992847442,0.2975000143051147,619300000
2012-11-15,0.2656384110450744,0.2897500097751617,0.2977499961853027,0.2877500057220459,0.2902500033378601,466688000
2012-11-16,0.2608253061771393,0.2845000028610229,0.2907499969005584,0.2787500023841858,0.2897500097751617,624552000
2012-11-19,0.2681595683097839,0.2924999892711639,0.293500006198883,0.2862499952316284,0.2897500097751617,404092000
2012-11-20,0.2650454640388489,0.2872500121593475,0.2907499969005584,0.2842499911785126,0.2894999980926513,336976000
2012-11-21,0.2726577818393707,0.2955000102519989,0.2962499856948852,0.2870000004768371,0.2872500121593475,422312000
2012-11-23,0.2745031118392944,0.2975000143051147,0.3009999990463257,0.2952499985694885,0.296750009059906,276932000
2012-11-26,0.27934730052948,0.3027499914169311,0.3034999966621399,0.2975000143051147,0.2980000078678131,364600000
2012-11-27,0.2805007398128509,0.3039999902248382,0.3084999918937683,0.2989999949932098,0.301499992609024,451404000
2012-11-28,0.2828074097633362,0.3064999878406524,0.3079999983310699,0.2989999949932098,0.3027499914169311,398332000
2012-11-29,0.2777326107025146,0.3009999990463257,0.3084999918937683,0.3000000119209289,0.3070000112056732,488688000
2012-11-30,0.2761179804801941,0.2992500066757202,0.3030000030994415,0.2975000143051147,0.3007499873638153,460504000
2012-12-03,0.2710428833961487,0.293749988079071,0.3030000030994415,0.2930000126361847,0.3030000030994415,391380000
2012-12-04,0.2791166603565216,0.3025000095367431,0.3030000030994415,0.2924999892711639,0.2942500114440918,528068000
2012-12-05,0.2758871614933014,0.2989999949932098,0.3019999861717224,0.2947500050067901,0.3000000119209289,633024000
2012-12-06,0.2763484120368957,0.2994999885559082,0.301499992609024,0.2972500026226043,0.2982499897480011,412896000
2012-12-07,0.2758871614933014,0.2989999949932098,0.301250010728836,0.2955000102519989,0.2997500002384186,338288000
2012-12-10,0.285114049911499,0.3089999854564667,0.3112500011920929,0.2982499897480011,0.2989999949932098,513644000
2012-12-11,0.291803777217865,0.3162499964237213,0.320250004529953,0.309249997138977,0.3100000023841858,816724000
2012-12-12,0.288804829120636,0.3129999935626983,0.3190000057220459,0.3117499947547912,0.3172500133514404,399404000
2012-12-13,0.2890357077121734,0.3132500052452087,0.3192499876022339,0.3102500140666961,0.3125,377556000
2012-12-14,0.2904196679592132,0.3147499859333038,0.3179999887943268,0.3122499883174896,0.3145000040531158,338660000
2012-12-17,0.2892663180828094,0.3134999871253967,0.3157500028610229,0.3087500035762787,0.3140000104904175,445232000
2012-12-18,0.2897277176380157,0.3140000104904175,0.3174999952316284,0.3125,0.3134999871253967,416436000
2012-12-19,0.291803777217865,0.3162499964237213,0.3199999928474426,0.3149999976158142,0.3162499964237213,458544000
2012-12-20,0.2915731370449066,0.3160000145435333,0.3177500069141388,0.3125,0.3174999952316284,334332000
2012-12-21,0.2848834991455078,0.3087500035762787,0.3117499947547912,0.3052499890327453,0.3117499947547912,462172000
2012-12-24,0.2825767695903778,0.3062500059604645,0.3095000088214874,0.3052499890327453,0.3084999918937683,127376000
2012-12-26,0.2823461592197418,0.3059999942779541,0.3104999959468841,0.304749995470047,0.3055000007152557,196740000
2012-12-27,0.2805007398128509,0.3039999902248382,0.3070000112056732,0.3005000054836273,0.3064999878406524,299804000
2012-12-28,0.2791166603565216,0.3025000095367431,0.3072499930858612,0.3007499873638153,0.301250010728836,220600000
2012-12-31,0.2828074097633362,0.3064999878406524,0.3077499866485595,0.3007499873638153,0.301499992609024,326460000
2013-01-02,0.2934184074401855,0.3179999887943268,0.3182500004768371,0.3127500116825104,0.3140000104904175,478836000
2013-01-03,0.2936491072177887,0.3182500004768371,0.3217499852180481,0.3145000040531158,0.3179999887943268,298888000
2013-01-04,0.3033376038074493,0.3287500143051147,0.3297500014305115,0.3177500069141388,0.3187499940395355,524968000
2013-01-07,0.2945718467235565,0.3192499876022339,0.3294999897480011,0.31700000166893,0.3285000026226043,610732000
2013-01-08,0.2881130278110504,0.3122499883174896,0.3210000097751617,0.3100000023841858,0.3199999928474426,466424000
2013-01-09,0.2816540598869324,0.3052499890327453,0.3162499964237213,0.3032500147819519,0.3147499859333038,695020000
2013-01-10,0.2821153104305267,0.3057500123977661,0.3095000088214874,0.3039999902248382,0.3079999983310699,506368000
2013-01-11,0.2816540598869324,0.3052499890327453,0.3072499930858612,0.3022499978542328,0.3070000112056732,513172000
2013-01-14,0.2814233899116516,0.3050000071525574,0.3072499930858612,0.301499992609024,0.3072499930858612,305684000
2013-01-15,0.2763484120368957,0.2994999885559082,0.3034999966621399,0.2977499961853027,0.3034999966621399,375888000
2013-01-16,0.2788859903812408,0.3022499978542328,0.304749995470047,0.2989999949932098,0.2989999949932098,337376000
2013-01-17,0.2825767695903778,0.3062500059604645,0.3075000047683716,0.3025000095367431,0.3032500147819519,580736000
2013-01-18,0.2807313501834869,0.3042500019073486,0.3062500059604645,0.3005000054836273,0.3062500059604645,397088000
2013-01-22,0.27934730052948,0.3027499914169311,0.3067499995231628,0.301250010728836,0.3039999902248382,308224000
2013-01-23,0.2798086404800415,0.3032500147819519,0.3039999902248382,0.3000000119209289,0.3037500083446502,421808000
2013-01-24,0.2811926305294037,0.304749995470047,0.3059999942779541,0.3007499873638153,0.3022499978542328,396980000
2013-01-25,0.2862674295902252,0.3102500140666961,0.3104999959468841,0.3037500083446502,0.3052499890327453,393920000
2013-01-28,0.2908809185028076,0.3152500092983246,0.3172500133514404,0.3109999895095825,0.3117499947547912,422492000
2013-01-29,0.2846527397632599,0.3084999918937683,0.3147499859333038,0.3072499930858612,0.3140000104904175,388872000
2013-01-30,0.2841914892196655,0.3079999983310699,0.3129999935626983,0.3070000112056732,0.3087500035762787,287592000
2013-01-31,0.2828074097633362,0.3064999878406524,0.3115000128746032,0.304500013589859,0.3079999983310699,470544000
2013-02-01,0.2853448688983917,0.309249997138977,0.3102500140666961,0.3064999878406524,0.3089999854564667,288816000
2013-02-04,0.2805007398128509,0.3039999902248382,0.3137499988079071,0.3037500083446502,0.3075000047683716,511744000
2013-02-05,0.2869594693183899,0.3109999895095825,0.3127500116825104,0.304500013589859,0.3055000007152557,367296000
2013-02-06,0.2846527397632599,0.3084999918937683,0.3109999895095825,0.3017500042915344,0.3034999966621399,530688000
2013-02-07,0.2834994494915008,0.3072499930858612,0.3100000023841858,0.3042500019073486,0.3075000047683716,440000000
2013-02-08,0.2853448688983917,0.309249997138977,0.3117499947547912,0.3072499930858612,0.309249997138977,307232000
2013-02-11,0.2885742485523224,0.3127500116825104,0.3160000145435333,0.3087500035762787,0.3117499947547912,408308000
2013-02-12,0.2867288887500763,0.3107500076293945,0.3142499923706054,0.3095000088214874,0.3100000023841858,277804000
2013-02-13,0.2853448688983917,0.309249997138977,0.3167499899864197,0.3082500100135803,0.3109999895095825,856396000
2013-02-14,0.2936491072177887,0.3182500004768371,0.3185000121593475,0.301250010728836,0.3050000071525574,882096000
2013-02-15,0.2936491072177887,0.3182500004768371,0.3197500109672546,0.3112500011920929,0.3174999952316284,733860000
2013-02-19,0.2897277176380157,0.3140000104904175,0.3187499940395355,0.3120000064373016,0.3185000121593475,433552000
2013-02-20,0.2855755984783172,0.3095000088214874,0.3199999928474426,0.3084999918937683,0.3149999976158142,713012000
2013-02-21,0.2834994494915008,0.3072499930858612,0.3125,0.3064999878406524,0.3089999854564667,580408000
2013-02-22,0.288804829120636,0.3129999935626983,0.3132500052452087,0.3075000047683716,0.309249997138977,370148000
2013-02-25,0.2837301194667816,0.3075000047683716,0.3162499964237213,0.3070000112056732,0.3137499988079071,644444000
2013-02-26,0.2870954573154449,0.309249997138977,0.3109999895095825,0.3052499890327453,0.3062500059604645,487504000
2013-02-27,0.292433500289917,0.3149999976158142,0.3172500133514404,0.3084999918937683,0.309249997138977,476980000
2013-02-28,0.293826013803482,0.3165000081062317,0.3212499916553497,0.3127500116825104,0.3140000104904175,591392000
2013-03-01,0.2949864566326141,0.3177500069141388,0.3187499940395355,0.3115000128746032,0.3142499923706054,389396000
2013-03-04,0.293826013803482,0.3165000081062317,0.3194999992847442,0.3129999935626983,0.3154999911785126,353680000
2013-03-05,0.2970753610134125,0.3199999928474426,0.320499986410141,0.3167499899864197,0.3182500004768371,366168000
2013-03-06,0.2968432307243347,0.3197500109672546,0.324999988079071,0.3182500004768371,0.3219999969005584,342928000
2013-03-07,0.296146959066391,0.3190000057220459,0.324750006198883,0.3172500133514404,0.3215000033378601,314824000
2013-03-08,0.2975395619869232,0.320499986410141,0.3219999969005584,0.3182500004768371,0.3197500109672546,246464000
2013-03-11,0.2947543859481811,0.3174999952316284,0.3187499940395355,0.3147499859333038,0.3172500133514404,299748000
2013-03-12,0.295682817697525,0.3185000121593475,0.3194999992847442,0.3140000104904175,0.31700000166893,310856000
2013-03-13,0.295682817697525,0.3185000121593475,0.3240000009536743,0.3154999911785126,0.3185000121593475,485840000
2013-03-14,0.295914888381958,0.3187499940395355,0.3215000033378601,0.3167499899864197,0.320499986410141,383304000
2013-03-15,0.2933619320392608,0.3160000145435333,0.3187499940395355,0.3147499859333038,0.3187499940395355,355776000
2013-03-18,0.2912729680538177,0.3137499988079071,0.3167499899864197,0.3115000128746032,0.3140000104904175,298312000
2013-03-19,0.2894163131713867,0.3117499947547912,0.3154999911785126,0.3095000088214874,0.3140000104904175,355480000
2013-03-20,0.2928977608680725,0.3154999911785126,0.3165000081062317,0.3120000064373016,0.3147499859333038,340588000
2013-03-21,0.2882558405399322,0.3104999959468841,0.3142499923706054,0.3100000023841858,0.3137499988079071,339032000
2013-03-22,0.2896483242511749,0.3120000064373016,0.3132500052452087,0.3102500140666961,0.3115000128746032,232476000
2013-03-25,0.2880236804485321,0.3102500140666961,0.3140000104904175,0.3079999983310699,0.3137499988079071,362076000
2013-03-26,0.290112555027008,0.3125,0.3127500116825104,0.3097499907016754,0.3109999895095825,232540000
2013-03-27,0.2935940027236938,0.3162499964237213,0.3179999887943268,0.3104999959468841,0.3112500011920929,254944000
2013-03-28,0.297771543264389,0.3207499980926513,0.3210000097751617,0.3132500052452087,0.3154999911785126,349276000
2013-04-01,0.2880236804485321,0.3102500140666961,0.3199999928474426,0.3079999983310699,0.3199999928474426,442828000
2013-04-02,0.2850067317485809,0.3070000112056732,0.3112500011920929,0.3050000071525574,0.3104999959468841,371524000
2013-04-03,0.2815252840518951,0.3032500147819519,0.3082500100135803,0.3009999990463257,0.3064999878406524,353156000
2013-04-04,0.28431037068367,0.3062500059604645,0.3072499930858612,0.301250010728836,0.3022499978542328,294676000
2013-04-05,0.2891842722892761,0.3115000128746032,0.3115000128746032,0.3009999990463257,0.3017500042915344,551352000
2013-04-08,0.28848797082901,0.3107500076293945,0.3117499947547912,0.3050000071525574,0.3117499947547912,326660000
2013-04-09,0.2931297719478607,0.3157500028610229,0.3179999887943268,0.3087500035762787,0.3109999895095825,380584000
2013-04-10,0.297771543264389,0.3207499980926513,0.3212499916553497,0.3152500092983246,0.3160000145435333,384688000
2013-04-11,0.296379029750824,0.3192499876022339,0.3212499916553497,0.3075000047683716,0.3162499964237213,969220000
2013-04-12,0.3038058578968048,0.3272500038146972,0.3307499885559082,0.3179999887943268,0.3207499980926513,770548000
2013-04-15,0.2975395619869232,0.320499986410141,0.3272500038146972,0.3185000121593475,0.3262499868869781,430420000
2013-04-16,0.3007887899875641,0.3240000009536743,0.3262499868869781,0.3217499852180481,0.3235000073909759,468844000
2013-04-17,0.2968432307243347,0.3197500109672546,0.3244999945163727,0.3177500069141388,0.3215000033378601,532948000
2013-04-18,0.2910409569740295,0.3134999871253967,0.3224999904632568,0.3134999871253967,0.320499986410141,402548000
2013-04-19,0.2917371392250061,0.3142499923706054,0.3152500092983246,0.309249997138977,0.3132500052452087,303028000
2013-04-22,0.2922013700008392,0.3147499859333038,0.3174999952316284,0.3115000128746032,0.3140000104904175,245568000
2013-04-23,0.2998602986335754,0.3230000138282776,0.3262499868869781,0.31700000166893,0.3174999952316284,376948000
2013-04-24,0.3100722432136535,0.3339999914169311,0.3367500007152557,0.3237499892711639,0.3240000009536743,556556000
2013-04-25,0.312625378370285,0.3367500007152557,0.3375000059604645,0.332749992609024,0.335750013589859,353224000
2013-04-26,0.3112328052520752,0.3352499902248382,0.3367500007152557,0.3334999978542328,0.3362500071525574,324332000
2013-04-29,0.3149462640285492,0.3392499983310699,0.340499997138977,0.3342500030994415,0.335750013589859,269712000
2013-04-30,0.3195880055427551,0.3442499935626983,0.3442499935626983,0.3377499878406524,0.3400000035762787,276712000
2013-05-01,0.316802978515625,0.3412500023841858,0.3465000092983246,0.3400000035762787,0.3442499935626983,341316000
2013-05-02,0.320516437292099,0.3452500104904175,0.3462499976158142,0.3389999866485595,0.3409999907016754,323480000
2013-05-03,0.3219089210033417,0.3467499911785126,0.3492499887943268,0.3454999923706054,0.3474999964237213,293864000
2013-05-06,0.3209806084632873,0.3457500040531158,0.3487499952316284,0.34375,0.3467499911785126,217116000
2013-05-07,0.316802978515625,0.3412500023841858,0.3465000092983246,0.3379999995231628,0.3457500040531158,448068000
2013-05-08,0.3226052522659302,0.3474999964237213,0.3495000004768371,0.340499997138977,0.3417499959468841,334032000
2013-05-09,0.3228372633457184,0.3477500081062317,0.3492499887943268,0.3407500088214874,0.3412500023841858,566800000
2013-05-10,0.3374590277671814,0.3634999990463257,0.3650000095367431,0.3549999892711639,0.3549999892711639,861136000
2013-05-13,0.3304961919784546,0.356000006198883,0.3625000119209289,0.3544999957084656,0.3610000014305115,289812000
2013-05-14,0.3353700935840606,0.3612500131130218,0.3642500042915344,0.3567500114440918,0.3602499961853027,454140000
2013-05-15,0.3411723673343658,0.3675000071525574,0.3687500059604645,0.359499990940094,0.359499990940094,313172000
2013-05-16,0.3395477533340454,0.3657500147819519,0.3707500100135803,0.3644999861717224,0.367000013589859,308368000
2013-05-17,0.3451179265975952,0.371749997138977,0.3742499947547912,0.3647499978542328,0.3675000071525574,312116000
2013-05-20,0.3444215953350067,0.3709999918937683,0.3725000023841858,0.3689999878406524,0.3702499866485595,236380000
2013-05-21,0.3480372428894043,0.3729999959468841,0.3745000064373016,0.367000013589859,0.3712500035762787,357784000
2013-05-22,0.3359074592590332,0.3600000143051147,0.3745000064373016,0.3585000038146972,0.3745000064373016,480404000
2013-05-23,0.3412725031375885,0.3657500147819519,0.367000013589859,0.3547500073909759,0.3557499945163727,393884000
2013-05-24,0.3391731977462768,0.3634999990463257,0.3667500019073486,0.359499990940094,0.363750010728836,283304000
2013-05-28,0.3389397859573364,0.3632499873638153,0.367249995470047,0.3597500026226043,0.3662500083446502,279300000
2013-05-29,0.3368403911590576,0.3610000014305115,0.3632499873638153,0.359499990940094,0.3610000014305115,335052000
2013-05-30,0.3412725031375885,0.3657500147819519,0.3695000112056732,0.359499990940094,0.3605000078678131,284504000
2013-05-31,0.3375402688980102,0.3617500066757202,0.3689999878406524,0.3617500066757202,0.363750010728836,577508000
2013-06-03,0.3370736539363861,0.3612500131130218,0.3650000095367431,0.3537499904632568,0.3622500002384186,444468000
2013-06-04,0.3375402688980102,0.3617500066757202,0.3700000047683716,0.359499990940094,0.3634999990463257,363676000
2013-06-05,0.3303089439868927,0.3540000021457672,0.363999992609024,0.3529999852180481,0.3612500131130218,464520000
2013-06-06,0.3324081897735595,0.356249988079071,0.3589999973773956,0.3537499904632568,0.3540000021457672,341044000
2013-06-07,0.3370736539363861,0.3612500131130218,0.3634999990463257,0.3572500050067901,0.3587499856948852,274584000
2013-06-10,0.3368403911590576,0.3610000014305115,0.3632499873638153,0.3582499921321869,0.3602499961853027,224148000
2013-06-11,0.3305420577526092,0.3542500138282776,0.3612500131130218,0.3542500138282776,0.356249988079071,296336000
2013-06-12,0.3277429640293121,0.3512499928474426,0.3589999973773956,0.3492499887943268,0.356000006198883,312588000
2013-06-13,0.3352075815200805,0.359250009059906,0.3610000014305115,0.3497500121593475,0.3499999940395355,236256000
2013-06-14,0.3347409963607788,0.3587499856948852,0.3610000014305115,0.356249988079071,0.3605000078678131,236012000
2013-06-17,0.3380067646503448,0.3622500002384186,0.3655000030994415,0.359499990940094,0.3614999949932098,255336000
2013-06-18,0.3359074592590332,0.3600000143051147,0.3680000007152557,0.3569999933242798,0.363999992609024,486772000
2013-06-19,0.3461711406707763,0.3709999918937683,0.3869999945163727,0.3619999885559082,0.3632499873638153,1159588000
2013-06-20,0.3368403911590576,0.3610000014305115,0.3684999942779541,0.3585000038146972,0.3680000007152557,628696000
2013-06-21,0.336373895406723,0.3605000078678131,0.3642500042915344,0.3544999957084656,0.3630000054836273,714228000
2013-06-24,0.3293759524822235,0.3529999852180481,0.3597500026226043,0.3477500081062317,0.3552500009536743,580772000
2013-06-25,0.3317085802555084,0.3555000126361847,0.3574999868869781,0.351749986410141,0.3567500114440918,457360000
2013-06-26,0.3298423588275909,0.3535000085830688,0.3600000143051147,0.3519999980926513,0.359499990940094,579752000
2013-06-27,0.3268100321292877,0.3502500057220459,0.3549999892711639,0.3465000092983246,0.3544999957084656,808036000
2013-06-28,0.3275096714496612,0.3510000109672546,0.3544999957084656,0.3457500040531158,0.3502500057220459,431536000
2013-07-01,0.3289092779159546,0.3524999916553497,0.3542500138282776,0.3502500057220459,0.3535000085830688,199524000
2013-07-02,0.3286760449409485,0.3522500097751617,0.3574999868869781,0.3490000069141388,0.3504999876022339,256392000
2013-07-03,0.3296090364456177,0.3532499969005584,0.3574999868869781,0.3492499887943268,0.3492499887943268,140388000
2013-07-05,0.3321749567985534,0.356000006198883,0.3567500114440918,0.3519999980926513,0.3542500138282776,184684000
2013-07-08,0.3305420577526092,0.3542500138282776,0.3587499856948852,0.3522500097751617,0.3569999933242798,262084000
2013-07-09,0.3321749567985534,0.356000006198883,0.3582499921321869,0.3540000021457672,0.3549999892711639,157364000
2013-07-10,0.3366071283817291,0.3607499897480011,0.3617500066757202,0.3549999892711639,0.356000006198883,208468000
2013-07-11,0.3412725031375885,0.3657500147819519,0.3662500083446502,0.3619999885559082,0.3627499938011169,239832000
2013-07-12,0.3415057957172394,0.3659999966621399,0.3695000112056732,0.363750010728836,0.3650000095367431,216360000
2013-07-15,0.3408060371875763,0.3652499914169311,0.3667500019073486,0.359499990940094,0.3667500019073486,201332000
2013-07-16,0.3426721394062042,0.367249995470047,0.3692499995231628,0.3650000095367431,0.3667500019073486,162560000
2013-07-17,0.3408060371875763,0.3652499914169311,0.3684999942779541,0.3642500042915344,0.367249995470047,166100000
2013-07-18,0.3394064307212829,0.363750010728836,0.3659999966621399,0.3589999973773956,0.3647499978542328,344488000
2013-07-19,0.3321749567985534,0.356000006198883,0.3632499873638153,0.3522500097751617,0.3614999949932098,480532000
2013-07-22,0.3319416344165802,0.3557499945163727,0.3619999885559082,0.3542500138282776,0.3587499856948852,292384000
2013-07-23,0.3314752280712127,0.3552500009536743,0.3602499961853027,0.3535000085830688,0.3602499961853027,246792000
2013-07-24,0.3314752280712127,0.3552500009536743,0.359499990940094,0.3547500073909759,0.3585000038146972,284252000
2013-07-25,0.3326415717601776,0.3564999997615814,0.3612500131130218,0.3524999916553497,0.3549999892711639,243320000
2013-07-26,0.3312419354915619,0.3549999892711639,0.3572500050067901,0.3522500097751617,0.3522500097751617,227360000
2013-07-29,0.3305420577526092,0.3542500138282776,0.3587499856948852,0.3532499969005584,0.3542500138282776,179540000
2013-07-30,0.3361405432224273,0.3602499961853027,0.3650000095367431,0.3552500009536743,0.3555000126361847,266076000
2013-07-31,0.3368403911590576,0.3610000014305115,0.3644999861717224,0.3582499921321869,0.3585000038146972,270160000
2013-08-01,0.3415057957172394,0.3659999966621399,0.3667500019073486,0.3580000102519989,0.3622500002384186,277648000
2013-08-02,0.3443049490451813,0.3689999878406524,0.3697499930858612,0.3627499938011169,0.3652499914169311,209628000
2013-08-05,0.3459378778934479,0.3707500100135803,0.3720000088214874,0.3659999966621399,0.3680000007152557,185188000
2013-08-06,0.3408060371875763,0.3652499914169311,0.371749997138977,0.3644999861717224,0.3709999918937683,206608000
2013-08-07,0.3405728042125702,0.3650000095367431,0.3687500059604645,0.3630000054836273,0.3632499873638153,244380000
2013-08-08,0.3429054319858551,0.3675000071525574,0.3692499995231628,0.3627499938011169,0.367000013589859,345696000
2013-08-09,0.3380067646503448,0.3622500002384186,0.3677499890327453,0.3527500033378601,0.3529999852180481,906224000
2013-08-12,0.3352075815200805,0.359250009059906,0.3644999861717224,0.3277499973773956,0.3474999964237213,257568000
2013-08-13,0.336373895406723,0.3605000078678131,0.3619999885559082,0.3574999868869781,0.3597500026226043,197468000
2013-08-14,0.350603312253952,0.3757500052452087,0.3779999911785126,0.359499990940094,0.3597500026226043,828508000
2013-08-15,0.3529358804225921,0.3782500028610229,0.3812499940395355,0.3702499866485595,0.371749997138977,723616000
2013-08-16,0.3543355464935303,0.3797500133514404,0.3849999904632568,0.3767499923706054,0.3774999976158142,660456000
2013-08-19,0.3487371206283569,0.3737500011920929,0.3787499964237213,0.3734999895095825,0.3774999976158142,393432000
2013-08-20,0.3504955172538757,0.3737500011920929,0.3762499988079071,0.3712500035762787,0.371749997138977,234192000
2013-08-21,0.3488543629646301,0.3720000088214874,0.3762499988079071,0.3704999983310699,0.3714999854564667,261540000
2013-08-22,0.3507299423217773,0.3740000128746032,0.3774999976158142,0.371749997138977,0.371749997138977,129016000
2013-08-23,0.3507299423217773,0.3740000128746032,0.3774999976158142,0.3732500076293945,0.3745000064373016,245120000
2013-08-26,0.3514332175254822,0.3747499883174896,0.3757500052452087,0.3732500076293945,0.3742499947547912,300152000
2013-08-27,0.3469786942005157,0.3700000047683716,0.3737500011920929,0.3687500059604645,0.3712500035762787,277464000
2013-08-28,0.3469786942005157,0.3700000047683716,0.3734999895095825,0.3684999942779541,0.3707500100135803,318824000
2013-08-29,0.3462754786014557,0.3692499995231628,0.3727500140666961,0.3677499890327453,0.3687500059604645,276216000
2013-08-30,0.3458065390586853,0.3687500059604645,0.3704999983310699,0.367000013589859,0.3695000112056732,378120000
2013-09-03,0.3460410237312317,0.3689999878406524,0.3742499947547912,0.3667500019073486,0.3697499930858612,284680000
2013-09-04,0.3493232131004333,0.3725000023841858,0.3747499883174896,0.3684999942779541,0.3689999878406524,222080000
2013-09-05,0.3502610325813293,0.3734999895095825,0.375,0.3707500100135803,0.3709999918937683,174904000
2013-09-06,0.3488543629646301,0.3720000088214874,0.3757500052452087,0.3692499995231628,0.3737500011920929,226756000
2013-09-09,0.3547153770923614,0.3782500028610229,0.3782500028610229,0.3740000128746032,0.375,246408000
2013-09-10,0.3622177541255951,0.3862499892711639,0.3865000009536743,0.3792499899864197,0.3810000121593475,292132000
2013-09-11,0.3683134317398071,0.3927499949932098,0.3937500119209289,0.382999986410141,0.3857499957084656,396164000
2013-09-12,0.3680788874626159,0.3925000131130218,0.3975000083446502,0.390749990940094,0.390749990940094,303808000
2013-09-13,0.3704233765602112,0.395000010728836,0.3967500030994415,0.3910000026226043,0.3937500119209289,159696000
2013-09-16,0.3706576526165008,0.395249992609024,0.4009999930858612,0.3937500119209289,0.398250013589859,231412000
2013-09-17,0.3718298673629761,0.3964999914169311,0.3997499942779541,0.395000010728836,0.3967500030994415,168608000
2013-09-18,0.3751121163368225,0.4000000059604645,0.4009999930858612,0.3947499990463257,0.3967500030994415,268168000
2013-09-19,0.373471051454544,0.398250013589859,0.4025000035762787,0.3964999914169311,0.4017499983310699,227572000
2013-09-20,0.3701888620853424,0.3947499990463257,0.4017499983310699,0.3939999938011169,0.3992500007152557,356036000
2013-09-23,0.3666722178459167,0.3910000026226043,0.3977499902248382,0.3887499868869781,0.3944999873638153,271244000
2013-09-24,0.3680788874626159,0.3925000131130218,0.3939999938011169,0.3889999985694885,0.3912500143051147,229732000
2013-09-25,0.3685478270053863,0.3930000066757202,0.3959999978542328,0.3899999856948852,0.3917500078678131,233156000
2013-09-26,0.3673754930496216,0.3917500078678131,0.3947499990463257,0.3894999921321869,0.3939999938011169,148816000
2013-09-27,0.3652654886245727,0.3894999921321869,0.3919999897480011,0.387250006198883,0.3887499868869781,151920000
2013-09-30,0.3647966384887695,0.3889999985694885,0.3917500078678131,0.3832499980926513,0.3855000138282776,226640000
2013-10-01,0.3645622432231903,0.3887499868869781,0.3912500143051147,0.3865000009536743,0.3894999921321869,226976000
2013-10-02,0.3643276989459991,0.3885000050067901,0.3899999856948852,0.3847500085830688,0.3847500085830688,162036000
2013-10-03,0.3605766892433166,0.3844999969005584,0.3922500014305115,0.382750004529953,0.3887499868869781,436768000
2013-10-04,0.3654999434947967,0.3897500038146972,0.3930000066757202,0.382999986410141,0.3840000033378601,246228000
2013-10-07,0.3654999434947967,0.3897500038146972,0.3925000131130218,0.3862499892711639,0.3882499933242798,169952000
2013-10-08,0.3624521791934967,0.3865000009536743,0.3942500054836273,0.3835000097751617,0.3887499868869781,290712000
2013-10-09,0.3568255007266998,0.3804999887943268,0.3892500102519989,0.3785000145435333,0.3889999985694885,275860000
2013-10-10,0.3608110547065735,0.3847500085830688,0.3857499957084656,0.3804999887943268,0.3832499980926513,223484000
2013-10-11,0.3577633202075958,0.3815000057220459,0.3835000097751617,0.3774999976158142,0.3787499964237213,213704000
2013-10-14,0.3631555140018463,0.387250006198883,0.387250006198883,0.3804999887943268,0.3804999887943268,166628000
2013-10-15,0.3612799942493438,0.3852500021457672,0.3894999921321869,0.3849999904632568,0.387250006198883,208820000
2013-10-16,0.3657343983650207,0.3899999856948852,0.3914999961853027,0.3869999945163727,0.387499988079071,210072000
2013-10-17,0.366437703371048,0.390749990940094,0.3917500078678131,0.3869999945163727,0.3869999945163727,213324000
2013-10-18,0.3706576526165008,0.395249992609024,0.3964999914169311,0.3885000050067901,0.3899999856948852,255068000
2013-10-21,0.3715956211090088,0.3962500095367431,0.4002499878406524,0.395000010728836,0.4000000059604645,195008000
2013-10-22,0.3697199523448944,0.3942500054836273,0.3964999914169311,0.390749990940094,0.3962500095367431,179452000
2013-10-23,0.3633899390697479,0.387499988079071,0.3935000002384186,0.3862499892711639,0.3935000002384186,252216000
2013-10-24,0.3608110547065735,0.3847500085830688,0.3910000026226043,0.3840000033378601,0.3885000050067901,236436000
2013-10-25,0.3572944104671478,0.3810000121593475,0.3869999945163727,0.3797500133514404,0.3867500126361847,330492000
2013-10-28,0.3565911650657654,0.3802500069141388,0.3822500109672546,0.375,0.3804999887943268,394024000
2013-10-29,0.3570598363876343,0.3807500004768371,0.3815000057220459,0.3762499988079071,0.3797500133514404,387952000
2013-10-30,0.3568255007266998,0.3804999887943268,0.3837499916553497,0.3772499859333038,0.3819999992847442,204032000
2013-10-31,0.3561222553253174,0.3797500133514404,0.3837499916553497,0.3790000081062317,0.3810000121593475,293368000
2013-11-01,0.3577633202075958,0.3815000057220459,0.3832499980926513,0.3787499964237213,0.3817499876022339,206136000
2013-11-04,0.3474477231502533,0.3704999983310699,0.382750004529953,0.3697499930858612,0.382750004529953,410264000
2013-11-05,0.3469786942005157,0.3700000047683716,0.371749997138977,0.3642500042915344,0.3682500123977661,422368000
2013-11-06,0.3493232131004333,0.3725000023841858,0.3727500140666961,0.3662500083446502,0.3700000047683716,198044000
2013-11-07,0.3411176800727844,0.363750010728836,0.3722499907016754,0.3630000054836273,0.3712500035762787,553076000
2013-11-08,0.3647966384887695,0.3889999985694885,0.3902499973773956,0.3734999895095825,0.375,734532000
2013-11-11,0.3678444921970367,0.3922500014305115,0.3932499885559082,0.3867500126361847,0.387499988079071,297624000
2013-11-12,0.3685478270053863,0.3930000066757202,0.3962500095367431,0.3885000050067901,0.3939999938011169,316032000
2013-11-13,0.3786288201808929,0.4037500023841858,0.4037500023841858,0.3912500143051147,0.3919999897480011,332792000
2013-11-14,0.3802700638771057,0.4054999947547912,0.4079999923706054,0.4022499918937683,0.4025000035762787,307980000
2013-11-15,0.3790977597236633,0.4042499959468841,0.4074999988079071,0.4002499878406524,0.4070000052452087,450332000
2013-11-18,0.3699544370174408,0.3944999873638153,0.3989999890327453,0.3935000002384186,0.3955000042915344,316948000
2013-11-19,0.3639436364173889,0.3860000073909759,0.3939999938011169,0.3855000138282776,0.390500009059906,206716000
2013-11-20,0.3585221171379089,0.3802500069141388,0.387250006198883,0.37950000166893,0.3862499892711639,204776000
2013-11-21,0.361350804567337,0.3832499980926513,0.3840000033378601,0.3790000081062317,0.3807500004768371,213568000
2013-11-22,0.3578149974346161,0.37950000166893,0.3837499916553497,0.3787499964237213,0.3837499916553497,158668000
2013-11-25,0.365593671798706,0.3877499997615814,0.3882499933242798,0.37950000166893,0.37950000166893,248208000
2013-11-26,0.3686579167842865,0.3910000026226043,0.395249992609024,0.3894999921321869,0.3919999897480011,753176000
2013-11-27,0.3700723052024841,0.3925000131130218,0.3937500119209289,0.3882499933242798,0.390749990940094,181272000
2013-11-29,0.367715060710907,0.3899999856948852,0.3935000002384186,0.387499988079071,0.3925000131130218,116964000
2013-12-02,0.3712508380413055,0.3937500119209289,0.3964999914169311,0.3877499997615814,0.3885000050067901,373872000
2013-12-03,0.3710151016712188,0.3935000002384186,0.3989999890327453,0.3910000026226043,0.3937500119209289,290560000
2013-12-04,0.3762009441852569,0.3989999890327453,0.3997499942779541,0.3914999961853027,0.3925000131130218,493176000
2013-12-05,0.3700723052024841,0.3925000131130218,0.3997499942779541,0.3919999897480011,0.3997499942779541,271812000
2013-12-06,0.3646507859230041,0.3867500126361847,0.3972499966621399,0.3857499957084656,0.3972499966621399,281000000
2013-12-09,0.3585221171379089,0.3802500069141388,0.3880000114440918,0.37950000166893,0.3867500126361847,385220000
2013-12-10,0.3667721748352051,0.3889999985694885,0.390749990940094,0.3797500133514404,0.3802500069141388,524268000
2013-12-11,0.3632366359233856,0.3852500021457672,0.3902499973773956,0.3844999969005584,0.3897500038146972,414156000
2013-12-12,0.3561651110649109,0.3777500092983246,0.3860000073909759,0.3770000040531158,0.3840000033378601,258724000
2013-12-13,0.3540437221527099,0.3754999935626983,0.3812499940395355,0.375,0.3785000145435333,184588000
2013-12-16,0.3545150458812713,0.3759999871253967,0.3792499899864197,0.3754999935626983,0.3757500052452087,237620000
2013-12-17,0.3561651110649109,0.3777500092983246,0.3787499964237213,0.3725000023841858,0.3757500052452087,274104000
2013-12-18,0.3611151576042175,0.382999986410141,0.3837499916553497,0.3737500011920929,0.3785000145435333,426232000
2013-12-19,0.3625294268131256,0.3844999969005584,0.3849999904632568,0.3799999952316284,0.3824999928474426,258544000
2013-12-20,0.3698365688323974,0.3922500014305115,0.3925000131130218,0.3842499852180481,0.3852500021457672,382080000
2013-12-23,0.3719580471515655,0.3944999873638153,0.3977499902248382,0.3912500143051147,0.3944999873638153,168568000
2013-12-24,0.3729008436203003,0.3955000042915344,0.3967500030994415,0.3914999961853027,0.3967500030994415,79600000
2013-12-26,0.3693651556968689,0.3917500078678131,0.398250013589859,0.390749990940094,0.3970000147819519,168920000
2013-12-27,0.371486634016037,0.3939999938011169,0.3947499990463257,0.3914999961853027,0.3937500119209289,210976000
2013-12-30,0.3764365911483764,0.3992500007152557,0.3995000123977661,0.3937500119209289,0.3942500054836273,248180000
2013-12-31,0.3776150941848755,0.4004999995231628,0.4025000035762787,0.3975000083446502,0.4000000059604645,235776000
2014-01-02,0.3738436102867126,0.3964999914169311,0.3995000123977661,0.3930000066757202,0.3980000019073486,260092000
2014-01-03,0.3693651556968689,0.3917500078678131,0.3980000019073486,0.390500009059906,0.3972499966621399,259332000
2014-01-06,0.3743152618408203,0.3970000147819519,0.4000000059604645,0.3919999897480011,0.3957499861717224,409492000
2014-01-07,0.3804437220096588,0.4034999907016754,0.4050000011920929,0.398250013589859,0.4009999930858612,333288000
2014-01-08,0.3856295049190521,0.4090000092983246,0.4110000133514404,0.4034999907016754,0.4050000011920929,308192000
2014-01-09,0.3712508380413055,0.3937500119209289,0.4034999907016754,0.3925000131130218,0.4027499854564667,292172000
2014-01-10,0.370779275894165,0.3932499885559082,0.3977499902248382,0.3897500038146972,0.395000010728836,218492000
2014-01-13,0.3620579838752746,0.3840000033378601,0.3957499861717224,0.3832499980926513,0.3932499885559082,243332000
2014-01-14,0.3733723163604736,0.3959999978542328,0.3967500030994415,0.3842499852180481,0.3860000073909759,241828000
2014-01-15,0.377379447221756,0.4002499878406524,0.4017499983310699,0.3959999978542328,0.3977499902248382,175044000
2014-01-16,0.3785580694675445,0.4014999866485595,0.4022499918937683,0.398499995470047,0.4002499878406524,220652000
2014-01-17,0.3769079148769378,0.3997499942779541,0.40625,0.3972499966621399,0.4014999866485595,340400000
2014-01-21,0.3783223032951355,0.4012500047683716,0.4037500023841858,0.3970000147819519,0.4002499878406524,246076000
2014-01-22,0.3778509199619293,0.4007500112056732,0.4025000035762787,0.3959999978542328,0.4020000100135803,337940000
2014-01-23,0.3764365911483764,0.3992500007152557,0.4037500023841858,0.3962500095367431,0.3995000123977661,185028000
2014-01-24,0.3667721748352051,0.3889999985694885,0.3975000083446502,0.3889999985694885,0.3959999978542328,246696000
2014-01-27,0.3644150197505951,0.3865000009536743,0.3944999873638153,0.3842499852180481,0.3889999985694885,233812000
2014-01-28,0.3679509162902832,0.3902499973773956,0.390500009059906,0.3842499852180481,0.3857499957084656,167996000
2014-01-29,0.3644150197505951,0.3865000009536743,0.3910000026226043,0.3862499892711639,0.3887499868869781,162944000
2014-01-30,0.3705436885356903,0.3930000066757202,0.3937500119209289,0.387499988079071,0.3887499868869781,202896000
2014-01-31,0.3700723052024841,0.3925000131130218,0.3947499990463257,0.387250006198883,0.387499988079071,335348000
2014-02-03,0.3651221990585327,0.387250006198883,0.3957499861717224,0.3857499957084656,0.395249992609024,431728000
2014-02-04,0.3672436773777008,0.3894999921321869,0.3902499973773956,0.3849999904632568,0.3869999945163727,280692000
2014-02-05,0.3639436364173889,0.3860000073909759,0.3880000114440918,0.382999986410141,0.3867500126361847,214676000
2014-02-06,0.3686579167842865,0.3910000026226043,0.3919999897480011,0.3860000073909759,0.3865000009536743,168380000
2014-02-07,0.3740794360637665,0.3967500030994415,0.3972499966621399,0.3885000050067901,0.3919999897480011,157248000
2014-02-10,0.3752579987049103,0.3980000019073486,0.4032500088214874,0.3959999978542328,0.3962500095367431,324372000
2014-02-11,0.3830366730690002,0.40625,0.4072499871253967,0.398250013589859,0.4002499878406524,235384000
2014-02-12,0.3967080116271972,0.4207499921321869,0.4237500131130218,0.4074999988079071,0.4074999988079071,744528000
2014-02-13,0.4092009365558624,0.4339999854564667,0.4365000128746032,0.4237500131130218,0.4312500059604645,902836000
2014-02-14,0.4221653640270233,0.4477500021457672,0.4487499892711639,0.429749995470047,0.4300000071525574,817536000
2014-02-18,0.4219294786453247,0.4474999904632568,0.4494999945163727,0.4437499940395355,0.4480000138282776,428988000
2014-02-19,0.4275867640972137,0.4535000026226043,0.457500010728836,0.445499986410141,0.4474999904632568,450340000
2014-02-20,0.442672461271286,0.4695000052452087,0.4704999923706054,0.4537500143051147,0.4544999897480011,398088000
2014-02-21,0.4393725395202636,0.4659999907016754,0.4747500121593475,0.4629999995231628,0.46875,451052000
2014-02-24,0.4457368552684784,0.4727500081062317,0.4762499928474426,0.460750013589859,0.4650000035762787,403112000
2014-02-25,0.4437240660190582,0.4684999883174896,0.4720000028610229,0.4634999930858612,0.4699999988079071,242184000
2014-02-26,0.4430137574672699,0.4677500128746032,0.4745000004768371,0.4662500023841858,0.4675000011920929,360884000
2014-02-27,0.4380415380001068,0.4625000059604645,0.4724999964237213,0.4612500071525574,0.4677500128746032,388848000
2014-02-28,0.4352001547813415,0.4595000147819519,0.4645000100135803,0.4527499973773956,0.4600000083446502,321692000
2014-03-03,0.433069109916687,0.4572499990463257,0.4572499990463257,0.445250004529953,0.4492500126361847,375948000
2014-03-04,0.4375678896903991,0.4620000123977661,0.4650000035762787,0.4587500095367431,0.4595000147819519,260344000
2014-03-05,0.4413562417030334,0.4659999907016754,0.4662500023841858,0.4595000147819519,0.4614999890327453,241472000
2014-03-06,0.4352001547813415,0.4595000147819519,0.4692499935626983,0.4587500095367431,0.4667499959468841,290144000
2014-03-07,0.4347265064716339,0.4589999914169311,0.4622499942779541,0.4555000066757202,0.4614999890327453,268452000
2014-03-10,0.4283334612846374,0.4522500038146972,0.4595000147819519,0.4502499997615814,0.457500010728836,300888000
2014-03-11,0.4325955212116241,0.4567500054836273,0.460750013589859,0.453000009059906,0.4544999897480011,297220000
2014-03-12,0.4337794482707977,0.4580000042915344,0.460750013589859,0.4527499973773956,0.4544999897480011,239428000
2014-03-13,0.4200462102890014,0.4435000121593475,0.460750013589859,0.4412499964237213,0.4589999914169311,385172000
2014-03-14,0.421940416097641,0.445499986410141,0.4494999945163727,0.4390000104904175,0.4390000104904175,460048000
2014-03-17,0.421940416097641,0.445499986410141,0.449999988079071,0.4449999928474426,0.4467499852180481,299656000
2014-03-18,0.4318851828575134,0.4560000002384186,0.4589999914169311,0.445250004529953,0.4472500085830688,293904000
2014-03-19,0.4394620954990387,0.4639999866485595,0.4727500081062317,0.4582499861717224,0.4595000147819519,366168000
2014-03-20,0.4396989047527313,0.4642499983310699,0.4682500064373016,0.4595000147819519,0.4614999890327453,191800000
2014-03-21,0.4389885663986206,0.4634999930858612,0.4720000028610229,0.460999995470047,0.4682500064373016,566116000
2014-03-24,0.4368575513362884,0.4612500071525574,0.4675000011920929,0.4544999897480011,0.4637500047683716,306096000
2014-03-25,0.4368575513362884,0.4612500071525574,0.4667499959468841,0.457749992609024,0.4662500023841858,304424000
2014-03-26,0.4269128143787384,0.4507499933242798,0.4742499887943268,0.4467499852180481,0.465499997138977,557756000
2014-03-27,0.4212300479412079,0.4447500109672546,0.4535000026226043,0.4397499859333038,0.449750006198883,540728000
2014-03-28,0.4238347113132477,0.4474999904632568,0.4502499997615814,0.4427500069141388,0.4440000057220459,398820000
2014-03-31,0.4240714013576507,0.4477500021457672,0.4522500038146972,0.445250004529953,0.4482499957084656,273404000
2014-04-01,0.4415931701660156,0.4662500023841858,0.4717499911785126,0.4564999938011169,0.4620000123977661,656272000
2014-04-02,0.4387518763542175,0.4632500112056732,0.4672499895095825,0.4612500071525574,0.4662500023841858,239948000
2014-04-03,0.4434874355792999,0.4682500064373016,0.4794999957084656,0.4639999866485595,0.4642499983310699,599548000
2014-04-04,0.4297541379928589,0.4537500143051147,0.4735000133514404,0.4517500102519989,0.4707500040531158,368032000
2014-04-07,0.4311748445034027,0.4552499949932098,0.4639999866485595,0.4514999985694885,0.4539999961853027,428576000
2014-04-08,0.4465656280517578,0.4715000092983246,0.4727500081062317,0.4544999897480011,0.4552499949932098,470692000
2014-04-09,0.4460918605327606,0.4709999859333038,0.4777500033378601,0.4672499895095825,0.4737499952316284,421968000
2014-04-10,0.4352001547813415,0.4595000147819519,0.4754999876022339,0.4580000042915344,0.4690000116825104,372748000
2014-04-11,0.4290437698364258,0.453000009059906,0.4629999995231628,0.4469999969005584,0.4560000002384186,353112000
2014-04-14,0.4337794482707977,0.4580000042915344,0.4597499966621399,0.453000009059906,0.4560000002384186,290184000
2014-04-15,0.4368575513362884,0.4612500071525574,0.4637500047683716,0.4539999961853027,0.4584999978542328,304636000
2014-04-16,0.437804639339447,0.4622499942779541,0.4639999866485595,0.4564999938011169,0.4634999930858612,235136000
2014-04-17,0.4394620954990387,0.4639999866485595,0.4682500064373016,0.4595000147819519,0.4605000019073486,153532000
2014-04-21,0.4430137574672699,0.4677500128746032,0.4690000116825104,0.4612500071525574,0.4642499983310699,117004000
2014-04-22,0.4468022882938385,0.4717499911785126,0.4747500121593475,0.4659999907016754,0.4684999883174896,255120000
2014-04-23,0.4520114064216614,0.4772500097751617,0.4785000085830688,0.4717499911785126,0.4724999964237213,261580000
2014-04-24,0.4560365676879883,0.4814999997615814,0.4864999949932098,0.4805000126361847,0.4805000126361847,391492000
2014-04-25,0.4434874355792999,0.4682500064373016,0.4850000143051147,0.4672499895095825,0.4805000126361847,313600000
2014-04-28,0.4415931701660156,0.4662500023841858,0.4745000004768371,0.4605000019073486,0.4720000028610229,226788000
2014-04-29,0.4425403475761413,0.4672499895095825,0.4690000116825104,0.4620000123977661,0.4679999947547912,171300000
2014-04-30,0.4373311996459961,0.4617500007152557,0.4670000076293945,0.460750013589859,0.4665000140666961,305740000
2014-05-01,0.4396989047527313,0.4642499983310699,0.4697499871253967,0.4605000019073486,0.46875,198104000
2014-05-02,0.436383992433548,0.460750013589859,0.4665000140666961,0.4580000042915344,0.4665000140666961,156376000
2014-05-05,0.4411195516586303,0.4657500088214874,0.4692499935626983,0.4597499966621399,0.4602499902248382,239260000
2014-05-06,0.4321220219135284,0.4562500119209289,0.4742499887943268,0.4550000131130218,0.4702500104904175,416188000
2014-05-07,0.4325955212116241,0.4567500054836273,0.4605000019073486,0.4517500102519989,0.4562500119209289,293900000
2014-05-08,0.4380415380001068,0.4625000059604645,0.4697499871253967,0.4527499973773956,0.4550000131130218,432728000
2014-05-09,0.4273862838745117,0.4512499868869781,0.4527499973773956,0.4427500069141388,0.4485000073909759,539532000
2014-05-12,0.4399356245994568,0.4645000100135803,0.465499997138977,0.4519999921321869,0.4522500038146972,299856000
2014-05-13,0.4328323304653168,0.4569999873638153,0.4657500088214874,0.4555000066757202,0.4582499861717224,221104000
2014-05-14,0.4285702407360077,0.4524999856948852,0.4589999914169311,0.4522500038146972,0.4572499990463257,214320000
2014-05-15,0.4262024462223053,0.449999988079071,0.4539999961853027,0.445499986410141,0.4514999985694885,325896000
2014-05-16,0.4252553582191467,0.4490000009536743,0.4522500038146972,0.4465000033378601,0.4465000033378601,283960000
2014-05-19,0.4389885663986206,0.4634999930858612,0.4659999907016754,0.4517500102519989,0.4537500143051147,360076000
2014-05-20,0.4338744282722473,0.4560000002384186,0.4627499878406524,0.4537500143051147,0.4614999890327453,256200000
2014-05-21,0.4338744282722473,0.4560000002384186,0.4617500007152557,0.453249990940094,0.457749992609024,216712000
2014-05-22,0.435777336359024,0.4580000042915344,0.4605000019073486,0.4550000131130218,0.4550000131130218,130364000
2014-05-23,0.4398210346698761,0.4622499942779541,0.4645000100135803,0.457749992609024,0.4605000019073486,182656000
2014-05-27,0.4476708173751831,0.4704999923706054,0.4704999923706054,0.4634999930858612,0.4650000035762787,209680000
2014-05-28,0.4514766335487366,0.4745000004768371,0.4774999916553497,0.4677500128746032,0.4722500145435333,224676000
2014-05-29,0.4507630467414856,0.4737499952316284,0.4782499969005584,0.4727500081062317,0.4742499887943268,171884000
2014-05-30,0.4519524574279785,0.4749999940395355,0.4762499928474426,0.4712499976158142,0.4737499952316284,239128000
2014-06-02,0.4505251944065094,0.4735000133514404,0.4794999957084656,0.4695000052452087,0.476500004529953,181500000
2014-06-03,0.4486224055290222,0.4715000092983246,0.4749999940395355,0.4652499854564667,0.4745000004768371,243212000
2014-06-04,0.4490980505943298,0.4720000028610229,0.4754999876022339,0.4699999988079071,0.4702500104904175,161236000
2014-06-05,0.4510010182857513,0.4740000069141388,0.4754999876022339,0.4699999988079071,0.4727500081062317,188696000
2014-06-06,0.4526659250259399,0.4757499992847442,0.4799999892711639,0.4745000004768371,0.4762499928474426,161052000
2014-06-09,0.4531417489051819,0.4762499928474426,0.4807499945163727,0.4720000028610229,0.4752500057220459,247456000
2014-06-10,0.4555204808712005,0.4787499904632568,0.481000006198883,0.4724999964237213,0.4745000004768371,217608000
2014-06-11,0.461467295885086,0.4850000143051147,0.4862500131130218,0.4769999980926513,0.4769999980926513,266228000
2014-06-12,0.4643215239048004,0.4880000054836273,0.4902499914169311,0.4807499945163727,0.4850000143051147,337148000
2014-06-13,0.4647974073886871,0.4884999990463257,0.4932500123977661,0.4837499856948852,0.4930000007152557,227852000
2014-06-16,0.463370144367218,0.4869999885559082,0.4902499914169311,0.4827499985694885,0.4862500131130218,198620000
2014-06-17,0.46646249294281,0.4902499914169311,0.492249995470047,0.4850000143051147,0.4875000119209289,157608000
2014-06-18,0.4659867286682129,0.4897499978542328,0.492000013589859,0.484499990940094,0.488999992609024,215536000
2014-06-19,0.4552826285362243,0.4785000085830688,0.4832499921321869,0.4749999940395355,0.4807499945163727,474592000
2014-06-20,0.4502873420715332,0.47325000166893,0.4814999997615814,0.4695000052452087,0.4797500073909759,353148000
2014-06-23,0.445054143667221,0.4677500128746032,0.4679999947547912,0.4614999890327453,0.4670000076293945,414200000
2014-06-24,0.4381559491157532,0.4605000019073486,0.4707500040531158,0.4584999978542328,0.4670000076293945,275780000
2014-06-25,0.4426755905151367,0.4652499854564667,0.465499997138977,0.457500010728836,0.4617500007152557,215420000
2014-06-26,0.4367287456989288,0.4589999914169311,0.465499997138977,0.457500010728836,0.4652499854564667,256908000
2014-06-27,0.4372045993804931,0.4595000147819519,0.4622499942779541,0.4557499885559082,0.4584999978542328,302820000
2014-06-30,0.4410104751586914,0.4634999930858612,0.4647499918937683,0.457749992609024,0.457749992609024,180512000
2014-07-01,0.4460057616233825,0.46875,0.4715000092983246,0.4614999890327453,0.4629999995231628,321180000
2014-07-02,0.4443405866622925,0.4670000076293945,0.4690000116825104,0.4642499983310699,0.4670000076293945,179284000
2014-07-03,0.4483844339847564,0.4712499976158142,0.4724999964237213,0.4627499878406524,0.4627499878406524,136892000
2014-07-07,0.4448163509368896,0.4675000011920929,0.4722500145435333,0.4667499959468841,0.4720000028610229,127496000
2014-07-08,0.4412482678890228,0.4637500047683716,0.4682500064373016,0.4592500030994415,0.4662500023841858,221940000
2014-07-09,0.4545691013336181,0.4777500033378601,0.4797500073909759,0.4642499983310699,0.4677500128746032,387668000
2014-07-10,0.4521903991699219,0.4752500057220459,0.4772500097751617,0.4650000035762787,0.46875,266308000
2014-07-11,0.4531417489051819,0.4762499928474426,0.4777500033378601,0.4740000069141388,0.4757499992847442,191188000
2014-07-14,0.4588506519794464,0.4822500050067901,0.4835000038146972,0.476500004529953,0.4782499969005584,272636000
2014-07-15,0.4607536494731903,0.484250009059906,0.4855000078678131,0.4797500073909759,0.4830000102519989,395440000
2014-07-16,0.4602778553962707,0.4837499856948852,0.4900000095367431,0.481000006198883,0.4862500131130218,319728000
2014-07-17,0.4590886235237121,0.4824999868869781,0.4875000119209289,0.4782499969005584,0.4782499969005584,324832000
2014-07-18,0.4386317729949951,0.460999995470047,0.4762499928474426,0.4602499902248382,0.4724999964237213,567816000
2014-07-21,0.4412482678890228,0.4637500047683716,0.4670000076293945,0.4592500030994415,0.4592500030994415,243364000
2014-07-22,0.4393453896045685,0.4617500007152557,0.4697499871253967,0.460750013589859,0.4672499895095825,298816000
2014-07-23,0.4300684630870819,0.4519999921321869,0.4622499942779541,0.4514999985694885,0.4620000123977661,297352000
2014-07-24,0.4307819902896881,0.4527499973773956,0.4557499885559082,0.4494999945163727,0.4544999897480011,254576000
2014-07-25,0.4231701791286468,0.4447500109672546,0.4522500038146972,0.4440000057220459,0.4512499868869781,266132000
2014-07-28,0.4215050935745239,0.4429999887943268,0.4467499852180481,0.4354999959468841,0.4467499852180481,330352000
2014-07-29,0.422932356595993,0.4444999992847442,0.4505000114440918,0.4429999887943268,0.4432500004768371,217972000
2014-07-30,0.4300684630870819,0.4519999921321869,0.453249990940094,0.4460000097751617,0.4472500085830688,246184000
2014-07-31,0.4162721633911133,0.4375,0.449999988079071,0.4367499947547912,0.4465000033378601,401880000
2014-08-01,0.4207915365695953,0.4422500133514404,0.4447500109672546,0.4359999895095825,0.4375,219884000
2014-08-04,0.4198400974273681,0.4412499964237213,0.445499986410141,0.4390000104904175,0.4417499899864197,241724000
2014-08-05,0.420077919960022,0.4415000081062317,0.4480000138282776,0.4362500011920929,0.4399999976158142,298136000
2014-08-06,0.41960209608078,0.4410000145435333,0.4465000033378601,0.4352500140666961,0.4384999871253967,223456000
2014-08-07,0.4153204560279846,0.4365000128746032,0.4487499892711639,0.4334999918937683,0.4447500109672546,407696000
2014-08-08,0.4519524574279785,0.4749999940395355,0.4774999916553497,0.4555000066757202,0.4555000066757202,894348000
2014-08-11,0.4495738446712494,0.4724999964237213,0.4774999916553497,0.4712499976158142,0.4754999876022339,344624000
2014-08-12,0.4495738446712494,0.4724999964237213,0.4749999940395355,0.4672499895095825,0.4722500145435333,296152000
2014-08-13,0.4521903991699219,0.4752500057220459,0.4792500138282776,0.4702500104904175,0.47325000166893,256596000
2014-08-14,0.4471949934959411,0.4699999988079071,0.4769999980926513,0.4679999947547912,0.4769999980926513,255992000
2014-08-15,0.4529038667678833,0.4760000109672546,0.4787499904632568,0.4670000076293945,0.4715000092983246,369796000
2014-08-18,0.4590886235237121,0.4824999868869781,0.4830000102519989,0.47325000166893,0.4779999852180481,284076000
2014-08-19,0.46279177069664,0.484250009059906,0.4867500066757202,0.4787499904632568,0.4805000126361847,248260000
2014-08-20,0.4599247276782989,0.481249988079071,0.4847500026226043,0.4799999892711639,0.4824999868869781,221468000
2014-08-21,0.4556241035461426,0.476749986410141,0.4824999868869781,0.4760000109672546,0.4799999892711639,272796000
2014-08-22,0.4558631777763366,0.4769999980926513,0.481000006198883,0.47325000166893,0.4762499928474426,251224000
2014-08-25,0.4565798640251159,0.4777500033378601,0.4822500050067901,0.476749986410141,0.4790000021457672,153380000
2014-08-26,0.4647031426429748,0.4862500131130218,0.4872500002384186,0.4772500097751617,0.4790000021457672,269636000
2014-08-27,0.4594468474388122,0.4807499945163727,0.4869999885559082,0.4799999892711639,0.4832499921321869,182972000
2014-08-28,0.4632696211338043,0.4847500026226043,0.4857499897480011,0.4782499969005584,0.4797500073909759,179704000
2014-08-29,0.4647031426429748,0.4862500131130218,0.4872500002384186,0.481249988079071,0.4864999949932098,207932000
2014-09-02,0.4658978581428528,0.4875000119209289,0.4875000119209289,0.4830000102519989,0.4875000119209289,192636000
2014-09-03,0.470198392868042,0.492000013589859,0.4937500059604645,0.4867500066757202,0.4900000095367431,259456000
2014-09-04,0.4785606563091278,0.5007500052452087,0.5037500262260437,0.4909999966621399,0.4912500083446502,491832000
2014-09-05,0.4771271049976349,0.4992499947547912,0.5024999976158142,0.4959999918937683,0.500249981880188,253792000
2014-09-08,0.472826600074768,0.4947499930858612,0.4997499883174896,0.4927499890327453,0.4987500011920929,319288000
2014-09-09,0.4668533504009247,0.4884999990463257,0.4957500100135803,0.4880000054836273,0.4925000071525574,198588000
2014-09-10,0.4685259163379669,0.4902499914169311,0.492000013589859,0.4857499897480011,0.4912500083446502,172376000
2014-09-11,0.463747501373291,0.4852499961853027,0.4884999990463257,0.4799999892711639,0.4867500066757202,250720000
2014-09-12,0.4568188786506653,0.4779999852180481,0.4882499873638153,0.4774999916553497,0.4882499873638153,262536000
2014-09-15,0.4506068527698517,0.4715000092983246,0.4802500009536743,0.4695000052452087,0.4794999957084656,294152000
2014-09-16,0.45729660987854,0.4785000085830688,0.481000006198883,0.46875,0.4702500104904175,219936000
2014-09-17,0.4575355052947998,0.4787499904632568,0.4832499921321869,0.4749999940395355,0.4772500097751617,173584000
2014-09-18,0.4644642770290375,0.4860000014305115,0.4864999949932098,0.4802500009536743,0.4817500114440918,219604000
2014-09-19,0.4558631777763366,0.4769999980926513,0.4880000054836273,0.4762499928474426,0.4875000119209289,601316000
2014-09-22,0.4513236880302429,0.4722500145435333,0.4867500066757202,0.4717499911785126,0.4867500066757202,221464000
2014-09-23,0.4494121670722961,0.4702500104904175,0.4754999876022339,0.4679999947547912,0.4697499871253967,196144000
2014-09-24,0.4520403742790222,0.4729999899864197,0.4745000004768371,0.4695000052452087,0.4699999988079071,159592000
2014-09-25,0.4422445595264435,0.4627499878406524,0.4737499952316284,0.4617500007152557,0.4724999964237213,298440000
2014-09-26,0.4432002007961273,0.4637500047683716,0.4672499895095825,0.4622499942779541,0.4642499983310699,241188000
2014-09-29,0.4424834251403808,0.4629999995231628,0.4662500023841858,0.4555000066757202,0.4600000083446502,208540000
2014-09-30,0.4408110082149505,0.4612500071525574,0.4645000100135803,0.4557499885559082,0.460999995470047,277204000
2014-10-01,0.4365104138851166,0.4567500054836273,0.4652499854564667,0.4555000066757202,0.4620000123977661,350976000
2014-10-02,0.4345990717411041,0.4547500014305115,0.4582499861717224,0.4442499876022339,0.4560000002384186,288996000
2014-10-03,0.4355548620223999,0.4557499885559082,0.4637500047683716,0.4557499885559082,0.457500010728836,239140000
2014-10-06,0.4329266548156738,0.453000009059906,0.4612500071525574,0.449999988079071,0.457500010728836,199032000
2014-10-07,0.4283871054649353,0.4482499957084656,0.4555000066757202,0.4477500021457672,0.4510000050067901,301896000
2014-10-08,0.436271458864212,0.4564999938011169,0.4587500095367431,0.4442499876022339,0.4477500021457672,260172000
2014-10-09,0.427909255027771,0.4477500021457672,0.4550000131130218,0.4440000057220459,0.4544999897480011,306956000
2014-10-10,0.4025835394859314,0.4212499856948852,0.4457499980926513,0.4210000038146972,0.4442499876022339,691376000
2014-10-13,0.4011499881744385,0.4197500050067901,0.4325000047683716,0.4192500114440918,0.4239999949932098,397628000
2014-10-14,0.4104678630828857,0.429500013589859,0.4412499964237213,0.4230000078678131,0.4255000054836273,376620000
2014-10-15,0.4166798889636993,0.4359999895095825,0.4382500052452087,0.4205000102519989,0.4232499897480011,404428000
2014-10-16,0.4169188141822815,0.4362500011920929,0.4412499964237213,0.4272499978542328,0.4282500147819519,351116000
2014-10-17,0.4162020683288574,0.4354999959468841,0.4465000033378601,0.4337500035762787,0.4415000081062317,290716000
2014-10-20,0.4197857975959778,0.4392499923706054,0.4432500004768371,0.4325000047683716,0.4354999959468841,200336000
2014-10-21,0.4377050995826721,0.4580000042915344,0.4584999978542328,0.4412499964237213,0.4424999952316284,351092000
2014-10-22,0.4274313151836395,0.4472500085830688,0.4587500095367431,0.4472500085830688,0.4572499990463257,239512000
2014-10-23,0.4369882643222809,0.4572499990463257,0.4605000019073486,0.4517500102519989,0.4550000131130218,214476000
2014-10-24,0.441527783870697,0.4620000123977661,0.4647499918937683,0.4572499990463257,0.4600000083446502,210156000
2014-10-27,0.4417665898799896,0.4622499942779541,0.4639999866485595,0.4567500054836273,0.4617500007152557,145092000
2014-10-28,0.4522792398929596,0.47325000166893,0.4737499952316284,0.4605000019073486,0.460999995470047,192580000
2014-10-29,0.4494121670722961,0.4702500104904175,0.4740000069141388,0.4659999907016754,0.4712499976158142,168340000
2014-10-30,0.4465451538562774,0.4672499895095825,0.4709999859333038,0.4612500071525574,0.4690000116825104,170260000
2014-10-31,0.4668533504009247,0.4884999990463257,0.488750010728836,0.4754999876022339,0.4779999852180481,256316000
2014-11-03,0.4747378528118133,0.496749997138977,0.5015000104904175,0.4942499995231628,0.4997499883174896,308732000
2014-11-04,0.4809499084949493,0.503250002861023,0.5049999952316284,0.4917500019073486,0.5,360196000
2014-11-05,0.4809499084949493,0.503250002861023,0.5065000057220459,0.4995000064373016,0.5062500238418579,335652000
2014-11-06,0.4831002652645111,0.5055000185966492,0.5062500238418579,0.4964999854564667,0.5042499899864197,394088000
2014-11-07,0.472826600074768,0.4947499930858612,0.5172500014305115,0.4897499978542328,0.5112500190734863,450800000
2014-11-10,0.478321760892868,0.5005000233650208,0.5037500262260437,0.4930000007152557,0.4942499995231628,293388000
2014-11-11,0.4725875854492187,0.4945000112056732,0.500249981880188,0.4902499914169311,0.4975000023841858,212992000
2014-11-12,0.4694816768169403,0.4912500083446502,0.4939999878406524,0.484499990940094,0.4927499890327453,204584000
2014-11-13,0.4670923352241516,0.488750010728836,0.4937500059604645,0.4847500026226043,0.4930000007152557,225328000
2014-11-14,0.472826600074768,0.4947499930858612,0.4947499930858612,0.484499990940094,0.4892500042915344,160248000
2014-11-17,0.4706762135028839,0.4925000071525574,0.4977500140666961,0.4892500042915344,0.4925000071525574,158732000
2014-11-18,0.4819054901599884,0.5042499899864197,0.5055000185966492,0.4914999902248382,0.4927499890327453,207772000
2014-11-19,0.4801060557365417,0.500249981880188,0.5040000081062317,0.4950000047683716,0.5024999976158142,240300000
2014-11-20,0.4880239069461822,0.5084999799728394,0.5090000033378601,0.4952499866485595,0.496749997138977,220968000
2014-11-21,0.4906633496284485,0.5112500190734863,0.5137500166893005,0.5070000290870667,0.5130000114440918,198976000
2014-11-24,0.4937820732593536,0.5145000219345093,0.5167499780654907,0.5105000138282776,0.512499988079071,136004000
2014-11-25,0.4935422837734222,0.5142499804496765,0.5180000066757202,0.512499988079071,0.5134999752044678,190240000
2014-11-26,0.5019399523735046,0.5230000019073486,0.5235000252723694,0.5109999775886536,0.5112500190734863,219264000
2014-11-28,0.5031396746635437,0.5242499709129333,0.5272499918937683,0.5199999809265137,0.5247499942779541,124832000
2014-12-01,0.4937820732593536,0.5145000219345093,0.5249999761581421,0.5137500166893005,0.5220000147819519,190060000
2014-12-02,0.4945020079612732,0.515250027179718,0.5174999833106995,0.5092499852180481,0.5139999985694885,245952000
2014-12-03,0.507218599319458,0.5285000205039978,0.5287500023841858,0.5162500143051147,0.5177500247955322,284424000
2014-12-04,0.5026598572731018,0.5237500071525574,0.5297499895095825,0.5202500224113464,0.5277500152587891,185332000
2014-12-05,0.5055390000343323,0.5267500281333923,0.5295000076293945,0.5237500071525574,0.5239999890327454,165680000
2014-12-08,0.4990606009960174,0.5199999809265137,0.53125,0.515749990940094,0.5260000228881836,226944000
2014-12-09,0.497381180524826,0.5182499885559082,0.5195000171661377,0.5090000033378601,0.5167499780654907,239448000
2014-12-10,0.4863442778587341,0.5067499876022339,0.518750011920929,0.5062500238418579,0.5167499780654907,204364000
2014-12-11,0.4861044287681579,0.5065000057220459,0.5132499933242798,0.5055000185966492,0.5097500085830688,135652000
2014-12-12,0.4709886610507965,0.4907500147819519,0.5042499899864197,0.4902499914169311,0.4997499883174896,323964000
2014-12-15,0.4695490598678589,0.4892500042915344,0.5055000185966492,0.4877499938011169,0.4964999854564667,254696000
2014-12-16,0.4642704427242279,0.4837499856948852,0.4964999854564667,0.4835000038146972,0.488750010728836,185308000
2014-12-17,0.4832251965999603,0.5034999847412109,0.5042499899864197,0.4774999916553497,0.4934999942779541,345596000
2014-12-18,0.4851447343826294,0.5055000185966492,0.515749990940094,0.5007500052452087,0.5097500085830688,226156000
2014-12-19,0.4899433255195617,0.5105000138282776,0.512499988079071,0.5042499899864197,0.5090000033378601,325528000
2014-12-22,0.4985811412334442,0.5195000171661377,0.5195000171661377,0.5082499980926514,0.5099999904632568,148976000
2014-12-23,0.4954619109630584,0.5162500143051147,0.5260000228881836,0.515749990940094,0.5235000252723694,109280000
2014-12-24,0.4935422837734222,0.5142499804496765,0.5182499885559082,0.5137500166893005,0.5174999833106995,45644000
2014-12-26,0.4940223097801208,0.5147500038146973,0.5174999833106995,0.5130000114440918,0.5142499804496765,52636000
2014-12-29,0.4933023750782013,0.5139999985694885,0.5174999833106995,0.5107499957084656,0.5132499933242798,82944000
2014-12-30,0.4887438118457794,0.5092499852180481,0.5130000114440918,0.5084999799728394,0.5105000138282776,112120000
2014-12-31,0.4810657501220703,0.5012500286102295,0.5127500295639038,0.4997499883174896,0.5099999904632568,166300000
2015-01-02,0.482985258102417,0.503250002861023,0.5070000290870667,0.4952499866485595,0.503250002861023,113680000
2015-01-05,0.4748275578022003,0.4947499930858612,0.5047500133514404,0.4925000071525574,0.503250002861023,197952000
2015-01-06,0.4604316651821136,0.4797500073909759,0.4959999918937683,0.4792500138282776,0.4954999983310699,197764000
2015-01-07,0.4592318832874298,0.4785000085830688,0.4875000119209289,0.4769999980926513,0.4832499921321869,321808000
2015-01-08,0.4765070676803589,0.4964999854564667,0.4995000064373016,0.4837499856948852,0.4839999973773956,283780000
2015-01-09,0.4784266054630279,0.4984999895095825,0.5022500157356262,0.4914999902248382,0.4982500076293945,209540000
2015-01-12,0.4724282324314117,0.492249995470047,0.5,0.4877499938011169,0.4997499883174896,190732000
2015-01-13,0.4717083275318146,0.4914999902248382,0.5059999823570251,0.4880000054836273,0.4959999918937683,236720000
2015-01-14,0.4736277759075165,0.4934999942779541,0.4950000047683716,0.4850000143051147,0.4862500131130218,155260000
2015-01-15,0.4702688455581665,0.4900000095367431,0.5,0.4897499978542328,0.4970000088214874,188932000
2015-01-16,0.4789063334465027,0.4990000128746032,0.4995000064373016,0.4877499938011169,0.4892500042915344,181512000
2015-01-20,0.4803460538387298,0.5005000233650208,0.5052499771118164,0.4942499995231628,0.5024999976158142,140308000
2015-01-21,0.4870640933513641,0.5074999928474426,0.5087500214576721,0.4942499995231628,0.4977500140666961,144780000
2015-01-22,0.4954619109630584,0.5162500143051147,0.5177500247955322,0.503250002861023,0.5084999799728394,159712000
2015-01-23,0.4969012439250946,0.5177500247955322,0.518750011920929,0.512499988079071,0.5167499780654907,120416000
2015-01-26,0.4947419464588165,0.515500009059906,0.5180000066757202,0.5122500061988831,0.515500009059906,133240000
2015-01-27,0.4709886610507965,0.4907500147819519,0.5080000162124634,0.4897499978542328,0.5074999928474426,357948000
2015-01-28,0.4633107185363769,0.4827499985694885,0.4987500011920929,0.4824999868869781,0.496749997138977,272728000
2015-01-29,0.4745876789093017,0.4945000112056732,0.4972499907016754,0.4807499945163727,0.4830000102519989,235340000
2015-01-30,0.4606714248657226,0.4799999892711639,0.496749997138977,0.4792500138282776,0.4909999966621399,298200000
2015-02-02,0.4707487523555755,0.4905000030994415,0.4925000071525574,0.4735000133514404,0.4830000102519989,259604000
2015-02-03,0.4825052917003631,0.5027499794960022,0.503250002861023,0.4914999902248382,0.4939999878406524,183468000
2015-02-04,0.4837051033973694,0.5040000081062317,0.5097500085830688,0.4997499883174896,0.5012500286102295,181516000
2015-02-05,0.4916228652000427,0.5122500061988831,0.512499988079071,0.5040000081062317,0.5044999718666077,140448000
2015-02-06,0.4894635677337646,0.5099999904632568,0.5177500247955322,0.5077499747276306,0.5117499828338623,210524000
2015-02-09,0.4889835715293884,0.5095000267028809,0.5109999775886536,0.5037500262260437,0.5070000290870667,273944000
2015-02-10,0.5026598572731018,0.5237500071525574,0.5239999890327454,0.5077499747276306,0.5099999904632568,226204000
2015-02-11,0.4993007481098175,0.5202500224113464,0.5249999761581421,0.5167499780654907,0.5249999761581421,320832000
2015-02-12,0.5350506901741028,0.5575000047683716,0.5625,0.546750009059906,0.550000011920929,676904000
2015-02-13,0.5352905988693237,0.5577499866485596,0.5584999918937683,0.5477499961853027,0.5562499761581421,310084000
2015-02-17,0.5369701981544495,0.559499979019165,0.562250018119812,0.5532500147819519,0.5567499995231628,203340000
2015-02-18,0.5307319164276123,0.5529999732971191,0.5597500205039978,0.5519999861717224,0.5587499737739563,170948000
2015-02-19,0.5321716666221619,0.5544999837875366,0.5609999895095825,0.5519999861717224,0.5600000023841858,169432000
2015-02-20,0.5360104441642761,0.5584999918937683,0.5587499737739563,0.550000011920929,0.5540000200271606,157752000
2015-02-23,0.5316916108131409,0.5540000200271606,0.5582500100135803,0.5512499809265137,0.5582500100135803,125008000
2015-02-24,0.537351667881012,0.5577499866485596,0.5577499866485596,0.5490000247955322,0.5540000200271606,149356000
2015-02-25,0.5332573056221008,0.5534999966621399,0.5580000281333923,0.5509999990463257,0.5554999709129333,123820000
2015-02-26,0.5347023010253906,0.5550000071525574,0.5582500100135803,0.5504999756813049,0.5540000200271606,152864000
2015-02-27,0.531330406665802,0.5515000224113464,0.5547500252723694,0.5494999885559082,0.5534999966621399,157492000
2015-03-02,0.5443364977836609,0.5649999976158142,0.5680000185966492,0.5492500066757202,0.550000011920929,301512000
2015-03-03,0.5342207551002502,0.5544999837875366,0.5634999871253967,0.5527499914169312,0.5607500076293945,160344000
2015-03-04,0.5402420163154602,0.5607500076293945,0.5619999766349792,0.5502499938011169,0.5525000095367432,226840000
2015-03-05,0.5505990982055664,0.5715000033378601,0.5724999904632568,0.559249997138977,0.5607500076293945,323056000
2015-03-06,0.5431326031684875,0.5637500286102295,0.5709999799728394,0.5632500052452087,0.5682500004768372,257392000
2015-03-09,0.5445774793624878,0.5652499794960022,0.5695000290870667,0.562749981880188,0.5640000104904175,222388000
2015-03-10,0.5539708137512207,0.574999988079071,0.5787500143051147,0.5667499899864197,0.5677499771118164,527212000
2015-03-11,0.5510805249214172,0.5720000267028809,0.5824999809265137,0.5705000162124634,0.574999988079071,262120000
2015-03-12,0.5460227131843567,0.5667499899864197,0.5707499980926514,0.5559999942779541,0.5665000081062317,406972000
2015-03-13,0.5467454791069031,0.5674999952316284,0.5690000057220459,0.5562499761581421,0.5640000104904175,359288000
2015-03-16,0.553248405456543,0.5742499828338623,0.577750027179718,0.5682500004768372,0.5720000267028809,236956000
2015-03-17,0.559992253780365,0.581250011920929,0.5814999938011169,0.5690000057220459,0.5730000138282776,299900000
2015-03-18,0.5508397221565247,0.5717499852180481,0.5842499732971191,0.5665000081062317,0.581250011920929,413844000
2015-03-19,0.5592697262763977,0.5805000066757202,0.5824999809265137,0.5695000290870667,0.5737500190734863,310756000
2015-03-20,0.5652912855148315,0.5867499709129333,0.5902500152587891,0.5797500014305115,0.5852500200271606,462084000
2015-03-23,0.5469861030578613,0.5677499771118164,0.5767499804496765,0.5674999952316284,0.5692499876022339,426012000
2015-03-24,0.5395196080207825,0.5600000023841858,0.5699999928474426,0.5575000047683716,0.5659999847412109,330480000
2015-03-25,0.5067629218101501,0.5260000228881836,0.5597500205039978,0.5242499709129333,0.5597500205039978,542552000
2015-03-26,0.5050770044326782,0.5242499709129333,0.5264999866485596,0.5115000009536743,0.515250027179718,311920000
2015-03-27,0.5149520635604858,0.534500002861023,0.5364999771118164,0.518750011920929,0.5272499918937683,318288000
2015-03-30,0.5171198844909668,0.5367500185966492,0.5394999980926514,0.5299999713897705,0.5370000004768372,253252000
2015-03-31,0.5041133165359497,0.5232499837875366,0.5357499718666077,0.5227500200271606,0.5352500081062317,357276000
2015-04-01,0.5060404539108276,0.5252500176429749,0.5270000100135803,0.5162500143051147,0.5252500176429749,330768000
2015-04-02,0.5072445869445801,0.5264999866485596,0.5297499895095825,0.5220000147819519,0.528249979019165,192204000
2015-04-06,0.5219370722770691,0.5417500138282776,0.5435000061988831,0.518750011920929,0.5242499709129333,515864000
2015-04-07,0.5265132784843445,0.546500027179718,0.5525000095367432,0.5387499928474426,0.5417500138282776,413964000
2015-04-08,0.5303668975830078,0.5504999756813049,0.5525000095367432,0.5417500138282776,0.546999990940094,366432000
2015-04-09,0.5426506996154785,0.5632500052452087,0.5649999976158142,0.5460000038146973,0.5462499856948853,379432000
2015-04-10,0.5481904149055481,0.5690000057220459,0.5692499876022339,0.5617499947547913,0.5637500286102295,258728000
2015-04-13,0.5431326031684875,0.5637500286102295,0.5709999799728394,0.5612499713897705,0.5677499771118164,236724000
2015-04-14,0.5385560989379883,0.5590000152587891,0.5637500286102295,0.5534999966621399,0.5615000128746033,220276000
2015-04-15,0.5450592637062073,0.565750002861023,0.5699999928474426,0.5577499866485596,0.5605000257492065,243560000
2015-04-16,0.5416872501373291,0.562250018119812,0.5672500133514404,0.5582500100135803,0.5625,155284000
2015-04-17,0.5347023010253906,0.5550000071525574,0.5605000257492065,0.5502499938011169,0.5504999756813049,293636000
2015-04-20,0.5320530533790588,0.5522500276565552,0.5609999895095825,0.5512499809265137,0.5575000047683716,231624000
2015-04-21,0.531330406665802,0.5515000224113464,0.5590000152587891,0.5487499833106995,0.5590000152587891,230456000
2015-04-22,0.537351667881012,0.5577499866485596,0.5584999918937683,0.5462499856948853,0.5547500252723694,207420000
2015-04-23,0.5351840257644653,0.5554999709129333,0.5607500076293945,0.5412499904632568,0.5475000143051147,259380000
2015-04-24,0.5306079387664795,0.5507500171661377,0.5554999709129333,0.5444999933242798,0.5552499890327454,240960000
2015-04-27,0.5347023010253906,0.5550000071525574,0.5647500157356262,0.5477499961853027,0.5525000095367432,248456000
2015-04-28,0.537351667881012,0.5577499866485596,0.5597500205039978,0.5487499833106995,0.5540000200271606,234484000
2015-04-29,0.5332573056221008,0.5534999966621399,0.559249997138977,0.5512499809265137,0.5537499785423279,195156000
2015-04-30,0.5347023010253906,0.5550000071525574,0.5577499866485596,0.5494999885559082,0.5507500171661377,218844000
2015-05-01,0.5479496717453003,0.5687500238418579,0.5705000162124634,0.5569999814033508,0.559499979019165,256968000
2015-05-04,0.5445774793624878,0.5652499794960022,0.5720000267028809,0.5634999871253967,0.5682500004768372,200720000
2015-05-05,0.5306079387664795,0.5507500171661377,0.5640000104904175,0.5482500195503235,0.5632500052452087,292928000
2015-05-06,0.5322936773300171,0.5525000095367432,0.5590000152587891,0.5452499985694885,0.5537499785423279,316484000
2015-05-07,0.5416872501373291,0.562250018119812,0.5640000104904175,0.5485000014305115,0.5502499938011169,534564000
2015-05-08,0.5017050504684448,0.5207499861717224,0.5460000038146973,0.5122500061988831,0.5252500176429749,1146552000
2015-05-11,0.4968879520893097,0.515749990940094,0.5210000276565552,0.5095000267028809,0.5134999752044678,544144000
2015-05-12,0.5017050504684448,0.5207499861717224,0.5249999761581421,0.5117499828338623,0.5120000243186951,388800000
2015-05-13,0.5045952796936035,0.5237500071525574,0.5285000205039978,0.518750011920929,0.5245000123977661,308524000
2015-05-14,0.5127845406532288,0.5322499871253967,0.5350000262260437,0.5239999890327454,0.5252500176429749,293052000
2015-05-15,0.5130252242088318,0.5325000286102295,0.5370000004768372,0.5292500257492065,0.534500002861023,215824000
2015-05-18,0.5123026371002197,0.5317500233650208,0.5350000262260437,0.5287500023841858,0.53125,324972000
2015-05-19,0.5091086626052856,0.5260000228881836,0.5317500233650208,0.5249999761581421,0.5299999713897705,253808000
2015-05-20,0.5091086626052856,0.5260000228881836,0.5325000286102295,0.5254999995231628,0.5262500047683716,196824000
2015-05-21,0.5054790377616882,0.5222499966621399,0.5285000205039978,0.5217499732971191,0.5262500047683716,239692000
2015-05-22,0.5047531127929688,0.5214999914169312,0.5254999995231628,0.5202500224113464,0.5235000252723694,212592000
2015-05-26,0.5016074180603027,0.5182499885559082,0.5224999785423279,0.5142499804496765,0.5189999938011169,259732000
2015-05-27,0.5284663438796997,0.5460000038146973,0.5485000014305115,0.5199999809265137,0.5217499732971191,432332000
2015-05-28,0.5357257723808289,0.5534999966621399,0.5552499890327454,0.5450000166893005,0.5460000038146973,327656000
2015-05-29,0.5354835391044617,0.5532500147819519,0.5569999814033508,0.5525000095367432,0.5534999966621399,335168000
2015-06-01,0.5415329337120056,0.559499979019165,0.5649999976158142,0.5532500147819519,0.5567499995231628,372660000
2015-06-02,0.530886173248291,0.5485000014305115,0.5590000152587891,0.5479999780654907,0.5559999942779541,224304000
2015-06-03,0.5250789523124695,0.5425000190734863,0.5542500019073486,0.5414999723434448,0.550000011920929,250788000
2015-06-04,0.5345157980918884,0.5522500276565552,0.5540000200271606,0.5392500162124634,0.5392500162124634,323712000
2015-06-05,0.5386292934417725,0.5565000176429749,0.5590000152587891,0.5447499752044678,0.5504999756813049,313320000
2015-06-08,0.5262887477874756,0.543749988079071,0.5584999918937683,0.5375000238418579,0.5547500252723694,342812000
2015-06-09,0.5289504528045654,0.546500027179718,0.5504999756813049,0.5432500243186951,0.5442500114440918,256888000
2015-06-10,0.5195136070251465,0.5367500185966492,0.5435000061988831,0.5337499976158142,0.5400000214576721,529460000
2015-06-11,0.5250789523124695,0.5425000190734863,0.5462499856948853,0.5367500185966492,0.5367500185966492,283052000
2015-06-12,0.5108025074005127,0.5277500152587891,0.5422499775886536,0.5264999866485596,0.5389999747276306,323728000
2015-06-15,0.5098346471786499,0.5267500281333923,0.5292500257492065,0.5210000276565552,0.5249999761581421,306548000
2015-06-16,0.5161258578300476,0.5332499742507935,0.5339999794960022,0.5205000042915344,0.5257499814033508,256892000
2015-06-17,0.522175133228302,0.5394999980926514,0.5425000190734863,0.5317500233650208,0.5329999923706055,233544000
2015-06-18,0.530886173248291,0.5485000014305115,0.5519999861717224,0.5425000190734863,0.5440000295639038,299404000
2015-06-19,0.5291922092437744,0.546750009059906,0.5529999732971191,0.5417500138282776,0.5485000014305115,355656000
2015-06-22,0.5270146131515503,0.5444999933242798,0.5507500171661377,0.5362499952316284,0.5477499961853027,514236000
2015-06-23,0.5134642124176025,0.5304999947547913,0.5497499704360962,0.5262500047683716,0.5454999804496765,414064000
2015-06-24,0.5083828568458557,0.5252500176429749,0.5325000286102295,0.5227500200271606,0.5297499895095825,253368000
2015-06-25,0.5122542977333069,0.5292500257492065,0.5325000286102295,0.5252500176429749,0.5252500176429749,350460000
2015-06-26,0.5018492937088013,0.5184999704360962,0.5254999995231628,0.5162500143051147,0.5249999761581421,421296000
2015-06-29,0.4868471920490265,0.503000020980835,0.5177500247955322,0.5022500157356262,0.512499988079071,391724000
2015-06-30,0.4866051077842712,0.5027499794960022,0.5082499980926514,0.4992499947547912,0.5059999823570251,315916000
2015-07-01,0.4936225712299347,0.5099999904632568,0.5224999785423279,0.5055000185966492,0.515250027179718,302892000
2015-07-02,0.4941062927246094,0.5105000138282776,0.5137500166893005,0.5072500109672546,0.5097500085830688,145764000
2015-07-06,0.488057017326355,0.5042499899864197,0.5132499933242798,0.5005000233650208,0.5062500238418579,214776000
2015-07-07,0.4788622558116913,0.4947499930858612,0.503250002861023,0.4790000021457672,0.5012500286102295,594252000
2015-07-08,0.4754746258258819,0.4912500083446502,0.4950000047683716,0.4872500002384186,0.492000013589859,332492000
2015-07-09,0.4696672260761261,0.4852499961853027,0.5012500286102295,0.4822500050067901,0.4990000128746032,357588000
2015-07-10,0.4778943955898285,0.4937500059604645,0.4982500076293945,0.4902499914169311,0.4914999902248382,216708000
2015-07-13,0.4810400605201721,0.4970000088214874,0.4997499883174896,0.4937500059604645,0.4987500011920929,212472000
2015-07-14,0.4812818765640259,0.4972499907016754,0.4982500076293945,0.4907500147819519,0.4977500140666961,249216000
2015-07-15,0.4778943955898285,0.4937500059604645,0.4992499947547912,0.4892500042915344,0.4959999918937683,265732000
2015-07-16,0.4885410368442535,0.5047500133514404,0.5047500133514404,0.4950000047683716,0.496749997138977,282848000
2015-07-17,0.4856374561786651,0.5017499923706055,0.5034999847412109,0.4952499866485595,0.503000020980835,220372000
2015-07-20,0.4766843914985657,0.4925000071525574,0.5037500262260437,0.4912500083446502,0.5017499923706055,188412000
2015-07-21,0.4788622558116913,0.4947499930858612,0.5017499923706055,0.4914999902248382,0.4914999902248382,149720000
2015-07-22,0.4696672260761261,0.4852499961853027,0.4912500083446502,0.4792500138282776,0.4912500083446502,356472000
2015-07-23,0.4754746258258819,0.4912500083446502,0.4984999895095825,0.4852499961853027,0.4862500131130218,169916000
2015-07-24,0.4699092209339142,0.4855000078678131,0.4952499866485595,0.4835000038146972,0.4947499930858612,188844000
2015-07-27,0.4672475755214691,0.4827499985694885,0.4882499873638153,0.4772500097751617,0.481249988079071,192420000
2015-07-28,0.4774103760719299,0.4932500123977661,0.4964999854564667,0.4790000021457672,0.4839999973773956,198308000
2015-07-29,0.4832175970077514,0.4992499947547912,0.503250002861023,0.4902499914169311,0.492249995470047,232680000
2015-07-30,0.4844276309013366,0.5005000233650208,0.5055000185966492,0.4979999959468841,0.4979999959468841,190180000
2015-07-31,0.4827337563037872,0.4987500011920929,0.5027499794960022,0.4957500100135803,0.5024999976158142,218340000
2015-08-03,0.4909608364105224,0.5072500109672546,0.5077499747276306,0.4962500035762787,0.5027499794960022,397132000
2015-08-04,0.4928967356681824,0.5092499852180481,0.5107499957084656,0.5034999847412109,0.5055000185966492,260100000
2015-08-05,0.4979778528213501,0.5145000219345093,0.5222499966621399,0.5134999752044678,0.5217499732971191,234628000
2015-08-06,0.4948325455188751,0.5112500190734863,0.5170000195503235,0.5027499794960022,0.5132499933242798,655676000
2015-08-07,0.5560511946678162,0.5745000243186951,0.5842499732971191,0.546999990940094,0.5615000128746033,1405248000
2015-08-10,0.5754090547561646,0.5945000052452087,0.5987499952316284,0.5669999718666077,0.5705000162124634,662304000
2015-08-11,0.5725052952766418,0.5914999842643738,0.5972499847412109,0.5857499837875366,0.5857499837875366,435008000
2015-08-12,0.573957085609436,0.5929999947547913,0.5972499847412109,0.5820000171661377,0.5820000171661377,384048000
2015-08-13,0.5691177845001221,0.5879999995231628,0.5950000286102295,0.5864999890327454,0.59375,276884000
2015-08-14,0.5696015357971191,0.5885000228881836,0.5920000076293945,0.5839999914169312,0.5874999761581421,214652000
2015-08-17,0.5659719705581665,0.5847499966621399,0.5874999761581421,0.5774999856948853,0.5874999761581421,273880000
2015-08-18,0.5608208179473877,0.5770000219345093,0.5845000147819519,0.5724999904632568,0.5805000066757202,287084000
2015-08-19,0.5586338043212891,0.5747500061988831,0.5827500224113464,0.5684999823570251,0.5762500166893005,249248000
2015-08-20,0.5384656190872192,0.5540000200271606,0.5709999799728394,0.5512499809265137,0.5682500004768372,426932000
2015-08-21,0.5216993689537048,0.5367500185966492,0.559249997138977,0.5362499952316284,0.550000011920929,382664000
2015-08-24,0.5032320618629456,0.5177500247955322,0.5457500219345093,0.5,0.5067499876022339,682284000
2015-08-25,0.4927835166454315,0.5070000290870667,0.5425000190734863,0.5070000290870667,0.5404999852180481,622684000
2015-08-26,0.5299610495567322,0.5452499985694885,0.5457500219345093,0.5195000171661377,0.5235000252723694,614976000
2015-08-27,0.5498862862586975,0.565750002861023,0.5659999847412109,0.5477499961853027,0.5509999990463257,463764000
2015-08-28,0.5523159503936768,0.5682500004768372,0.5717499852180481,0.5617499947547913,0.565750002861023,320944000
2015-08-31,0.5462413430213928,0.5619999766349792,0.5695000290870667,0.5597500205039978,0.565500020980835,219352000
2015-09-01,0.5238861441612244,0.5389999747276306,0.5550000071525574,0.5350000262260437,0.5457500219345093,353408000
2015-09-02,0.5396806001663208,0.5552499890327454,0.5554999709129333,0.5444999933242798,0.5537499785423279,344044000
2015-09-03,0.5411384105682373,0.5567499995231628,0.5662500262260437,0.5557500123977661,0.5634999871253967,262556000
2015-09-04,0.5285030603408813,0.543749988079071,0.5559999942779541,0.5435000061988831,0.547249972820282,287972000
2015-09-08,0.55110102891922,0.5669999718666077,0.5692499876022339,0.5547500252723694,0.5569999814033508,238448000
2015-09-09,0.5401666164398193,0.5557500123977661,0.5734999775886536,0.5544999837875366,0.5687500238418579,289392000
2015-09-10,0.5486712455749512,0.5644999742507935,0.5715000033378601,0.550000011920929,0.5525000095367432,357076000
2015-09-11,0.5503721237182617,0.5662500262260437,0.5699999928474426,0.5559999942779541,0.5582500100135803,301584000
2015-09-14,0.5513437986373901,0.5672500133514404,0.5707499980926514,0.5642499923706055,0.5690000057220459,192460000
2015-09-15,0.557418942451477,0.5734999775886536,0.5764999985694885,0.565750002861023,0.5674999952316284,327976000
2015-09-16,0.5613068342208862,0.5774999856948853,0.5807499885559082,0.5682500004768372,0.5724999904632568,173508000
2015-09-17,0.5664095282554626,0.5827500224113464,0.5927500128746033,0.5814999938011169,0.5874999761581421,268712000
2015-09-18,0.5659233331680298,0.5822499990463257,0.5872499942779541,0.5712500214576721,0.5747500061988831,326412000
2015-09-21,0.5717552304267883,0.5882499814033508,0.5895000100135803,0.5799999833106995,0.5830000042915344,281840000
2015-09-22,0.5562039017677307,0.5722500085830688,0.5795000195503235,0.5692499876022339,0.5755000114440918,228356000
2015-09-23,0.5588767528533936,0.574999988079071,0.578499972820282,0.5705000162124634,0.5727499723434448,161632000
2015-09-24,0.5695684552192688,0.5860000252723694,0.5920000076293945,0.5625,0.5715000033378601,382440000
2015-09-25,0.5736991763114929,0.5902500152587891,0.6017500162124634,0.5845000147819519,0.5932499766349792,369692000
2015-09-28,0.5661664009094238,0.5824999809265137,0.593999981880188,0.5787500143051147,0.5902500152587891,395584000
2015-09-29,0.576129138469696,0.5927500128746033,0.59375,0.5805000066757202,0.5887500047683716,380736000
2015-09-30,0.5989701151847839,0.6162499785423279,0.6169999837875366,0.5947499871253967,0.5982499718666077,556380000
2015-10-01,0.5873064994812012,0.6042500138282776,0.6179999709129333,0.5867499709129333,0.6162499785423279,489296000
2015-10-02,0.6026149988174438,0.6200000047683716,0.6200000047683716,0.5947499871253967,0.6010000109672546,386144000
2015-10-05,0.6176802515983582,0.6355000138282776,0.6432499885559082,0.6207500100135803,0.6240000128746033,482024000
2015-10-06,0.625698983669281,0.643750011920929,0.6464999914169312,0.6262500286102295,0.6287500262260437,453216000
2015-10-07,0.6322599053382874,0.6504999995231628,0.6570000052452087,0.6347500085830688,0.6452500224113464,310152000
2015-10-08,0.6359047293663025,0.6542500257492065,0.656000018119812,0.6367499828338623,0.6477500200271606,460068000
2015-10-09,0.6334746479988098,0.6517500281333923,0.6570000052452087,0.6395000219345093,0.6507499814033508,423248000
2015-10-12,0.6402783989906311,0.6587499976158142,0.6625000238418579,0.6477500200271606,0.6524999737739563,227588000
2015-10-13,0.6414932608604431,0.6600000262260437,0.6639999747276306,0.6512500047683716,0.6535000205039978,298444000
2015-10-14,0.6648204326629639,0.6840000152587891,0.6947500109672546,0.6600000262260437,0.6607499718666077,612148000
2015-10-15,0.6665213704109192,0.6857500076293945,0.6997500061988831,0.6782500147819519,0.6852499842643738,526048000
2015-10-16,0.6769700646400452,0.6965000033378601,0.703000009059906,0.6862499713897705,0.6880000233650208,448396000
2015-10-19,0.6757548451423645,0.6952499747276306,0.7020000219345093,0.687250018119812,0.6987500190734863,294712000
2015-10-20,0.674782931804657,0.6942499876022339,0.6974999904632568,0.6869999766349792,0.6922500133514404,264824000
2015-10-21,0.6660352945327759,0.6852499842643738,0.702750027179718,0.6840000152587891,0.6984999775886536,386280000
2015-10-22,0.690091073513031,0.7099999785423279,0.7122499942779541,0.6922500133514404,0.6932500004768372,306884000
2015-10-23,0.6947081089019775,0.7147499918937683,0.7195000052452087,0.7055000066757202,0.7162500023841858,381776000
2015-10-26,0.6915492415428162,0.7114999890327454,0.7170000076293945,0.7049999833106995,0.7152500152587891,247436000
2015-10-27,0.6910633444786072,0.7110000252723694,0.715499997138977,0.7074999809265137,0.7080000042915344,208268000
2015-10-28,0.6966521143913269,0.7167500257492065,0.7167500257492065,0.7049999833106995,0.715499997138977,217036000
2015-10-29,0.6725960373878479,0.6919999718666077,0.7124999761581421,0.690750002861023,0.7052500247955322,327168000
2015-10-30,0.6893620491027832,0.7092499732971191,0.7142500281333923,0.6942499876022339,0.6995000243186951,301160000
2015-11-02,0.6973810195922852,0.7174999713897705,0.7182499766349792,0.7072499990463257,0.7114999890327454,190088000
2015-11-03,0.6925210356712341,0.7124999761581421,0.7172499895095825,0.7045000195503235,0.7132499814033508,376768000
2015-11-04,0.6811007857322693,0.7007499933242798,0.715749979019165,0.6974999904632568,0.7105000019073486,442264000
2015-11-05,0.6733250617980957,0.6927499771118164,0.706250011920929,0.690750002861023,0.7042499780654907,478800000
2015-11-06,0.766633152961731,0.7887499928474426,0.7985000014305115,0.7455000281333923,0.7612500190734863,1172272000
2015-11-09,0.7632311582565308,0.7852500081062317,0.7875000238418579,0.7742499709129333,0.781000018119812,492568000
2015-11-10,0.7486519813537598,0.7702500224113464,0.7792500257492065,0.7537500262260437,0.7749999761581421,552260000
2015-11-11,0.7413622140884399,0.7627500295639038,0.7762500047683716,0.7599999904632568,0.7707499861717224,619896000
2015-11-12,0.7386894226074219,0.7599999904632568,0.7680000066757202,0.7567499876022339,0.7609999775886536,291080000
2015-11-13,0.7241098880767822,0.7450000047683716,0.7639999985694885,0.7412499785423279,0.7607499957084656,292940000
2015-11-16,0.7386894226074219,0.7599999904632568,0.7605000138282776,0.7487499713897705,0.7547500133514404,344280000
2015-11-17,0.7386894226074219,0.7599999904632568,0.7664999961853027,0.7567499876022339,0.7620000243186951,257048000
2015-11-18,0.7568607926368713,0.7757499814033508,0.7767500281333923,0.7519999742507935,0.7602499723434448,350216000
2015-11-19,0.7590558528900146,0.777999997138977,0.7857499718666077,0.7722499966621399,0.7785000205039978,254072000
2015-11-20,0.7656415700912476,0.7847499847412109,0.7892500162124634,0.7789999842643738,0.7837499976158142,239744000
2015-11-23,0.7541776299476624,0.7730000019073486,0.7912499904632568,0.7702500224113464,0.7912499904632568,242552000
2015-11-24,0.7602754235267639,0.7792500257492065,0.7860000133514404,0.7695000171661377,0.7730000019073486,195428000
2015-11-25,0.7592999935150146,0.778249979019165,0.7870000004768372,0.7754999995231628,0.7777500152587891,138300000
2015-11-27,0.7656415700912476,0.7847499847412109,0.7872499823570251,0.7757499814033508,0.7797499895095825,86996000
2015-11-30,0.773690402507782,0.7929999828338623,0.796500027179718,0.7847499847412109,0.7854999899864197,327244000
2015-12-01,0.7988137006759644,0.8187500238418579,0.8195000290870667,0.7992500066757202,0.800000011920929,409496000
2015-12-02,0.7927159070968628,0.8125,0.828499972820282,0.8107500076293945,0.8199999928474426,294240000
2015-12-03,0.7910084128379822,0.8107500076293945,0.8274999856948853,0.8067499995231628,0.8190000057220459,246656000
2015-12-04,0.8232051134109497,0.84375,0.8452500104904175,0.8107500076293945,0.8107500076293945,458756000
2015-12-07,0.8075945973396301,0.827750027179718,0.843500018119812,0.8252500295639038,0.843500018119812,333588000
2015-12-08,0.8185704946517944,0.8389999866485596,0.8424999713897705,0.812250018119812,0.8174999952316284,314488000
2015-12-09,0.7978379726409912,0.8177499771118164,0.84375,0.809249997138977,0.8387500047683716,372676000
2015-12-10,0.8044238686561584,0.8245000243186951,0.8289999961853027,0.8174999952316284,0.8202499747276306,236596000
2015-12-11,0.7924721837043762,0.812250018119812,0.8220000267028809,0.8105000257492065,0.8162500262260437,227320000
2015-12-14,0.7944231033325195,0.8142499923706055,0.8187500238418579,0.8044999837875366,0.8130000233650208,275892000
2015-12-15,0.8041797280311584,0.8242499828338623,0.8299999833106995,0.8190000057220459,0.8234999775886536,307296000
2015-12-16,0.8090579509735107,0.8292499780654907,0.8320000171661377,0.8187500238418579,0.8259999752044678,236356000
2015-12-17,0.7968624830245972,0.8167499899864197,0.8389999866485596,0.8162500262260437,0.8305000066757202,254160000
2015-12-18,0.783935010433197,0.8034999966621399,0.8192499876022339,0.8025000095367432,0.8109999895095825,395896000
2015-12-21,0.8024724125862122,0.8224999904632568,0.8232499957084656,0.8050000071525574,0.812250018119812,284216000
2015-12-22,0.8032041192054749,0.8232499957084656,0.8314999938011169,0.8182500004768372,0.824999988079071,130012000
2015-12-23,0.8063749670982361,0.8264999985694885,0.8297500014305115,0.8230000138282776,0.8245000243186951,122524000
2015-12-24,0.8090579509735107,0.8292499780654907,0.831250011920929,0.8227499723434448,0.8240000009536743,52448000
2015-12-28,0.8083263039588928,0.828499972820282,0.828499972820282,0.8090000152587891,0.8205000162124634,142024000
2015-12-29,0.8214976787567139,0.8420000076293945,0.8445000052452087,0.8267499804496765,0.8289999961853027,203660000
2015-12-30,0.8144240975379944,0.8347499966621399,0.8485000133514404,0.8345000147819519,0.8412500023841858,180344000
2015-12-31,0.8039360642433167,0.8240000009536743,0.8372499942779541,0.8240000009536743,0.8335000276565552,148528000
2016-01-04,0.7895448207855225,0.809249997138977,0.8144999742507935,0.8009999990463257,0.8072500228881836,358076000
2016-01-05,0.8022283911705017,0.8222500085830688,0.8360000252723694,0.8125,0.8245000243186951,490272000
2016-01-06,0.7690563797950745,0.7882500290870667,0.8125,0.7789999842643738,0.8087499737739563,449344000
2016-01-07,0.7385674118995667,0.7570000290870667,0.7737500071525574,0.746999979019165,0.7684999704360962,645304000
2016-01-08,0.7227129340171814,0.7407500147819519,0.7674999833106995,0.7392500042915344,0.7667499780654907,398472000
2016-01-11,0.7239325642585754,0.7419999837875366,0.7472500205039978,0.7287499904632568,0.7415000200271606,409372000
2016-01-12,0.7361281514167786,0.7544999718666077,0.765500009059906,0.7492499947547913,0.7552499771118164,469356000
2016-01-13,0.7136881947517395,0.7315000295639038,0.765250027179718,0.7307500243186951,0.7602499723434448,481672000
2016-01-14,0.6992974281311035,0.7167500257492065,0.7250000238418579,0.6955000162124634,0.7164999842643738,600236000
2016-01-15,0.6612470746040344,0.6777499914169312,0.6962500214576721,0.6660000085830688,0.6880000233650208,841452000
2016-01-19,0.6666131019592285,0.6832500100135803,0.7112500071525574,0.6804999709129333,0.6917499899864197,457140000
2016-01-20,0.6702716946601868,0.6869999766349792,0.6957499980926514,0.6612499952316284,0.6702499985694885,481180000
2016-01-21,0.678076982498169,0.6949999928474426,0.7057499885559082,0.6802499890327454,0.6945000290870667,481456000
2016-01-22,0.6939313411712646,0.7112500071525574,0.7160000205039978,0.7067499756813049,0.7082499861717224,257996000
2016-01-25,0.6931995749473572,0.7105000019073486,0.7192500233650208,0.7089999914169312,0.7110000252723694,270728000
2016-01-26,0.7000291347503662,0.7174999713897705,0.7204999923706055,0.7047500014305115,0.7120000123977661,227944000
2016-01-27,0.691736102104187,0.7089999914169312,0.71875,0.6955000162124634,0.7164999842643738,231700000
2016-01-28,0.6841747164726257,0.7012500166893005,0.7172499895095825,0.6875,0.7147499918937683,276776000
2016-01-29,0.714419960975647,0.7322499752044678,0.7337499856948853,0.7045000195503235,0.7072499990463257,310504000
2016-02-01,0.7146638035774231,0.7325000166893005,0.7362499833106995,0.7252500057220459,0.7315000295639038,289884000
2016-02-02,0.6844186782836914,0.7014999985694885,0.7287499904632568,0.6965000033378601,0.7250000238418579,341908000
2016-02-03,0.6878333687782288,0.7049999833106995,0.7112500071525574,0.6887500286102295,0.7070000171661377,326772000
2016-02-04,0.688077449798584,0.7052500247955322,0.7212499976158142,0.6982499957084656,0.7059999704360962,348140000
2016-02-05,0.6446607708930969,0.6607499718666077,0.7082499861717224,0.6587499976158142,0.7005000114440918,600428000
2016-02-08,0.6151475310325623,0.6305000185966492,0.6539999842643738,0.6212499737739563,0.6507499814033508,608852000
2016-02-09,0.6217333674430847,0.6372500061988831,0.6637499928474426,0.6200000047683716,0.6230000257492065,425372000
2016-02-10,0.6202697157859802,0.6357499957084656,0.6597499847412109,0.6322500109672546,0.6412500143051147,335800000
2016-02-11,0.6170989274978638,0.6324999928474426,0.6389999985694885,0.6194999814033508,0.6194999814033508,340144000
2016-02-12,0.6275871396064758,0.6432499885559082,0.6445000171661377,0.6187499761581421,0.6424999833106995,340816000
2016-02-16,0.658319890499115,0.6747499704360962,0.6757500171661377,0.6504999995231628,0.6524999737739563,485352000
2016-02-17,0.6746622323989868,0.6915000081062317,0.6980000138282776,0.6804999709129333,0.6832500100135803,771468000
2016-02-18,0.7327134609222412,0.7509999871253967,0.7745000123977661,0.7475000023841858,0.7482500076293945,1068660000
2016-02-19,0.7424699664115906,0.7609999775886536,0.7677500247955322,0.7412499785423279,0.746999979019165,525628000
2016-02-22,0.768812358379364,0.7879999876022339,0.796750009059906,0.7705000042915344,0.7720000147819519,449668000
2016-02-23,0.7707638740539551,0.7900000214576721,0.7975000143051147,0.777999997138977,0.7817500233650208,369380000
2016-02-24,0.7761297821998596,0.7954999804496765,0.796750009059906,0.7649999856948853,0.7867500185966492,336852000
2016-02-25,0.7778372764587402,0.797249972820282,0.8012499809265137,0.7829999923706055,0.7985000014305115,349616000
2016-02-26,0.7727149128913879,0.7919999957084656,0.8029999732971191,0.7839999794960022,0.8009999990463257,361964000
2016-02-29,0.7676966190338135,0.7839999794960022,0.8004999756813049,0.7835000157356262,0.7902500033378601,323344000
2016-03-01,0.8017239570617676,0.8187500238418579,0.8187500238418579,0.7847499847412109,0.7860000133514404,348700000
2016-03-02,0.8063752055168152,0.8234999775886536,0.8264999985694885,0.812749981880188,0.8142499923706055,233812000
2016-03-03,0.7992759346961975,0.8162500262260437,0.8259999752044678,0.8052499890327454,0.8224999904632568,302004000
2016-03-04,0.7968279123306274,0.8137500286102295,0.8232499957084656,0.8075000047683716,0.8224999904632568,175304000
2016-03-07,0.7916871905326843,0.8084999918937683,0.8147500157356262,0.7979999780654907,0.809249997138977,239968000
2016-03-08,0.7772436738014221,0.793749988079071,0.8050000071525574,0.7912499904632568,0.8002499938011169,274940000
2016-03-09,0.7767544388771057,0.7932500243186951,0.8019999861717224,0.7829999923706055,0.8007500171661377,222788000
2016-03-10,0.775530219078064,0.7919999957084656,0.8025000095367432,0.7760000228881836,0.7979999780654907,286084000
2016-03-11,0.7887493968009949,0.8054999709129333,0.8057500123977661,0.7942500114440918,0.8037499785423279,277400000
2016-03-14,0.7907078862190247,0.8075000047683716,0.8107500076293945,0.7979999780654907,0.8017500042915344,190312000
2016-03-15,0.7867910861968994,0.8034999966621399,0.8084999918937683,0.7892500162124634,0.8032500147819519,226216000
2016-03-16,0.81029212474823,0.8274999856948853,0.8302500247955322,0.793749988079071,0.7975000143051147,363644000
2016-03-17,0.8034375905990601,0.8205000162124634,0.828499972820282,0.809249997138977,0.8245000243186951,353680000
2016-03-18,0.8276730179786682,0.8452500104904175,0.856249988079071,0.824999988079071,0.8302500247955322,545512000
2016-03-21,0.830120861530304,0.8477500081062317,0.8479999899864197,0.8287500143051147,0.8377500176429749,337780000
2016-03-22,0.828652024269104,0.8462499976158142,0.8522499799728394,0.8357499837875366,0.8450000286102295,242012000
2016-03-23,0.8428505659103394,0.8607500195503235,0.8669999837875366,0.8462499976158142,0.8500000238418579,429008000
2016-03-24,0.8440746068954468,0.8619999885559082,0.8634999990463257,0.8502500057220459,0.8529999852180481,244956000
2016-03-28,0.8526425957679749,0.8707500100135803,0.8744999766349792,0.859499990940094,0.8604999780654907,265388000
2016-03-29,0.8663514852523804,0.8847500085830688,0.8867499828338623,0.8650000095367432,0.8669999837875366,261812000
2016-03-30,0.8754093050956726,0.8939999938011169,0.90625,0.887499988079071,0.8880000114440918,376700000
2016-03-31,0.8722265362739563,0.890749990940094,0.8999999761581421,0.8837500214576721,0.8980000019073486,379884000
2016-04-01,0.8849563598632812,0.9037500023841858,0.9042500257492064,0.8784999847412109,0.8852499723434448,348292000
2016-04-04,0.8763884902000427,0.8949999809265137,0.9160000085830688,0.8914999961853027,0.9112499952316284,393940000
2016-04-05,0.8751643300056458,0.893750011920929,0.9020000100135804,0.8834999799728394,0.8870000243186951,339568000
2016-04-06,0.8763884902000427,0.8949999809265137,0.8955000042915344,0.8657500147819519,0.8824999928474426,453376000
2016-04-07,0.8673307299613953,0.8857499957084656,0.8972499966621399,0.8820000290870667,0.8892499804496765,378104000
2016-04-08,0.872961163520813,0.8914999961853027,0.8987500071525574,0.8827499747276306,0.8930000066757202,255936000
2016-04-11,0.8783467411994934,0.8970000147819519,0.9117500185966492,0.8939999938011169,0.8967499732971191,387524000
2016-04-12,0.8773676753044128,0.8960000276565552,0.9012500047683716,0.8784999847412109,0.8999999761581421,292764000
2016-04-13,0.8993996381759644,0.9185000061988832,0.918749988079071,0.8999999761581421,0.8999999761581421,350716000
2016-04-14,0.9018476009368896,0.9210000038146972,0.925000011920929,0.9122499823570251,0.9160000085830688,416564000
2016-04-15,0.9089470505714417,0.928250014781952,0.9365000128746032,0.9177500009536744,0.9207500219345092,436972000
2016-04-18,0.905030071735382,0.9242500066757202,0.9265000224113464,0.91525000333786,0.9265000224113464,307320000
2016-04-19,0.8888732194900513,0.9077500104904176,0.9294999837875366,0.9020000100135804,0.9277499914169312,309152000
2016-04-20,0.8923004269599915,0.9112499952316284,0.9167500138282776,0.9052500128746032,0.90625,200172000
2016-04-21,0.891321063041687,0.9102500081062316,0.9157500267028807,0.90625,0.9114999771118164,178280000
2016-04-22,0.8878942131996155,0.9067500233650208,0.9194999933242798,0.9037500023841858,0.9132500290870668,223540000
2016-04-25,0.8923004269599915,0.9112499952316284,0.9162499904632568,0.9045000076293944,0.9070000052452089,191972000
2016-04-26,0.8930347561836243,0.9120000004768372,0.9272500276565552,0.9079999923706056,0.9167500138282776,214536000
2016-04-27,0.9133535623550416,0.9327499866485596,0.9332500100135804,0.9079999923706056,0.9097499847412108,352396000
2016-04-28,0.8861802220344543,0.9049999713897704,0.9325000047683716,0.9027500152587892,0.9269999861717224,381224000
2016-04-29,0.8697788715362549,0.8882499933242798,0.903249979019165,0.8784999847412109,0.9012500047683716,321904000
2016-05-02,0.8812844753265381,0.8999999761581421,0.9054999947547911,0.8924999833106995,0.8967499732971191,256076000
2016-05-03,0.8707578778266907,0.8892499804496765,0.8934999704360962,0.8815000057220459,0.8897500038146973,224024000
2016-05-04,0.8509291410446167,0.8690000176429749,0.8792499899864197,0.8600000143051147,0.8784999847412109,525764000
2016-05-05,0.8560699224472046,0.8742499947547913,0.8845000267028809,0.8677499890327454,0.8762500286102295,246884000
2016-05-06,0.8648826479911804,0.8832499980926514,0.8855000138282776,0.8709999918937683,0.8727499842643738,183240000
2016-05-09,0.863658607006073,0.8820000290870667,0.8892499804496765,0.874750018119812,0.8855000138282776,333336000
2016-05-10,0.8803051710128784,0.8989999890327454,0.9004999995231628,0.8790000081062317,0.887499988079071,269676000
2016-05-11,0.8827531933784485,0.9014999866485596,0.9114999771118164,0.8967499732971191,0.9017500281333924,328176000
2016-05-12,0.8707578778266907,0.8892499804496765,0.9120000004768372,0.8732500076293945,0.9079999923706056,670540000
2016-05-13,1.0031955242156982,1.024500012397766,1.024999976158142,0.975000023841858,0.9797499775886536,2110256000
2016-05-16,1.0328161716461182,1.0547499656677246,1.0700000524520874,1.0134999752044678,1.0167499780654907,973032000
2016-05-17,1.0350197553634644,1.0570000410079956,1.0644999742507937,1.0364999771118164,1.0499999523162842,628392000
2016-05-18,1.0614577531814575,1.0839999914169312,1.096250057220459,1.0499999523162842,1.0499999523162842,541072000
2016-05-19,1.0661096572875977,1.0887500047683716,1.096500039100647,1.0782500505447388,1.0797499418258667,398880000
2016-05-20,1.0852036476135254,1.1082500219345093,1.1127500534057615,1.09375,1.0954999923706057,391084000
2016-05-23,1.086917519569397,1.1100000143051147,1.1172499656677246,1.1032500267028809,1.1130000352859497,413636000
2016-05-24,1.1133018732070925,1.133999943733215,1.1375000476837158,1.1074999570846558,1.1104999780654907,415788000
2016-05-25,1.1086382865905762,1.1292500495910645,1.1422499418258667,1.1202499866485596,1.1375000476837158,458076000
2016-05-26,1.1204196214675903,1.1412500143051147,1.149500012397766,1.128000020980835,1.131250023841858,309964000
2016-05-27,1.126555323600769,1.1475000381469729,1.149250030517578,1.1387499570846558,1.1425000429153442,277416000
2016-05-31,1.1466811895370483,1.1679999828338623,1.1705000400543213,1.1517499685287476,1.152500033378601,412524000
2016-06-01,1.148890495300293,1.1702500581741333,1.18149995803833,1.159000039100647,1.162500023841858,387132000
2016-06-02,1.1569896936416626,1.178500056266785,1.1885000467300415,1.1649999618530271,1.1764999628067017,329208000
2016-06-03,1.1407908201217651,1.1619999408721924,1.1684999465942385,1.1414999961853027,1.1670000553131104,461076000
2016-06-06,1.134900450706482,1.156000018119812,1.1740000247955322,1.149999976158142,1.1649999618530271,322512000
2016-06-07,1.137109398841858,1.1582499742507937,1.1694999933242798,1.1577500104904177,1.162999987602234,193400000
2016-06-08,1.1334275007247925,1.1545000076293943,1.162750005722046,1.1449999809265137,1.1584999561309814,234616000
2016-06-09,1.1628801822662354,1.184499979019165,1.1862499713897705,1.1480000019073486,1.1505000591278076,472168000
2016-06-10,1.1339184045791626,1.1549999713897705,1.180999994277954,1.153499960899353,1.1705000400543213,400024000
2016-06-13,1.1483991146087646,1.1697499752044678,1.1924999952316284,1.15625,1.15625,475588000
2016-06-14,1.1506085395812988,1.1720000505447388,1.1775000095367432,1.1540000438690186,1.1670000553131104,298344000
2016-06-15,1.1623893976211548,1.184000015258789,1.194249987602234,1.1687500476837158,1.1817500591278076,301036000
2016-06-16,1.1670526266098022,1.1887500286102295,1.190750002861023,1.1637500524520874,1.1752500534057615,246456000
2016-06-17,1.1466811895370483,1.1679999828338623,1.190500020980835,1.163249969482422,1.190250039100647,471000000
2016-06-20,1.167298436164856,1.1890000104904177,1.2042499780654907,1.1859999895095823,1.186750054359436,293768000
2016-06-21,1.1601803302764893,1.1817500591278076,1.1972500085830688,1.1799999475479126,1.194000005722046,212508000
2016-06-22,1.159198760986328,1.180750012397766,1.1920000314712524,1.1787500381469729,1.184249997138977,202620000
2016-06-23,1.1901235580444336,1.212249994277954,1.2135000228881836,1.191249966621399,1.1920000314712524,297880000
2016-06-24,1.122382879257202,1.1432499885559082,1.184000015258789,1.1325000524520874,1.162500023841858,1017684000
2016-06-27,1.110356330871582,1.13100004196167,1.1425000429153442,1.1142499446868896,1.1337499618530271,449088000
2016-06-28,1.126555323600769,1.1475000381469729,1.153749942779541,1.131749987602234,1.152500033378601,381920000
2016-06-29,1.144963264465332,1.1662499904632568,1.1752500534057615,1.1545000076293943,1.1575000286102295,318932000
2016-06-30,1.1537985801696775,1.1752500534057615,1.1825000047683716,1.158750057220459,1.1682499647140503,430940000
2016-07-01,1.145208716392517,1.1664999723434448,1.184000015258789,1.162500023841858,1.1687500476837158,218488000
2016-07-05,1.1621434688568115,1.183750033378601,1.1857500076293943,1.1507500410079956,1.159999966621399,371084000
2016-07-06,1.1695067882537842,1.191249966621399,1.1982500553131104,1.1694999933242798,1.1755000352859497,273104000
2016-07-07,1.1999410390853882,1.222249984741211,1.2265000343322754,1.193750023841858,1.1992499828338623,395400000
2016-07-08,1.248046875,1.2712500095367432,1.277250051498413,1.2304999828338623,1.2352499961853027,481932000
2016-07-11,1.2767624855041504,1.3005000352859497,1.309999942779541,1.287999987602234,1.2894999980926514,448776000
2016-07-12,1.2959070205688477,1.3200000524520874,1.3320000171661377,1.2984999418258667,1.315000057220459,436760000
2016-07-13,1.2954158782958984,1.319499969482422,1.3300000429153442,1.3174999952316284,1.3224999904632568,324604000
2016-07-14,1.3086695671081543,1.3329999446868896,1.3450000286102295,1.315500020980835,1.3265000581741333,316892000
2016-07-15,1.293452501296997,1.3174999952316284,1.3235000371932983,1.2960000038146973,1.315999984741211,428616000
2016-07-18,1.300079107284546,1.3242499828338623,1.3357499837875366,1.319249987602234,1.3337500095367432,252992000
2016-07-19,1.313578963279724,1.3380000591278076,1.343250036239624,1.3209999799728394,1.3235000371932983,382652000
2016-07-20,1.330759048461914,1.3554999828338623,1.3627500534057615,1.337000012397766,1.3424999713897705,296460000
2016-07-21,1.3062152862548828,1.3305000066757202,1.3567500114440918,1.3259999752044678,1.3524999618530271,361308000
2016-07-22,1.3418035507202148,1.3667500019073486,1.3667500019073486,1.3255000114440918,1.3352500200271606,315768000
2016-07-25,1.3665927648544312,1.3919999599456787,1.3952499628067017,1.36899995803833,1.375,312528000
2016-07-26,1.389909267425537,1.4157500267028809,1.4229999780654907,1.402250051498413,1.4042500257492063,514508000
2016-07-27,1.3759193420410156,1.4014999866485596,1.430500030517578,1.3930000066757202,1.4279999732971191,446676000
2016-07-28,1.3788647651672363,1.4045000076293943,1.4149999618530271,1.40024995803833,1.4047499895095823,221916000
2016-07-29,1.4014451503753662,1.4275000095367432,1.431249976158142,1.3845000267028809,1.409749984741211,409588000
2016-08-01,1.3923637866973877,1.4182499647140503,1.4387500286102295,1.409000039100647,1.433500051498413,301120000
2016-08-02,1.375428557395935,1.4010000228881836,1.4257500171661377,1.3875000476837158,1.4249999523162842,282748000
2016-08-03,1.3791098594665527,1.4047499895095823,1.4075000286102295,1.3914999961853027,1.399250030517578,299828000
2016-08-04,1.4046354293823242,1.430750012397766,1.437250018119812,1.408750057220459,1.4114999771118164,272712000
2016-08-05,1.428443193435669,1.4550000429153442,1.4557499885559082,1.440250039100647,1.4472500085830688,371588000
2016-08-08,1.441696286201477,1.468500018119812,1.4785000085830688,1.4529999494552612,1.475000023841858,305064000
2016-08-09,1.4453778266906738,1.472249984741211,1.4865000247955322,1.468500018119812,1.475749969482422,372344000
2016-08-10,1.436051368713379,1.46274995803833,1.4874999523162842,1.4579999446868896,1.4852499961853027,375740000
2016-08-11,1.4652583599090576,1.4924999475479126,1.4987499713897705,1.4674999713897705,1.4704999923706057,681064000
2016-08-12,1.547234058380127,1.5759999752044678,1.5844999551773071,1.5157500505447388,1.5475000143051147,1425744000
2016-08-15,1.5457613468170166,1.5744999647140503,1.587499976158142,1.5532499551773071,1.5777499675750732,573304000
2016-08-16,1.5364351272583008,1.565000057220459,1.5747499465942385,1.5602500438690186,1.5722500085830688,287652000
2016-08-17,1.5008467435836792,1.528749942779541,1.56850004196167,1.5164999961853027,1.565000057220459,595212000
2016-08-18,1.5241633653640747,1.5525000095367432,1.5549999475479126,1.5204999446868896,1.5264999866485596,331684000
2016-08-19,1.5280903577804563,1.55649995803833,1.5682499408721924,1.5449999570846558,1.5517499446868896,291560000
2016-08-22,1.5344715118408203,1.562999963760376,1.565250039100647,1.5427500009536743,1.5612499713897705,244748000
2016-08-23,1.5468887090682983,1.5727499723434448,1.5829999446868896,1.5682499408721924,1.5759999752044678,339764000
2016-08-24,1.5230379104614258,1.5484999418258667,1.5789999961853027,1.5412499904632568,1.5782500505447388,298448000
2016-08-25,1.5129563808441162,1.538249969482422,1.5497499704360962,1.5190000534057615,1.5490000247955322,406032000
2016-08-26,1.5252506732940674,1.5507500171661377,1.559499979019165,1.5299999713897705,1.5422500371932983,300024000
2016-08-29,1.5242674350738523,1.5497499704360962,1.563249945640564,1.5472500324249268,1.5570000410079956,274652000
2016-08-30,1.515415072441101,1.5407500267028809,1.555999994277954,1.5364999771118164,1.5477499961853027,285544000
2016-08-31,1.508284091949463,1.5334999561309814,1.5479999780654907,1.5290000438690186,1.5437500476837158,388544000
2016-09-01,1.5527901649475098,1.5787500143051147,1.5844999551773071,1.5334999561309814,1.534749984741211,428492000
2016-09-02,1.5375453233718872,1.563249945640564,1.5837500095367432,1.5455000400543213,1.5820000171661377,323148000
2016-09-06,1.5520524978637695,1.5779999494552612,1.5779999494552612,1.5607500076293943,1.568750023841858,306812000
2016-09-07,1.529185175895691,1.5547499656677246,1.5807499885559082,1.5457500219345093,1.5729999542236328,397988000
2016-09-08,1.5402500629425049,1.565999984741211,1.56850004196167,1.5355000495910645,1.5532499551773071,315808000
2016-09-09,1.46353280544281,1.4880000352859497,1.5575000047683716,1.475000023841858,1.5487500429153442,697760000
2016-09-12,1.493776798248291,1.5187499523162842,1.5217499732971191,1.4329999685287476,1.468250036239624,598260000
2016-09-13,1.47213876247406,1.496749997138977,1.5325000286102295,1.4882500171661377,1.5149999856948853,471768000
2016-09-14,1.48517107963562,1.5099999904632568,1.5149999856948853,1.4877500534057615,1.500249981880188,319048000
2016-09-15,1.5414798259735107,1.5672500133514404,1.569000005722046,1.508999943733215,1.5125000476837158,515212000
2016-09-16,1.5451676845550537,1.5709999799728394,1.5812499523162842,1.5529999732971191,1.5727499723434448,902444000
2016-09-19,1.565576672554016,1.5917500257492063,1.631500005722046,1.5802500247955322,1.587499976158142,417128000
2016-09-20,1.5513150691986084,1.5772500038146973,1.6100000143051147,1.56850004196167,1.6100000143051147,331112000
2016-09-21,1.594837307929993,1.621500015258789,1.624500036239624,1.5817500352859497,1.5820000171661377,336212000
2016-09-22,1.5987714529037476,1.625499963760376,1.6360000371932983,1.6162500381469729,1.63100004196167,308732000
2016-09-23,1.5970503091812134,1.6237499713897705,1.63224995136261,1.6165000200271606,1.627500057220459,276132000
2016-09-26,1.582051396369934,1.6085000038146973,1.6150000095367432,1.5882500410079956,1.6052500009536743,230040000
2016-09-27,1.6361467838287354,1.66349995136261,1.6660000085830688,1.6015000343322754,1.6022499799728394,402752000
2016-09-28,1.642047882080078,1.6694999933242798,1.6707500219345093,1.6482499837875366,1.6660000085830688,319788000
2016-09-29,1.6572930812835691,1.684999942779541,1.690250039100647,1.6512500047683716,1.6667499542236328,336684000
2016-09-30,1.6848329305648804,1.7130000591278076,1.7297500371932983,1.684249997138977,1.694249987602234,429932000
2016-10-03,1.683111548423767,1.7112499475479126,1.7377500534057615,1.7082500457763672,1.7130000591278076,242596000
2016-10-04,1.6794230937957764,1.7074999809265137,1.7424999475479126,1.69474995136261,1.7137500047683716,281624000
2016-10-05,1.6777018308639526,1.7057499885559082,1.7395000457763672,1.7005000114440918,1.722000002861023,305440000
2016-10-06,1.6558178663253784,1.683500051498413,1.6957499980926514,1.656499981880188,1.6852500438690186,360212000
2016-10-07,1.6437687873840332,1.6712499856948853,1.6992499828338623,1.6664999723434448,1.69474995136261,286260000
2016-10-10,1.649916410446167,1.6775000095367432,1.6890000104904177,1.6617499589920044,1.6799999475479126,287876000
2016-10-11,1.6260654926300049,1.653249979019165,1.6744999885559082,1.6404999494552612,1.6720000505447388,388540000
2016-10-12,1.6334418058395386,1.6607500314712524,1.6694999933242798,1.6327500343322754,1.6464999914169312,419920000
2016-10-13,1.6068862676620483,1.6337499618530271,1.6449999809265137,1.5924999713897705,1.6412500143051147,390116000
2016-10-14,1.622622847557068,1.649749994277954,1.6649999618530271,1.6399999856948853,1.653749942779541,330636000
2016-10-17,1.6132787466049194,1.6402499675750732,1.6649999618530271,1.6380000114440918,1.649500012397766,195328000
2016-10-18,1.6378681659698486,1.665249943733215,1.6747499704360962,1.65625,1.662999987602234,269372000
2016-10-19,1.634425401687622,1.6617499589920044,1.6694999933242798,1.6454999446868896,1.6540000438690186,199060000
2016-10-20,1.66540789604187,1.6932499408721924,1.6987500190734863,1.6575000286102295,1.681249976158142,312084000
2016-10-21,1.6607353687286377,1.6885000467300415,1.691499948501587,1.6725000143051147,1.687250018119812,279508000
2016-10-24,1.738682508468628,1.7677500247955322,1.7697499990463257,1.6997499465942385,1.7000000476837158,339836000
2016-10-25,1.7672055959701538,1.7967499494552612,1.807500004768372,1.756250023841858,1.7647500038146973,397460000
2016-10-26,1.7743364572525024,1.8040000200271609,1.8237500190734863,1.7799999713897705,1.781749963760376,333792000
2016-10-27,1.7379449605941772,1.7669999599456787,1.821249961853028,1.7597500085830688,1.8177499771118164,388664000
2016-10-28,1.7349940538406372,1.7640000581741333,1.8025000095367432,1.7607500553131104,1.7755000591278076,290856000
2016-10-31,1.7497479915618896,1.7790000438690186,1.7907500267028809,1.7687499523162842,1.7697499990463257,252388000
2016-11-01,1.6978651285171509,1.7262500524520874,1.7952500581741333,1.7072499990463257,1.7855000495910645,473224000
2016-11-02,1.6907343864440918,1.718999981880188,1.7630000114440918,1.715999960899353,1.7395000457763672,295848000
2016-11-03,1.67106294631958,1.6990000009536743,1.7285000085830688,1.6660000085830688,1.7269999980926514,309664000
2016-11-04,1.6614737510681152,1.6892499923706057,1.718250036239624,1.6644999980926514,1.687749981880188,328780000
2016-11-07,1.75245201587677,1.781749963760376,1.7929999828338623,1.7374999523162842,1.7387499809265137,487580000
2016-11-08,1.7497479915618896,1.7790000438690186,1.7942500114440918,1.7625000476837158,1.78849995136261,429884000
2016-11-09,1.720240831375122,1.7489999532699585,1.7725000381469729,1.718000054359436,1.7307499647140503,456532000
2016-11-10,1.6663910150527954,1.694249987602234,1.787500023841858,1.6690000295639038,1.78725004196167,869280000
2016-11-11,2.1630876064300537,2.1992499828338623,2.219249963760376,1.962499976158142,1.9877500534057613,2175344000
2016-11-14,2.056617498397827,2.0910000801086426,2.204750061035156,2.0905001163482666,2.2022500038146973,1348796000
2016-11-15,2.119318962097168,2.154750108718872,2.1862499713897705,2.098249912261963,2.107249975204468,626092000
2016-11-16,2.2530834674835205,2.290750026702881,2.313999891281128,2.158750057220459,2.183500051498413,987984000
2016-11-17,2.271770715713501,2.3097500801086426,2.369750022888184,2.266249895095825,2.30774998664856,832988000
2016-11-18,2.295621871948242,2.3340001106262207,2.35824990272522,2.2950000762939453,2.3097500801086426,576060000
2016-11-21,2.286278247833252,2.32450008392334,2.358750104904175,2.309999942779541,2.352250099182129,436436000
2016-11-22,2.302752017974853,2.341249942779541,2.3434998989105225,2.309499979019165,2.3324999809265137,330368000
2016-11-23,2.3140814304351807,2.349250078201294,2.3812499046325684,2.3192501068115234,2.3429999351501465,443236000
2016-11-25,2.318758964538574,2.3540000915527344,2.377500057220459,2.335249900817871,2.3605000972747803,195564000
2016-11-28,2.317528009414673,2.352750062942505,2.368499994277954,2.3399999141693115,2.346750020980835,278736000
2016-11-29,2.29634976387024,2.331249952316284,2.361000061035156,2.313250064849853,2.3499999046325684,444568000
2016-11-30,2.2704923152923584,2.305000066757202,2.3540000915527344,2.302500009536743,2.3399999141693115,440500000
2016-12-01,2.1581997871398926,2.190999984741211,2.3042500019073486,2.119250059127808,2.302500009536743,1035524000
2016-12-02,2.1781458854675293,2.211250066757202,2.220000028610229,2.128000020980835,2.15625,478292000
2016-12-05,2.2626121044158936,2.296999931335449,2.3152499198913574,2.2249999046325684,2.2497498989105225,602284000
2016-12-06,2.299798011779785,2.334749937057495,2.343250036239624,2.289249897003174,2.3052499294281006,498796000
2016-12-07,2.3411684036254883,2.376749992370605,2.382499933242798,2.302500009536743,2.321000099182129,480804000
2016-12-08,2.302014112472534,2.336999893188477,2.415499925613404,2.3262500762939453,2.3797500133514404,381544000
2016-12-09,2.261134624481201,2.2955000400543213,2.356750011444092,2.267750024795532,2.3550000190734863,382312000
2016-12-12,2.206219434738159,2.2397499084472656,2.2487499713897705,2.188499927520752,2.2462499141693115,601332000
2016-12-13,2.2451276779174805,2.279249906539917,2.307250022888184,2.251250028610229,2.252249956130981,387796000
2016-12-14,2.375152587890625,2.411250114440918,2.4277501106262207,2.289249897003174,2.313499927520752,983980000
2016-12-15,2.430806398391724,2.467750072479248,2.498500108718872,2.414999961853028,2.422499895095825,746548000
2016-12-16,2.472670555114746,2.5102500915527344,2.5174999237060547,2.4432499408721924,2.4957499504089355,1089528000
2016-12-19,2.502713680267334,2.540750026702881,2.5612499713897705,2.4749999046325684,2.492500066757202,744656000
2016-12-20,2.589888334274292,2.6292500495910645,2.653249979019165,2.602999925613404,2.614500045776367,848056000
2016-12-21,2.606142044067383,2.645750045776367,2.648750066757202,2.592750072479248,2.6410000324249268,576136000
2016-12-22,2.637662887573242,2.6777501106262207,2.721750020980835,2.663249969482422,2.6705000400543213,718612000
2016-12-23,2.703413248062134,2.744499921798706,2.746000051498413,2.656749963760376,2.6594998836517334,647692000
2016-12-27,2.88909125328064,2.933000087738037,2.934000015258789,2.7804999351501465,2.801500082015991,1194272000
2016-12-28,2.690361738204956,2.731250047683716,2.9982500076293945,2.717250108718872,2.990000009536743,2295764000
2016-12-29,2.7440459728240967,2.785749912261963,2.78725004196167,2.569999933242798,2.622499942779541,2175368000
2016-12-30,2.628551483154297,2.6684999465942383,2.7980000972747803,2.657500028610229,2.783750057220459,1212932000
2017-01-03,2.512071371078491,2.5502500534057617,2.659250020980835,2.484499931335449,2.609999895095825,1501996000
2017-01-04,2.570680618286133,2.6097500324249268,2.637500047683716,2.538249969482422,2.5850000381469727,1199220000
2017-01-05,2.505422830581665,2.5434999465942383,2.6454999446868896,2.526249885559082,2.6132500171661377,984296000
2017-01-06,2.538914442062378,2.577500104904175,2.606250047683716,2.5299999713897705,2.571249961853028,822856000
2017-01-09,2.6418490409851074,2.681999921798706,2.700000047683716,2.587500095367432,2.587500095367432,916248000
2017-01-10,2.621902704238892,2.661750078201294,2.729749917984009,2.640749931335449,2.6952500343322754,880920000
2017-01-11,2.5896425247192383,2.628999948501587,2.6549999713897705,2.603749990463257,2.650000095367432,525664000
2017-01-12,2.54728627204895,2.5859999656677246,2.617500066757202,2.540499925613404,2.60575008392334,625616000
2017-01-13,2.5470402240753174,2.585750102996826,2.625,2.576499938964844,2.5899999141693115,457820000
2017-01-17,2.489908456802368,2.527750015258789,2.5799999237060547,2.5142500400543213,2.575000047683716,580612000
2017-01-18,2.535219669342041,2.5737500190734863,2.580749988555908,2.477750062942505,2.50600004196167,654424000
2017-01-19,2.5896425247192383,2.628999948501587,2.6614999771118164,2.57450008392334,2.5767500400543213,644872000
2017-01-20,2.561321973800659,2.600250005722046,2.6700000762939453,2.578000068664551,2.6519999504089355,492024000
2017-01-23,2.587918758392334,2.627249956130981,2.6475000381469727,2.5924999713897705,2.595000028610229,369904000
2017-01-24,2.643079996109009,2.6832499504089355,2.689500093460083,2.622499942779541,2.637500047683716,428052000
2017-01-25,2.6544077396392822,2.6947500705718994,2.7325000762939453,2.658250093460083,2.726249933242798,522760000
2017-01-26,2.700212001800537,2.7412500381469727,2.7487499713897705,2.6675000190734863,2.697499990463257,458800000
2017-01-27,2.7524185180664062,2.794250011444092,2.7972500324249268,2.721250057220459,2.7482500076293945,471996000
2017-01-30,2.7093238830566406,2.750499963760376,2.77524995803833,2.6977500915527344,2.7730000019073486,496004000
2017-01-31,2.688637971878052,2.7295000553131104,2.751250028610229,2.7049999237060547,2.723750114440918,362756000
2017-02-01,2.806102991104126,2.848750114440918,2.852999925613404,2.746500015258789,2.76449990272522,590004000
2017-02-02,2.8415632247924805,2.88474988937378,2.8935000896453857,2.801500082015991,2.8324999809265137,483240000
2017-02-03,2.8166911602020264,2.859499931335449,2.8975000381469727,2.8475000858306885,2.8862500190734863,372744000
2017-02-06,2.888845205307007,2.93274998664856,2.9332499504089355,2.8499999046325684,2.8499999046325684,506768000
2017-02-07,2.9336631298065186,2.978250026702881,3.0230000019073486,2.947499990463257,2.9674999713897705,746224000
2017-02-08,2.920858860015869,2.965250015258789,2.982749938964844,2.9094998836517334,2.9600000381469727,449580000
2017-02-09,2.86594295501709,2.9094998836517334,2.9765000343322754,2.890000104904175,2.9714999198913574,842568000
2017-02-10,2.797976493835449,2.8405001163482666,3.0174999237060547,2.815000057220459,2.9982500076293945,1651092000
2017-02-13,2.6689374446868896,2.7095000743865967,2.8494999408721924,2.7049999237060547,2.834749937057495,1180724000
2017-02-14,2.678788423538208,2.719500064849853,2.7537500858306885,2.657249927520752,2.6997499465942383,850632000
2017-02-15,2.6842048168182373,2.7249999046325684,2.744999885559082,2.694000005722046,2.7225000858306885,373020000
2017-02-16,2.641109704971313,2.681250095367432,2.736000061035156,2.6414999961853027,2.7347500324249268,647176000
2017-02-17,2.640617847442627,2.680749893188477,2.6852500438690186,2.619750022888184,2.6675000190734863,563740000
2017-02-21,2.735180616378784,2.776750087738037,2.780750036239624,2.7054998874664307,2.705749988555908,551952000
2017-02-22,2.7309882640838623,2.7690000534057617,2.7950000762939453,2.7497498989105225,2.7855000495910645,433772000
2017-02-23,2.4777626991271973,2.5122499465942383,2.659749984741211,2.492000102996826,2.637500047683716,1592888000
2017-02-24,2.501680612564087,2.5364999771118164,2.549999952316284,2.3924999237060547,2.4267499446868896,1029904000
2017-02-27,2.5744175910949707,2.6102499961853027,2.625499963760376,2.5390000343322754,2.555000066757202,715400000
2017-02-28,2.502173900604248,2.5369999408721924,2.630000114440918,2.5195000171661377,2.619999885559082,625360000
2017-03-01,2.534473657608032,2.5697500705718994,2.609250068664551,2.527750015258789,2.594749927520752,504804000
2017-03-02,2.441024780273437,2.4749999046325684,2.571000099182129,2.472249984741211,2.556750059127808,754332000
2017-03-03,2.426969528198242,2.460750102996826,2.469249963760376,2.4054999351501465,2.464250087738037,864692000
2017-03-06,2.408231258392334,2.4417500495910645,2.452500104904175,2.3792500495910645,2.424000024795532,883568000
2017-03-07,2.4346141815185547,2.4684998989105225,2.4882500171661377,2.4287500381469727,2.4417500495910645,603400000
2017-03-08,2.430175542831421,2.46399998664856,2.532500028610229,2.461750030517578,2.5174999237060547,638712000
2017-03-09,2.429682493209839,2.463500022888184,2.4862499237060547,2.434999942779541,2.4477500915527344,478060000
2017-03-10,2.4439830780029297,2.477999925613404,2.502249956130981,2.4595000743865967,2.4902501106262207,499740000
2017-03-13,2.5112969875335693,2.546250104904175,2.556250095367432,2.4877500534057617,2.4885001182556152,774136000
2017-03-14,2.509570598602295,2.5445001125335693,2.5687499046325684,2.5117499828338623,2.5592501163482666,522016000
2017-03-15,2.528557062149048,2.563750028610229,2.5747499465942383,2.507999897003174,2.556250095367432,615036000
2017-03-16,2.559623956680298,2.595249891281128,2.595750093460083,2.5602500438690186,2.57450008392334,523100000
2017-03-17,2.6153481006622314,2.651750087738037,2.6530001163482666,2.595249891281128,2.61299991607666,1119688000
2017-03-20,2.698688268661499,2.7362499237060547,2.7402501106262207,2.653249979019165,2.6695001125335693,748568000
2017-03-21,2.611403465270996,2.647749900817871,2.749000072479248,2.6397500038146973,2.71875,913484000
2017-03-22,2.6646618843078613,2.7017500400543213,2.7065000534057617,2.632499933242798,2.6364998817443848,616764000
2017-03-23,2.640498399734497,2.6772499084472656,2.71399998664856,2.6675000190734863,2.6937499046325684,533940000
2017-03-24,2.649867057800293,2.6867499351501465,2.732249975204468,2.6605000495910645,2.724250078201294,439500000
2017-03-27,2.669100046157837,2.706249952316284,2.710249900817871,2.5894999504089355,2.63949990272522,506644000
2017-03-28,2.655292272567749,2.6922500133514404,2.722249984741211,2.681750059127808,2.7074999809265137,432444000
2017-03-29,2.646662950515747,2.683500051498413,2.712249994277954,2.681250095367432,2.6997499465942383,349992000
2017-03-30,2.697455406188965,2.734999895095825,2.75,2.684999942779541,2.6907498836517334,525532000
2017-03-31,2.6858668327331543,2.723249912261963,2.7472500801086426,2.7100000381469727,2.725250005722046,440808000
2017-04-03,2.672305107116699,2.7095000743865967,2.7412500381469727,2.685499906539917,2.723750114440918,445232000
2017-04-04,2.484913825988769,2.5195000171661377,2.6105000972747803,2.508500099182129,2.5850000381469727,1271280000
2017-04-05,2.466421842575073,2.500750064849853,2.5592501163482666,2.487499952316284,2.500499963760376,747048000
2017-04-06,2.4844210147857666,2.5190000534057617,2.53125,2.460249900817871,2.50600004196167,635120000
2017-04-07,2.473817586898804,2.508249998092652,2.54325008392334,2.493000030517578,2.525500059127808,429068000
2017-04-10,2.4106967449188232,2.4442501068115234,2.515749931335449,2.440000057220459,2.509000062942505,756332000
2017-04-11,2.4193265438079834,2.453000068664551,2.4725000858306885,2.408750057220459,2.413749933242798,618148000
2017-04-12,2.399354934692383,2.43274998664856,2.4674999713897705,2.427500009536743,2.453000068664551,414092000
2017-04-13,2.3544788360595703,2.3872499465942383,2.4302499294281006,2.3872499465942383,2.408250093460083,506892000
2017-04-17,2.446695327758789,2.48075008392334,2.4809999465942383,2.3949999809265137,2.40024995803833,497292000
2017-04-18,2.448174476623535,2.482249975204468,2.4885001182556152,2.440000057220459,2.466249942779541,370116000
2017-04-19,2.4577908515930176,2.492000102996826,2.524499893188477,2.4852499961853027,2.5,380828000
2017-04-20,2.4967496395111084,2.531500101089477,2.536250114440918,2.4852499961853027,2.5067501068115234,404016000
2017-04-21,2.5071053504943848,2.5420000553131104,2.544749975204468,2.509000062942505,2.5209999084472656,341896000
2017-04-24,2.538419008255005,2.5737500190734863,2.586999893188477,2.5527501106262207,2.5739998817443848,371820000
2017-04-25,2.5825557708740234,2.618499994277954,2.633249998092652,2.5667500495910645,2.588500022888184,388440000
2017-04-26,2.564802408218384,2.6005001068115234,2.63474988937378,2.5985000133514404,2.6322500705718994,327004000
2017-04-27,2.6047465801239014,2.6410000324249268,2.649499893188477,2.589750051498413,2.6080000400543213,319700000
2017-04-28,2.571705341339112,2.6075000762939453,2.6410000324249268,2.601749897003174,2.634000062942505,348248000
2017-05-01,2.629402875900269,2.66599988937378,2.671250104904175,2.6112499237060547,2.618499994277954,307732000
2017-05-02,2.5514869689941406,2.586999893188477,2.640000104904175,2.563999891281128,2.6387500762939453,629972000
2017-05-03,2.5704731941223145,2.606250047683716,2.615999937057495,2.565000057220459,2.5799999237060547,336904000
2017-05-04,2.560610055923462,2.596250057220459,2.6237499713897705,2.588249921798706,2.612499952316284,209788000
2017-05-05,2.560856819152832,2.5964999198913574,2.603749990463257,2.5687499046325684,2.5845000743865967,228428000
2017-05-08,2.5339810848236084,2.5692501068115234,2.609999895095825,2.55774998664856,2.6085000038146973,365240000
2017-05-09,2.538171768188477,2.573499917984009,2.6232500076293945,2.566499948501587,2.575000047683716,847672000
2017-05-10,2.9906249046325684,3.032249927520752,3.0455000400543213,2.8505001068115234,2.857249975204468,2129096000
2017-05-11,3.119087219238281,3.1624999046325684,3.2607500553131104,2.9977500438690186,3.001250028610229,1939792000
2017-05-12,3.153359651565552,3.19724988937378,3.240000009536743,3.1445000171661377,3.165750026702881,962620000
2017-05-15,3.3116567134857178,3.357749938964844,3.3602499961853027,3.234499931335449,3.239000082015991,1087540000
2017-05-16,3.3732988834381104,3.420249938964844,3.436000108718872,3.3340001106262207,3.4094998836517334,1120700000
2017-05-17,3.149168968200684,3.193000078201294,3.371500015258789,3.188750028610229,3.352499961853028,1271368000
2017-05-18,3.281083345413208,3.3267500400543213,3.335750102996826,3.1762499809265137,3.237499952316284,1156032000
2017-05-19,3.356858730316162,3.400000095367432,3.4554998874664307,3.380500078201294,3.4257500171661377,1018372000
2017-05-22,3.428438901901245,3.4725000858306885,3.486999988555908,3.4332499504089355,3.4442501068115234,836608000
2017-05-23,3.38228178024292,3.4257500171661377,3.494750022888184,3.392750024795532,3.492500066757202,681248000
2017-05-24,3.420292615890503,3.464250087738037,3.526750087738037,3.45199990272522,3.5239999294281006,815996000
2017-05-25,3.412641763687134,3.4565000534057617,3.500750064849853,3.4110000133514404,3.5,608228000
2017-05-26,3.5010056495666504,3.5460000038146973,3.631999969482422,3.4277501106262207,3.4482500553131104,779140000
2017-05-30,3.5757946968078613,3.6217501163482666,3.657249927520752,3.5762500762939453,3.5924999713897705,989652000
2017-05-31,3.5629594326019287,3.608750104904175,3.674999952316284,3.5512499809265137,3.667249917984009,887316000
2017-06-01,3.563206672668457,3.608999967575073,3.6257500648498535,3.562999963760376,3.6247498989105225,503340000
2017-06-02,3.5454351902008057,3.5910000801086426,3.632499933242798,3.5850000381469727,3.6059999465942383,487456000
2017-06-05,3.6532986164093018,3.7002499103546143,3.713249921798706,3.562750101089477,3.57450008392334,817376000
2017-06-06,3.636760234832764,3.683500051498413,3.7422499656677246,3.670000076293945,3.695499897003174,758728000
2017-06-07,3.6806962490081774,3.7279999256134033,3.746999979019165,3.692500114440918,3.708250045776367,612612000
2017-06-08,3.947764158248901,3.998500108718872,4.0,3.794749975204468,3.8364999294281006,1161744000
2017-06-09,3.692544221878052,3.740000009536743,4.212500095367432,3.5687499046325684,4.118500232696533,3692928000
2017-06-12,3.701676845550537,3.7492499351501465,3.7925000190734863,3.5527501106262207,3.6470000743865967,1697532000
2017-06-13,3.736973285675049,3.785000085830689,3.869250059127808,3.641249895095825,3.859999895095825,1672504000
2017-06-14,3.7448713779449454,3.7929999828338623,3.8515000343322754,3.712500095367432,3.788000106811523,1184640000
2017-06-15,3.760915756225586,3.8092501163482666,3.839999914169312,3.662499904632568,3.674000024795532,963824000
2017-06-16,3.742403030395508,3.7904999256134033,3.867500066757202,3.75600004196167,3.819000005722046,924960000
2017-06-19,3.8830950260162354,3.933000087738037,3.9382500648498535,3.8315000534057617,3.835249900817871,778176000
2017-06-20,3.877417802810669,3.9272499084472656,4.043499946594238,3.92300009727478,3.975749969482422,1095444000
2017-06-21,3.936163902282715,3.986749887466431,3.990499973297119,3.892499923706055,3.955250024795532,682652000
2017-06-22,3.909013032913208,3.959249973297119,4.008500099182129,3.934999942779541,3.994999885559082,469132000
2017-06-23,3.796953439712525,3.845750093460083,3.983000040054321,3.830499887466431,3.9670000076293945,1088588000
2017-06-26,3.755486249923706,3.8037500381469727,3.9149999618530273,3.708250045776367,3.878999948501587,1063960000
2017-06-27,3.618002653121948,3.6644999980926514,3.794749975204468,3.658750057220459,3.78600001335144,999492000
2017-06-28,3.745612144470215,3.793750047683716,3.798500061035156,3.643749952316284,3.733000040054321,994948000
2017-06-29,3.620470762252808,3.6670000553131104,3.767999887466431,3.601999998092652,3.765000104904175,1064424000
2017-06-30,3.5681426525115967,3.614000082015991,3.6982500553131104,3.587500095367432,3.684499979019165,731060000
2017-07-03,3.439051389694214,3.48324990272522,3.641249895095825,3.4644999504089355,3.6262500286102295,709072000
2017-07-05,3.530872106552124,3.5762500762939453,3.6054999828338623,3.528249979019165,3.547499895095825,820188000
2017-07-06,3.5414857864379883,3.586999893188477,3.634500026702881,3.49399995803833,3.546750068664551,746284000
2017-07-07,3.622445583343506,3.6689999103546143,3.6875,3.621249914169312,3.6445000171661377,654972000
2017-07-10,3.7937440872192383,3.8424999713897705,3.849999904632568,3.7170000076293945,3.743499994277954,958492000
2017-07-11,3.84755277633667,3.8970000743865967,3.904750108718872,3.8037500381469727,3.846250057220459,757956000
2017-07-12,4.011198997497559,4.062749862670898,4.074999809265137,3.9140000343322754,3.9574999809265137,1145208000
2017-07-13,3.9647955894470215,4.015749931335449,4.15749979019165,3.96875,4.074999809265137,1369132000
2017-07-14,4.071425437927246,4.12375020980835,4.125249862670898,4.02524995803833,4.032249927520752,941948000
2017-07-17,4.054146766662598,4.106249809265137,4.1875,4.043749809265137,4.158249855041504,930792000
2017-07-18,4.096354007720947,4.14900016784668,4.163750171661377,4.03249979019165,4.04449987411499,776640000
2017-07-19,4.075126647949219,4.127500057220459,4.184999942779541,4.115250110626221,4.158249855041504,687044000
2017-07-20,4.134366512298584,4.1875,4.187749862670898,4.097750186920166,4.148250102996826,699596000
2017-07-21,4.149174690246582,4.202499866485596,4.232500076293945,4.152249813079834,4.166749954223633,648332000
2017-07-24,4.101044654846191,4.153749942779541,4.2195000648498535,4.14300012588501,4.209750175476074,652524000
2017-07-25,4.081297874450684,4.133749961853027,4.148250102996826,4.089499950408936,4.130499839782715,496556000
2017-07-26,4.128442287445068,4.18149995803833,4.2482500076293945,4.146249771118164,4.191999912261963,640404000
2017-07-27,3.9921934604644775,4.043499946594238,4.218500137329102,3.938999891281128,4.20674991607666,782856000
2017-07-28,4.0576019287109375,4.109749794006348,4.134500026702881,3.982000112533569,4.00724983215332,513348000
2017-07-31,4.011198997497559,4.062749862670898,4.159999847412109,4.015500068664551,4.123499870300293,559672000
2017-08-01,4.060070514678955,4.112249851226807,4.113999843597412,4.025000095367432,4.053249835968018,431384000
2017-08-02,4.0576019287109375,4.109749794006348,4.147749900817871,4.031750202178955,4.143750190734863,478444000
2017-08-03,4.109189033508301,4.162000179290772,4.165750026702881,4.0920000076293945,4.109250068664551,442420000
2017-08-04,4.127206325531006,4.18025016784668,4.2517499923706055,4.162000179290772,4.184999942779541,589096000
2017-08-07,4.254076957702637,4.308750152587891,4.309249877929688,4.199999809265137,4.209750175476074,717412000
2017-08-08,4.20347785949707,4.257500171661377,4.363999843597412,4.217750072479248,4.347249984741211,755336000
2017-08-09,4.248153209686279,4.302750110626221,4.30525016784668,4.1917500495910645,4.210750102996826,530784000
2017-08-10,4.066240787506104,4.118500232696533,4.316500186920166,4.108250141143799,4.303999900817871,1328088000
2017-08-11,3.8495261669158936,3.8989999294281006,3.974999904632568,3.8227500915527344,3.928499937057495,1497196000
2017-08-14,4.156581401824951,4.210000038146973,4.213749885559082,3.9800000190734863,3.9917500019073486,1279020000
2017-08-15,4.121529579162598,4.174499988555908,4.2417497634887695,4.139750003814697,4.215250015258789,764532000
2017-08-16,4.07636022567749,4.128749847412109,4.213500022888184,4.0960001945495605,4.1897501945495605,596632000
2017-08-17,3.9855294227600098,4.036749839782715,4.137499809265137,4.0345001220703125,4.120250225067139,525444000
2017-08-18,3.986270904541016,4.037499904632568,4.109000205993652,3.990999937057495,4.091750144958496,601204000
2017-08-21,3.9282655715942383,3.978749990463257,4.073750019073486,3.9342501163482666,4.062250137329102,623672000
2017-08-22,4.015716552734375,4.06374979019165,4.06974983215332,3.9927499294281006,4.012249946594238,450456000
2017-08-23,4.096007823944092,4.144999980926514,4.15625,4.021249771118164,4.03000020980835,579520000
2017-08-24,4.08093786239624,4.129749774932861,4.182000160217285,4.103000164031982,4.177499771118164,469700000
2017-08-25,4.046847820281982,4.095250129699707,4.164500236511231,4.088749885559082,4.154250144958496,357200000
2017-08-28,4.075504302978516,4.1242499351501465,4.127500057220459,4.058249950408936,4.114500045776367,389496000
2017-08-29,4.068833351135254,4.117499828338623,4.139500141143799,4.05649995803833,4.0647501945495605,324096000
2017-08-30,4.093044757843018,4.142000198364258,4.153250217437744,4.106750011444092,4.137499809265137,384400000
2017-08-31,4.185931205749512,4.236000061035156,4.239999771118164,4.15500020980835,4.162499904632568,612684000
2017-09-01,4.211131572723389,4.261499881744385,4.297500133514404,4.239999771118164,4.24875020980835,445432000
2017-09-05,4.098726272583008,4.147749900817871,4.214499950408936,4.089000225067139,4.209499835968018,695364000
2017-09-06,4.096255779266357,4.145249843597412,4.195000171661377,4.110000133514404,4.181000232696533,397672000
2017-09-07,4.115278720855713,4.164500236511231,4.197249889373779,4.12375020980835,4.16225004196167,352868000
2017-09-08,4.043881416320801,4.092249870300293,4.167749881744385,4.067749977111816,4.152750015258789,498856000
2017-09-11,4.175062656402588,4.224999904632568,4.235750198364258,4.132999897003174,4.138500213623047,567444000
2017-09-12,4.190132141113281,4.240250110626221,4.25,4.17425012588501,4.25,411488000
2017-09-13,4.208908081054688,4.259250164031982,4.28849983215332,4.182000160217285,4.214749813079834,580960000
2017-09-14,4.184943675994873,4.235000133514404,4.314000129699707,4.195000171661377,4.219749927520752,513712000
2017-09-15,4.449530124664307,4.502749919891357,4.502749919891357,4.316249847412109,4.321499824523926,1364792000
2017-09-18,4.633330821990967,4.68874979019165,4.78000020980835,4.621500015258789,4.628499984741211,1684460000
2017-09-19,4.628389835357666,4.683750152587891,4.746250152587891,4.615499973297119,4.637750148773193,874280000
2017-09-20,4.591087341308594,4.645999908447266,4.735499858856201,4.605249881744385,4.6875,724920000
2017-09-21,4.4655866622924805,4.519000053405762,4.567500114440918,4.440249919891357,4.540999889373779,1075600000
2017-09-22,4.422107219696045,4.474999904632568,4.557750225067139,4.465000152587891,4.507500171661377,491232000
2017-09-25,4.224473476409912,4.275000095367432,4.445000171661377,4.254000186920166,4.443749904632568,874580000
2017-09-26,4.248187065124512,4.298999786376953,4.4670000076293945,4.258749961853027,4.411250114440918,1125620000
2017-09-27,4.341324806213379,4.393249988555908,4.406750202178955,4.318749904632568,4.390500068664551,713720000
2017-09-28,4.340087890625,4.392000198364258,4.4045000076293945,4.343999862670898,4.4004998207092285,435244000
2017-09-29,4.416425704956055,4.469250202178955,4.493249893188477,4.431250095367432,4.477000236511231,619092000
2017-10-02,4.422107219696045,4.474999904632568,4.549499988555908,4.425000190734863,4.519999980926514,503480000
2017-10-03,4.431248188018799,4.484250068664551,4.514500141143799,4.439499855041504,4.481249809265137,390332000
2017-10-04,4.46830415725708,4.521749973297119,4.544250011444092,4.453499794006348,4.490499973297119,427848000
2017-10-05,4.465835094451904,4.51924991607666,4.550000190734863,4.488999843597412,4.546500205993652,437364000
2017-10-06,4.478928089141846,4.53249979019165,4.546000003814697,4.474999904632568,4.491250038146973,318800000
2017-10-09,4.579968929290772,4.634749889373779,4.66825008392334,4.550749778747559,4.56974983215332,563492000
2017-10-10,4.667423248291016,4.723249912261963,4.823750019073486,4.68149995803833,4.785749912261963,974876000
2017-10-11,4.717081069946289,4.773499965667725,4.775000095367432,4.69350004196167,4.739999771118164,529508000
2017-10-12,4.719304084777832,4.775750160217285,4.827250003814697,4.7482500076293945,4.776999950408936,528292000
2017-10-13,4.807251930236816,4.864749908447266,4.875,4.791250228881836,4.838749885559082,628728000
2017-10-16,4.889765739440918,4.948249816894531,4.951250076293945,4.830999851226807,4.894999980926514,576640000
2017-10-17,4.885316371917725,4.943749904632568,4.972499847412109,4.908750057220459,4.927249908447266,478596000
2017-10-18,4.881118297576904,4.939499855041504,4.953499794006348,4.833000183105469,4.952750205993652,567316000
2017-10-19,4.886553287506104,4.945000171661377,4.949999809265137,4.81125020980835,4.861000061035156,570772000
2017-10-20,4.86431884765625,4.922500133514404,4.989749908447266,4.91349983215332,4.962250232696533,451620000
2017-10-23,4.857402324676514,4.915500164031982,4.971250057220459,4.894999980926514,4.944499969482422,428696000
2017-10-24,4.908291816711426,4.9670000076293945,4.96875,4.898499965667725,4.924749851226807,407244000
2017-10-25,4.784276962280273,4.84149980545044,4.980500221252441,4.779250144958496,4.927000045776367,828160000
2017-10-26,4.834427356719971,4.892250061035156,4.90399980545044,4.845250129699707,4.869500160217285,322744000
2017-10-27,4.986852645874023,5.046500205993652,5.046750068664551,4.918749809265137,4.945000171661377,572192000
2017-10-30,5.035768032073975,5.0960001945495605,5.152249813079834,5.0304999351501465,5.046500205993652,504056000
2017-10-31,5.109141826629639,5.170249938964844,5.197249889373779,5.122499942779541,5.1282501220703125,411908000
2017-11-01,5.118775844573975,5.179999828338623,5.2492499351501465,5.114999771118164,5.233749866485596,502576000
2017-11-02,5.087646961212158,5.148499965667725,5.195250034332275,5.091249942779541,5.150000095367432,342308000
2017-11-03,5.155585765838623,5.217249870300293,5.217249870300293,5.133500099182129,5.179999828338623,353640000
2017-11-06,5.178806304931641,5.240749835968018,5.249499797821045,5.167500019073486,5.179999828338623,389944000
2017-11-07,5.238097667694092,5.300749778747559,5.322500228881836,5.251500129699707,5.263750076293945,427700000
2017-11-08,5.167195796966553,5.229000091552734,5.300000190734863,5.181000232696533,5.296249866485596,522988000
2017-11-09,5.072330951690674,5.132999897003174,5.158249855041504,5.009250164031982,5.131750106811523,978564000
2017-11-10,5.339634418487549,5.403500080108643,5.466750144958496,5.290750026702881,5.327000141143799,1253256000
2017-11-13,5.252921581268311,5.3157501220703125,5.4292497634887695,5.300250053405762,5.403500080108643,582376000
2017-11-14,5.2912116050720215,5.354499816894531,5.369999885559082,5.280749797821045,5.324999809265137,529292000
2017-11-15,5.187452793121338,5.249499797821045,5.300000190734863,5.195000171661377,5.298749923706055,501948000
2017-11-16,5.227720737457275,5.290249824523926,5.355000019073486,5.28125,5.32450008392334,441768000
2017-11-17,5.221545219421387,5.283999919891357,5.383749961853027,5.268750190734863,5.3480000495910645,515664000
2017-11-20,5.288742542266846,5.352000236511231,5.364250183105469,5.262499809265137,5.299749851226807,396100000
2017-11-21,5.337409973144531,5.401249885559082,5.413000106811523,5.360000133514404,5.392250061035156,399176000
2017-11-22,5.313431262969971,5.3732500076293945,5.425000190734863,5.340250015258789,5.425000190734863,356640000
2017-11-24,5.363615036010742,5.423999786376953,5.425000190734863,5.364999771118164,5.389750003814697,180752000
2017-11-27,5.293899059295654,5.353499889373779,5.434000015258789,5.350249767303467,5.432750225067139,422896000
2017-11-28,5.209104061126709,5.267749786376953,5.368249893188477,5.205999851226807,5.358749866485596,512752000
2017-11-29,4.855832099914551,4.9105000495910645,5.252999782562256,4.780749797821045,5.250249862670898,1396788000
2017-11-30,4.961887359619141,5.017749786376953,5.066999912261963,4.916250228881836,4.980000019073486,823768000
2017-12-01,4.886980056762695,4.941999912261963,5.0032501220703125,4.8117499351501465,4.982749938964844,811548000
2017-12-04,4.614546775817871,4.666500091552734,5.007500171661377,4.612500190734863,5.00124979019165,1240844000
2017-12-05,4.641248226165772,4.69350004196167,4.817500114440918,4.514500141143799,4.559999942779541,981488000
2017-12-06,4.6788249015808105,4.731500148773193,4.753499984741211,4.620999813079834,4.642499923706055,467032000
2017-12-07,4.746314525604248,4.799749851226807,4.840000152587891,4.752999782562256,4.798999786376953,542600000
2017-12-08,4.733954906463623,4.78725004196167,4.869500160217285,4.778749942779541,4.850249767303467,466876000
2017-12-11,4.81232213973999,4.866499900817871,4.869500160217285,4.7855000495910645,4.801499843597412,372748000
2017-12-12,4.71788501739502,4.770999908447266,4.8460001945495605,4.747250080108643,4.822500228881836,455016000
2017-12-13,4.602682113647461,4.6545000076293945,4.81374979019165,4.646999835968018,4.8125,554280000
2017-12-14,4.609850883483887,4.661749839782715,4.733500003814697,4.614999771118164,4.6479997634887695,438164000
2017-12-15,4.735683917999268,4.789000034332275,4.809500217437744,4.640500068664551,4.706250190734863,670036000
2017-12-18,4.892419815063477,4.947500228881836,4.950500011444092,4.800000190734863,4.829999923706055,477704000
2017-12-19,4.84816837310791,4.902750015258789,4.943250179290772,4.874000072479248,4.938000202178955,373100000
2017-12-20,4.865226745605469,4.920000076293945,4.951749801635742,4.863749980926514,4.942500114440918,288820000
2017-12-21,4.842729091644287,4.897250175476074,4.948750019073486,4.888750076293945,4.923500061035156,300904000
2017-12-22,4.827402114868164,4.881750106811523,4.891250133514404,4.78125,4.860000133514404,466276000
2017-12-26,4.881048202514648,4.935999870300293,4.943749904632568,4.795499801635742,4.82574987411499,355080000
2017-12-27,4.874372482299805,4.9292497634887695,4.9992499351501465,4.907750129699707,4.922500133514404,329488000
2017-12-28,4.880059719085693,4.934999942779541,4.984499931335449,4.928750038146973,4.953249931335449,240248000
2017-12-29,4.78364372253418,4.837500095367432,4.96150016784668,4.837500095367432,4.96150016784668,279964000
2018-01-02,4.928267002105713,4.983749866485596,4.987500190734863,4.862500190734863,4.894499778747559,355616000
2018-01-03,5.252614498138428,5.3117499351501465,5.34250020980835,5.09375,5.102499961853027,914704000
2018-01-04,5.280303001403809,5.339749813079834,5.451250076293945,5.317249774932861,5.394000053405762,583268000
2018-01-05,5.32504940032959,5.385000228881836,5.422749996185303,5.276999950408936,5.354750156402588,580124000
2018-01-08,5.4882121086120605,5.550000190734863,5.625,5.464499950408936,5.510000228881836,881216000
2018-01-09,5.486729145050049,5.548500061035156,5.5954999923706055,5.466000080108643,5.555500030517578,497000000
2018-01-10,5.529743671417236,5.5920000076293945,5.5954999923706055,5.400000095367432,5.454999923706055,582664000
2018-01-11,5.5396342277526855,5.602000236511231,5.656750202178955,5.580249786376953,5.625,406032000
2018-01-12,5.512439250946045,5.57450008392334,5.624750137329102,5.5335001945495605,5.590000152587891,359916000
2018-01-16,5.441487789154053,5.502749919891357,5.687749862670898,5.417250156402588,5.601250171661377,702348000
2018-01-17,5.555455207824707,5.618000030517578,5.627999782562256,5.422500133514404,5.517499923706055,538408000
2018-01-18,5.548533916473389,5.611000061035156,5.665999889373779,5.566999912261963,5.598499774932861,408632000
2018-01-19,5.688704967498779,5.752749919891357,5.777249813079834,5.675000190734863,5.702250003814697,609380000
2018-01-22,5.7772088050842285,5.842249870300293,5.843999862670898,5.702499866485596,5.760749816894531,550944000
2018-01-23,5.90625524520874,5.972750186920166,5.995749950408936,5.877500057220459,5.896249771118164,475228000
2018-01-24,5.829370498657227,5.894999980926514,6.012249946594238,5.838749885559082,5.97599983215332,579972000
2018-01-25,5.84296989440918,5.908750057220459,5.993750095367432,5.893750190734863,5.949999809265137,409884000
2018-01-26,6.01552677154541,6.083250045776367,6.083499908447266,5.940000057220459,5.953000068664551,516356000
2018-01-29,6.10254430770874,6.171249866485596,6.202750205993652,6.015250205993652,6.06850004196167,455116000
2018-01-30,6.000445365905762,6.067999839782715,6.1605000495910645,5.960249900817871,6.027750015258789,570832000
2018-01-31,6.076589584350586,6.144999980926514,6.231750011444092,6.111249923706055,6.14424991607666,478576000
2018-02-01,5.945563793182373,6.012499809265137,6.172500133514404,5.951499938964844,5.9629998207092285,519224000
2018-02-02,5.773005485534668,5.8379998207092285,5.949250221252441,5.779250144958496,5.925000190734863,718464000
2018-02-05,5.283021450042725,5.34250020980835,5.830749988555908,5.125,5.675000190734863,1165204000
2018-02-06,5.576716423034668,5.639500141143799,5.642499923706055,5.099999904632568,5.110000133514404,1114800000
2018-02-07,5.656320095062256,5.71999979019165,5.8742499351501465,5.667500019073486,5.739500045776367,802932000
2018-02-08,5.37746000289917,5.438000202178955,5.880499839782715,5.437749862670898,5.8470001220703125,1144000000
2018-02-09,5.737408638000488,5.802000045776367,5.972249984741211,5.438000202178955,5.956250190734863,1674604000
2018-02-12,5.637284278869629,5.70074987411499,5.88700008392334,5.6257500648498535,5.883999824523926,1093172000
2018-02-13,5.751005172729492,5.8157501220703125,5.862500190734863,5.631249904632568,5.664000034332275,625524000
2018-02-14,5.968306541442871,6.0355000495910645,6.0647501945495605,5.763750076293945,5.775000095367432,744988000
2018-02-15,6.093893051147461,6.162499904632568,6.209249973297119,6.038000106811523,6.119750022888184,698900000
2018-02-16,6.028133869171143,6.0960001945495605,6.25,6.086750030517578,6.135000228881836,637656000
2018-02-20,6.157676696777344,6.227000236511231,6.296750068664551,6.114999771118164,6.118750095367432,686240000
2018-02-21,5.97053337097168,6.037749767303467,6.29925012588501,6.033999919891357,6.292250156402588,892292000
2018-02-22,5.990074634552002,6.053750038146973,6.140749931335449,5.987500190734863,6.068250179290772,534364000
2018-02-23,6.083580493927002,6.148250102996826,6.148250102996826,6.063000202178955,6.114250183105469,415300000
2018-02-26,6.099658966064453,6.164500236511231,6.19950008392334,6.101500034332275,6.195000171661377,469312000
2018-02-27,6.086795806884766,6.151500225067139,6.222750186920166,6.1282501220703125,6.137499809265137,455436000
2018-02-28,5.98636531829834,6.050000190734863,6.202499866485596,6.038249969482422,6.162499904632568,523116000
2018-03-01,5.7441887855529785,5.80525016784668,6.102250099182129,5.703000068664551,6.047749996185303,1040120000
2018-03-02,5.851300239562988,5.91349983215332,5.920000076293945,5.546249866485596,5.696499824523926,913428000
2018-03-05,5.829284191131592,5.891250133514404,5.931250095367432,5.73799991607666,5.862750053405762,620776000
2018-03-06,5.990322113037109,6.053999900817871,6.073500156402588,5.934000015258789,5.977499961853027,636808000
2018-03-07,5.982403755187988,6.046000003814697,6.098750114440918,5.948750019073486,5.949999809265137,581208000
2018-03-08,5.966080188751221,6.0295000076293945,6.073750019073486,5.984749794006348,6.073750019073486,411912000
2018-03-09,6.068738460540772,6.133250236511231,6.146249771118164,6.06125020980835,6.077499866485596,505524000
2018-03-12,6.178322792053223,6.24399995803833,6.324999809265137,6.166749954223633,6.175000190734863,605060000
2018-03-13,6.127612590789795,6.192749977111816,6.362500190734863,6.151000022888184,6.28725004196167,619772000
2018-03-14,6.153091430664063,6.218500137329102,6.263750076293945,6.1554999351501465,6.236249923706055,505496000
2018-03-15,6.167933940887451,6.233500003814697,6.315499782562256,6.190999984741211,6.232250213623047,401952000
2018-03-16,6.196133613586426,6.26200008392334,6.28125,6.211999893188477,6.25,399456000
2018-03-19,5.961626529693604,6.025000095367432,6.233749866485596,5.925000190734863,6.204500198364258,713772000
2018-03-20,6.173869609832764,6.239500045776367,6.278749942779541,6.027999877929688,6.027999877929688,554696000
2018-03-21,6.148637771606445,6.214000225067139,6.300000190734863,6.183249950408936,6.232999801635742,438688000
2018-03-22,5.982651233673096,6.046249866485596,6.197000026702881,6.008500099182129,6.150000095367432,551196000
2018-03-23,5.762988567352295,5.824250221252441,6.0625,5.813000202178955,6.059999942779541,735620000
2018-03-26,6.047711372375488,6.111999988555908,6.113249778747559,5.897500038146973,5.949999809265137,611424000
2018-03-27,5.57869815826416,5.638000011444092,6.25,5.496250152587891,6.193749904632568,1409000000
2018-03-28,5.475543975830078,5.533750057220459,5.734749794006348,5.425000190734863,5.603250026702881,945904000
2018-03-29,5.728851795196533,5.789750099182129,5.887499809265137,5.517499923706055,5.602749824523926,916628000
2018-04-02,5.468122959136963,5.526249885559082,5.866250038146973,5.4375,5.718500137329102,922092000
2018-04-03,5.57449197769165,5.633749961853027,5.758749961853027,5.533750057220459,5.695000171661377,667432000
2018-04-04,5.596507549285889,5.656000137329102,5.666500091552734,5.349999904632568,5.375249862670898,789168000
2018-04-05,5.4762864112854,5.5345001220703125,5.728250026702881,5.462250232696533,5.715000152587891,701240000
2018-04-06,5.299911022186279,5.356249809265137,5.539999961853027,5.326749801635742,5.430749893188477,662988000
2018-04-09,5.328606128692627,5.385250091552734,5.54925012588501,5.364999771118164,5.420000076293945,499524000
2018-04-10,5.637818336486816,5.697750091552734,5.724999904632568,5.56024980545044,5.618000030517578,761676000
2018-04-11,5.596507549285889,5.656000137329102,5.724500179290772,5.623000144958496,5.682750225067139,460244000
2018-04-12,5.803308486938477,5.864999771118164,5.882999897003174,5.705249786376953,5.75,593920000
2018-04-13,5.726624965667725,5.787499904632568,5.937749862670898,5.738749980926514,5.9292497634887695,503036000
2018-04-16,5.726377964019775,5.78725004196167,5.821000099182129,5.691999912261963,5.794250011444092,350792000
2018-04-17,5.876037120819092,5.938499927520752,5.960000038146973,5.783750057220459,5.840000152587891,447224000
2018-04-18,5.847094058990479,5.909249782562256,5.981249809265137,5.819250106811523,5.887499809265137,391364000
2018-04-19,5.665770530700684,5.72599983215332,5.827499866485596,5.670000076293945,5.793749809265137,471996000
2018-04-20,5.657608509063721,5.717750072479248,5.802499771118164,5.68625020980835,5.717249870300293,386200000
2018-04-23,5.538128852844238,5.5970001220703125,5.787499904632568,5.570750236511231,5.735750198364258,427508000
2018-04-24,5.471832275390625,5.53000020980835,5.71999979019165,5.464000225067139,5.623000144958496,414596000
2018-04-25,5.359527111053467,5.416500091552734,5.539500236511231,5.257500171661377,5.5,588492000
2018-04-26,5.57127571105957,5.630499839782715,5.638750076293945,5.51324987411499,5.579999923706055,375824000
2018-04-27,5.598735809326172,5.658249855041504,5.757500171661377,5.615499973297119,5.737500190734863,400848000
2018-04-30,5.563359260559082,5.622499942779541,5.724999904632568,5.603000164031982,5.674749851226807,327844000
2018-05-01,5.618770599365234,5.678500175476074,5.681250095367432,5.554999828338623,5.614250183105469,253788000
2018-05-02,5.598240375518799,5.657750129699707,5.71999979019165,5.631249904632568,5.675000190734863,268248000
2018-05-03,5.763482570648193,5.824749946594238,5.851250171661377,5.64424991607666,5.690000057220459,443144000
2018-05-04,5.913636684417725,5.976500034332275,5.979750156402588,5.778250217437744,5.795750141143799,400660000
2018-05-07,6.151607036590576,6.2170000076293945,6.274750232696533,6.072249889373779,6.082250118255615,687616000
2018-05-08,6.194154739379883,6.260000228881836,6.262750148773193,6.167749881744385,6.217249870300293,506616000
2018-05-09,6.327240467071533,6.394499778747559,6.396749973297119,6.252749919891357,6.280250072479248,596760000
2018-05-10,6.434846878051758,6.5032501220703125,6.512499809265137,6.429999828338623,6.447999954223633,994080000
2018-05-11,6.296319007873535,6.363249778747559,6.494750022888184,6.263500213623047,6.319499969482422,1214456000
2018-05-14,6.316850185394287,6.383999824523926,6.462250232696533,6.360000133514404,6.401750087738037,523140000
2018-05-15,6.074427604675293,6.138999938964844,6.322500228881836,6.037499904632568,6.31974983215332,963528000
2018-05-16,6.085558891296387,6.15024995803833,6.2129998207092285,6.062749862670898,6.099999904632568,553828000
2018-05-17,6.127612590789795,6.192749977111816,6.287499904632568,6.135749816894531,6.151999950408936,519784000
2018-05-18,6.083828926086426,6.148499965667725,6.309249877929688,6.143499851226807,6.245250225067139,483716000
2018-05-21,6.041774272918701,6.105999946594238,6.2507500648498535,6.012249946594238,6.247000217437744,640624000
2018-05-22,6.003681182861328,6.067500114440918,6.144999980926514,6.006249904632568,6.119500160217285,518264000
2018-05-23,6.127194404602051,6.188499927520752,6.1897501945495605,6.006249904632568,6.006999969482422,442956000
2018-05-24,6.130906581878662,6.192249774932861,6.235000133514404,6.13100004196167,6.184750080108643,437372000
2018-05-25,6.170262336730957,6.23199987411499,6.248499870300293,6.169000148773193,6.204999923706055,292112000
2018-05-29,6.153184413909912,6.214749813079834,6.2835001945495605,6.167500019073486,6.213749885559082,352684000
2018-05-30,6.262094974517822,6.324749946594238,6.333499908447266,6.223750114440918,6.24875020980835,390996000
2018-05-31,6.242292404174805,6.304749965667725,6.380000114440918,6.281750202178955,6.292500019073486,493868000
2018-06-01,6.376697540283203,6.440499782562256,6.446750164031982,6.341249942779541,6.349999904632568,421968000
2018-06-04,6.555656909942627,6.621250152587891,6.643499851226807,6.442500114440918,6.474999904632568,642024000
2018-06-05,6.561103820800781,6.6267499923706055,6.664750099182129,6.579249858856201,6.624499797821045,391712000
2018-06-06,6.563084125518799,6.628749847412109,6.631999969482422,6.51924991607666,6.535749912261963,371356000
2018-06-07,6.50739049911499,6.572500228881836,6.63700008392334,6.481249809265137,6.625,369448000
2018-06-08,6.492043495178223,6.557000160217285,6.599999904632568,6.480000019073486,6.499000072479248,360456000
2018-06-11,6.450954437255859,6.515500068664551,6.586249828338623,6.502500057220459,6.544250011444092,265372000
2018-06-12,6.499468803405762,6.564499855041504,6.576749801635742,6.491499900817871,6.542250156402588,319160000
2018-06-13,6.495012283325195,6.559999942779541,6.641749858856201,6.550749778747559,6.565999984741211,338208000
2018-06-14,6.606646060943604,6.672749996185303,6.730000019073486,6.590499877929688,6.605500221252441,430016000
2018-06-15,6.565804958343506,6.631499767303467,6.686999797821045,6.583749771118164,6.614999771118164,432260000
2018-06-18,6.561598777770996,6.6272501945495605,6.644999980926514,6.559500217437744,6.586999893188477,356268000
2018-06-19,6.439815998077393,6.5042500495910645,6.591000080108643,6.375500202178955,6.5229997634887695,594932000
2018-06-20,6.492786407470703,6.557750225067139,6.611249923706055,6.506999969482422,6.545750141143799,369780000
2018-06-21,6.364074230194092,6.427750110626221,6.608500003814697,6.420000076293945,6.590000152587891,359516000
2018-06-22,6.211598873138428,6.273749828338623,6.462250232696533,6.258250236511231,6.448750019073486,434160000
2018-06-25,5.918778419494629,5.978000164031982,6.170000076293945,5.888500213623047,6.166250228881836,665816000
2018-06-26,5.989818572998047,6.049749851226807,6.141250133514404,5.99774980545044,6.09250020980835,478884000
2018-06-27,5.834620952606201,5.89300012588501,6.160749912261963,5.887499809265137,6.09375,453892000
2018-06-28,5.961849212646484,6.021500110626221,6.0335001945495605,5.875249862670898,5.882999897003174,338012000
2018-06-29,5.863829135894775,5.922500133514404,6.099999904632568,5.921249866485596,6.087250232696533,392300000
2018-07-02,5.996006488800049,6.056000232696533,6.059750080108643,5.831500053405762,5.852250099182129,357572000
2018-07-03,5.862343788146973,5.921000003814697,6.0970001220703125,5.912499904632568,6.091000080108643,222732000
2018-07-05,6.008134841918945,6.068250179290772,6.073249816894531,5.9375,5.976749897003174,306216000
2018-07-06,6.121995449066162,6.183249950408936,6.1917500495910645,6.021999835968018,6.043499946594238,296352000
2018-07-09,6.169520378112793,6.231249809265137,6.26800012588501,6.151750087738037,6.258250236511231,303880000
2018-07-10,6.268529891967773,6.331250190734863,6.353499889373779,6.203000068664551,6.243750095367432,360016000
2018-07-11,6.126946926116943,6.1882500648498535,6.272500038146973,6.177499771118164,6.237500190734863,367508000
2018-07-12,6.218530178070068,6.280749797821045,6.329249858856201,6.223999977111816,6.234000205993652,345508000
2018-07-13,6.171250820159912,6.232999801635742,6.299499988555908,6.190499782562256,6.299499988555908,246988000
2018-07-16,6.14353084564209,6.204999923706055,6.258500099182129,6.192500114440918,6.204999923706055,197036000
2018-07-17,6.279421329498291,6.342249870300293,6.357500076293945,6.129499912261963,6.155250072479248,362136000
2018-07-18,6.230163097381592,6.292500019073486,6.348750114440918,6.241000175476074,6.334750175476074,277640000
2018-07-19,6.2383317947387695,6.300749778747559,6.334750175476074,6.258250236511231,6.273499965667725,235752000
2018-07-20,6.210114479064941,6.272250175476074,6.337500095367432,6.261250019073486,6.298250198364258,222352000
2018-07-23,6.173480987548828,6.235249996185303,6.247250080108643,6.081999778747559,6.245500087738037,301584000
2018-07-24,6.156154155731201,6.217750072479248,6.371250152587891,6.199999809265137,6.283750057220459,354620000
2018-07-25,6.234372138977051,6.296750068664551,6.309500217437744,6.168749809265137,6.227250099182129,319112000
2018-07-26,6.307886123657227,6.370999813079834,6.408249855041504,6.259500026702881,6.276500225067139,325124000
2018-07-27,6.23808479309082,6.30049991607666,6.414999961853027,6.245999813079834,6.4079999923706055,295420000
2018-07-30,6.042788982391357,6.103250026702881,6.320750236511231,6.067999839782715,6.3147501945495605,340340000
2018-07-31,6.060857772827148,6.121500015258789,6.197000026702881,6.053500175476074,6.092750072479248,283988000
2018-08-01,6.100708484649658,6.161749839782715,6.209000110626221,6.097249984741211,6.153250217437744,283556000
2018-08-02,6.203429222106934,6.265500068664551,6.269499778747559,6.030250072479248,6.089749813079834,269668000
2018-08-03,6.240065097808838,6.302499771118164,6.326499938964844,6.273250102996826,6.290249824523926,214288000
2018-08-06,6.28783655166626,6.350749969482422,6.354249954223633,6.24275016784668,6.289750099182129,207508000
2018-08-07,6.360112190246582,6.423749923706055,6.442500114440918,6.373000144958496,6.400000095367432,258132000
2018-08-08,6.396499633789063,6.4604997634887695,6.50600004196167,6.389750003814697,6.425000190734863,262100000
2018-08-09,6.3479838371276855,6.411499977111816,6.481249809265137,6.403749942779541,6.478499889373779,204280000
2018-08-10,6.306648254394531,6.369750022888184,6.402500152587891,6.317500114440918,6.328750133514404,256396000
2018-08-13,6.339568614959717,6.402999877929688,6.525000095367432,6.3767499923706055,6.378499984741211,375208000
2018-08-14,6.471002578735352,6.535749912261963,6.550000190734863,6.42549991607666,6.509500026702881,466220000
2018-08-15,6.412837028503418,6.477000236511231,6.591000080108643,6.397500038146973,6.5567498207092285,591136000
2018-08-16,6.372241973876953,6.435999870300293,6.550000190734863,6.375249862670898,6.547500133514404,801260000
2018-08-17,6.059868812561035,6.120500087738037,6.324250221252441,6.093249797821045,6.323500156402588,1143188000
2018-08-20,6.134620189666748,6.196000099182129,6.329999923706055,5.9679999351501465,6.079500198364258,854388000
2018-08-21,6.270262241363525,6.333000183105469,6.337500095367432,6.192500114440918,6.212500095367432,673988000
2018-08-22,6.505409240722656,6.570499897003174,6.575500011444092,6.296500205993652,6.300000190734863,749856000
2018-08-23,6.604913711547852,6.671000003814697,6.736999988555908,6.517499923706055,6.531499862670898,720684000
2018-08-24,6.738081932067871,6.805500030517578,6.820250034332275,6.675000190734863,6.679500102996826,531512000
2018-08-27,6.829170227050781,6.897500038146973,6.972499847412109,6.803750038146973,6.8354997634887695,505776000
2018-08-28,6.791546821594238,6.859499931335449,6.914500236511231,6.738249778747559,6.891499996185303,475384000
2018-08-29,6.897050380706787,6.962250232696533,6.987500190734863,6.827000141143799,6.8480000495910645,420108000
2018-08-30,6.880208969116211,6.945250034332275,7.043000221252441,6.9079999923706055,6.930749893188477,346608000
2018-08-31,6.951287269592285,7.017000198364258,7.03000020980835,6.914999961853027,6.925000190734863,306592000
2018-09-04,7.026081085205078,7.09250020980835,7.130499839782715,6.974999904632568,7.003749847412109,391720000
2018-09-05,6.895314693450928,6.9604997634887695,7.110499858856201,6.878749847412109,7.074749946594238,393156000
2018-09-06,6.754151821136475,6.817999839782715,6.946499824523926,6.784749984741211,6.943999767303467,322796000
2018-09-07,6.732851982116699,6.796500205993652,6.923250198364258,6.679749965667725,6.724999904632568,295420000
2018-09-10,6.803929805755615,6.868249893188477,6.898250102996826,6.775000095367432,6.819250106811523,220140000
2018-09-11,6.756130695343018,6.820000171661377,6.909999847412109,6.80049991607666,6.821499824523926,243112000
2018-09-12,6.642208576202393,6.704999923706055,6.799499988555908,6.547999858856201,6.779749870300293,419092000
2018-09-13,6.719972610473633,6.7835001945495605,6.875,6.754000186920166,6.771500110626221,305536000
2018-09-14,6.846031665802002,6.910749912261963,6.977499961853027,6.837500095367432,6.874750137329102,386936000
2018-09-17,6.784117698669434,6.848249912261963,6.934500217437744,6.828750133514404,6.885000228881836,205528000
2018-09-18,6.712048053741455,6.7754998207092285,6.955999851226807,6.768750190734863,6.852250099182129,299520000
2018-09-19,6.735822677612305,6.799499988555908,6.817500114440918,6.706250190734863,6.756750106811523,224860000
2018-09-20,6.594659328460693,6.6570000648498535,6.718999862670898,6.602499961853027,6.676249980926514,430584000
2018-09-21,6.524569988250732,6.586249828338623,6.715000152587891,6.552750110626221,6.669000148773193,435128000
2018-09-24,6.580295085906982,6.642499923706055,6.645999908447266,6.4670000076293945,6.554999828338623,293912000
2018-09-25,6.647409915924072,6.710249900817871,6.735499858856201,6.62274980545044,6.709249973297119,280388000
2018-09-26,6.610507965087891,6.672999858856201,6.75600004196167,6.6570000648498535,6.715250015258789,268548000
2018-09-27,6.622395992279053,6.684999942779541,6.730000019073486,6.653250217437744,6.708499908447266,214428000
2018-09-28,6.959706783294678,7.0254998207092285,7.047999858856201,6.789999961853027,6.818250179290772,709396000
2018-10-01,7.16625452041626,7.234000205993652,7.301499843597412,7.065000057220459,7.104000091552734,622060000
2018-10-02,7.094929218292236,7.162000179290772,7.318999767303467,7.139500141143799,7.206250190734863,383964000
2018-10-03,7.101120471954346,7.16825008392334,7.240499973297119,7.0632500648498535,7.232999801635742,320552000
2018-10-04,6.916862487792969,6.982250213623047,7.15625,6.9045000076293945,7.131750106811523,391220000
2018-10-05,6.683319091796875,6.746500015258789,7.019999980926514,6.688499927520752,6.957250118255615,426636000
2018-10-08,6.582027435302734,6.64424991607666,6.77899980545044,6.501999855041504,6.662499904632568,408612000
2018-10-09,6.57633113861084,6.638500213623047,6.718999862670898,6.570000171661377,6.623499870300293,273500000
2018-10-10,6.084727764129639,6.142250061035156,6.577750205993652,6.139999866485596,6.531499862670898,684940000
2018-10-11,5.823201656341553,5.8782501220703125,6.189000129699707,5.856500148773193,6.0542497634887695,725436000
2018-10-12,6.105778694152832,6.16349983215332,6.238500118255615,5.991250038146973,6.137750148773193,608236000
2018-10-15,5.829392433166504,5.884500026702881,6.150000095367432,5.883500099182129,6.150000095367432,449760000
2018-10-16,6.088195323944092,6.145750045776367,6.1570000648498535,5.948500156402588,5.9982500076293945,408712000
2018-10-17,6.019592761993408,6.076499938964844,6.247000217437744,6.026999950408936,6.208499908447266,329668000
2018-10-18,5.932170391082764,5.988249778747559,6.18524980545044,5.927249908447266,6.146500110626221,524020000
2018-10-19,5.675595760345459,5.729249954223633,6.06374979019165,5.692500114440918,6.044000148773193,613608000
2018-10-22,5.7263665199279785,5.7804999351501465,5.882999897003174,5.676750183105469,5.7820000648498535,368844000
2018-10-23,5.474745750427246,5.526500225067139,5.604750156402588,5.417749881744385,5.510749816894531,626436000
2018-10-24,4.938564777374268,4.985249996185303,5.534749984741211,4.971250057220459,5.487750053405762,884288000
2018-10-25,5.147340297698975,5.196000099182129,5.243750095367432,4.8420000076293945,4.886750221252441,951720000
2018-10-26,4.91082763671875,4.957250118255615,5.120999813079834,4.828000068664551,4.957749843597412,664784000
2018-10-29,4.597042560577393,4.640500068664551,5.103250026702881,4.40024995803833,5.09975004196167,758016000
2018-10-30,5.027472972869873,5.074999809265137,5.085000038146973,4.640500068664551,4.663750171661377,807192000
2018-10-31,5.221389293670654,5.270750045776367,5.3147501945495605,5.100249767303467,5.241250038146973,745772000
2018-11-01,5.401686668395996,5.452750205993652,5.462250232696533,5.179749965667725,5.307499885559082,566528000
2018-11-02,5.322683334350586,5.373000144958496,5.550000190734863,5.255249977111816,5.443250179290772,452960000
2018-11-05,5.244670867919922,5.294250011444092,5.383250236511231,5.131999969482422,5.359749794006348,379332000
2018-11-06,5.227087020874023,5.276500225067139,5.371250152587891,5.238999843597412,5.286250114440918,299012000
2018-11-07,5.294696807861328,5.344749927520752,5.43524980545044,5.2795000076293945,5.34375,483812000
2018-11-08,5.1015238761901855,5.149750232696533,5.285749912261963,5.095749855041504,5.284999847412109,511352000
2018-11-09,5.093597412109375,5.141749858856201,5.232999801635742,5.026000022888184,5.059999942779541,413240000
2018-11-12,4.694124698638916,4.738500118255615,5.071750164031982,4.71649980545044,5.049499988555908,617116000
2018-11-13,4.936087131500244,4.982749938964844,5.105249881744385,4.830999851226807,4.837250232696533,644712000
2018-11-14,4.883583545684815,4.929749965667725,5.171999931335449,4.820750236511231,5.15749979019165,526580000
2018-11-15,5.01236629486084,5.059750080108643,5.132500171661377,4.887499809265137,4.923749923706055,840708000
2018-11-16,4.072253227233887,4.110750198364258,4.266499996185303,4.040249824523926,4.083000183105469,1963520000
2018-11-19,3.583622455596924,3.617500066757202,4.045499801635742,3.6157500743865967,4.044750213623047,1697820000
2018-11-20,3.692097425460816,3.7269999980926514,3.8564999103546143,3.332750082015991,3.3515000343322754,1692032000
2018-11-21,3.583869457244873,3.6177499294281006,3.882499933242798,3.590250015258789,3.865499973297119,1025496000
2018-11-23,3.591051816940308,3.625,3.7397499084472656,3.5697500705718994,3.582750082015991,411968000
2018-11-26,3.7904186248779297,3.826250076293945,3.836750030517578,3.6640000343322754,3.7472500801086426,814832000
2018-11-27,3.8072586059570312,3.843250036239624,3.9252500534057617,3.763750076293945,3.799999952316284,738060000
2018-11-28,3.9642739295959473,4.0017499923706055,4.006999969482422,3.828249931335449,3.961999893188477,804524000
2018-11-29,3.9010586738586426,3.934000015258789,4.037499904632568,3.9035000801086426,4.0,549172000
2018-11-30,4.051536560058594,4.085750102996826,4.096499919891357,3.892999887466431,3.943749904632568,729564000
2018-12-03,4.2154035568237305,4.250999927520752,4.367000102996826,4.183499813079834,4.315000057220459,890804000
2018-12-04,3.894859790802002,3.9277501106262207,4.210999965667725,3.912499904632568,4.205999851226807,812112000
2018-12-06,3.924113988876343,3.9572501182556152,3.962249994277954,3.770250082015991,3.78600001335144,692308000
2018-12-07,3.659349203109741,3.690249919891357,3.971750020980835,3.640500068664551,3.9614999294281006,681676000
2018-12-10,3.764709234237671,3.796499967575073,3.821500062942505,3.641249895095825,3.6449999809265137,629472000
2018-12-11,3.6737277507781982,3.704750061035156,3.897249937057495,3.625,3.888999938964844,671912000
2018-12-12,3.691329002380371,3.722500085830689,3.819499969482422,3.620500087738037,3.7105000019073486,654136000
2018-12-13,3.691081285476685,3.722249984741211,3.8345000743865967,3.686000108718872,3.7697501182556152,471384000
2018-12-14,3.6305923461914062,3.661250114440918,3.764750003814697,3.637500047683716,3.6802499294281006,471820000
2018-12-17,3.5594425201416016,3.5894999504089355,3.703749895095825,3.5309998989105225,3.63100004196167,662868000
2018-12-18,3.642739534378052,3.673500061035156,3.7582499980926514,3.606250047683716,3.6337499618530273,564372000
2018-12-19,3.433753490447998,3.46274995803833,3.69350004196167,3.410749912261963,3.63949990272522,745364000
2018-12-20,3.349217653274536,3.377500057220459,3.5450000762939453,3.3172500133514404,3.4542500972747803,749588000
2018-12-21,3.212125301361084,3.2392499446868896,3.4375,3.2114999294281006,3.404249906539917,863740000
2018-12-24,3.150397300720215,3.177000045776367,3.249500036239624,3.112499952316284,3.16225004196167,463840000
2018-12-26,3.2996368408203125,3.327500104904175,3.3285000324249268,3.111500024795532,3.2235000133514404,695100000
2018-12-27,3.2517902851104736,3.279249906539917,3.309499979019165,3.129499912261963,3.274749994277954,637044000
2018-12-28,3.313271760940552,3.341249942779541,3.4347500801086426,3.2577500343322754,3.299999952316284,628728000
2018-12-31,3.3095529079437256,3.337500095367432,3.4177498817443848,3.30649995803833,3.384999990463257,465140000
2019-01-02,3.376983642578125,3.4054999351501465,3.461999893188477,3.251250028610229,3.2660000324249268,508752000
2019-01-03,3.172957181930542,3.1997499465942383,3.378999948501587,3.1922500133514404,3.344749927520752,705552000
2019-01-04,3.376239538192749,3.404750108718872,3.4432499408721924,3.242500066757202,3.2734999656677246,585620000
2019-01-07,3.554980516433716,3.5850000381469727,3.6222500801086426,3.410749912261963,3.462500095367432,709160000
2019-01-08,3.4664769172668457,3.4957499504089355,3.669500112533569,3.422499895095825,3.667249917984009,786016000
2019-01-09,3.5346524715423584,3.564500093460083,3.6122500896453857,3.496500015258789,3.547499895095825,617260000
2019-01-10,3.60034704208374,3.630749940872192,3.63949990272522,3.483999967575073,3.5450000762939453,523156000
2019-01-11,3.68959379196167,3.720750093460083,3.743750095367432,3.580250024795532,3.60824990272522,874764000
2019-01-14,3.729507446289064,3.760999917984009,3.786499977111816,3.64424991607666,3.6679999828338623,730168000
2019-01-15,3.715376377105713,3.7467501163482666,3.833750009536743,3.728250026702881,3.7939999103546143,617012000
2019-01-16,3.689841270446777,3.720999956130981,3.807499885559082,3.7155001163482666,3.774250030517578,470104000
2019-01-17,3.7612383365631104,3.7929999828338623,3.833250045776367,3.660249948501587,3.6877501010894775,493436000
2019-01-18,3.8903980255126953,3.923249959945679,3.94950008392334,3.791249990463257,3.843250036239624,651336000
2019-01-22,3.688105821609497,3.719249963760376,3.9045000076293945,3.6887500286102295,3.892750024795532,661552000
2019-01-23,3.70099663734436,3.732249975204468,3.864500045776367,3.700750112533569,3.775000095367432,591020000
2019-01-24,3.9129581451416016,3.946000099182129,3.963749885559082,3.8127501010894775,3.817500114440918,708972000
2019-01-25,3.9702236652374254,4.003749847412109,4.021999835968018,3.7825000286102295,3.885999917984009,1154572000
2019-01-28,3.4213595390319824,3.4502499103546143,3.54099988937378,3.275000095367432,3.413749933242798,2511528000
2019-01-29,3.262451410293579,3.289999961853028,3.452500104904175,3.27524995803833,3.403749942779541,1153932000
2019-01-30,3.4059884548187256,3.4347500801086426,3.4492499828338623,3.2864999771118164,3.3667500019073486,974228000
2019-01-31,3.5636563301086426,3.59375,3.62975001335144,3.4094998836517334,3.43149995803833,842852000
2019-02-01,3.587952136993408,3.618249893188477,3.669749975204468,3.564500093460083,3.612499952316284,625048000
2019-02-04,3.6982712745666495,3.7295000553131104,3.766999959945679,3.611999988555908,3.6342499256134033,528592000
2019-02-05,3.717358350753784,3.7487499713897705,3.785749912261963,3.7074999809265137,3.741499900817871,542424000
2019-02-06,3.7929701805114746,3.825000047683716,3.890000104904175,3.776750087738037,3.782249927520752,702464000
2019-02-07,3.65463924407959,3.685499906539917,3.7804999351501465,3.642250061035156,3.778249979019165,637120000
2019-02-08,3.673232078552246,3.70425009727478,3.714999914169312,3.603250026702881,3.6177499294281006,461604000
2019-02-11,3.6305923461914062,3.661250114440918,3.714499950408936,3.612499952316284,3.659749984741211,495180000
2019-02-12,3.747603178024292,3.779249906539917,3.795000076293945,3.685499906539917,3.700000047683716,591060000
2019-02-13,3.789996385574341,3.822000026702881,3.895750045776367,3.795249938964844,3.809000015258789,605372000
2019-02-14,3.830900430679321,3.8632500171661377,3.89175009727478,3.777499914169312,3.821000099182129,827264000
2019-02-15,3.900562286376953,3.933500051498413,4.096749782562256,3.910500049591065,4.073750019073486,1516748000
2019-02-19,3.883208513259888,3.9159998893737793,3.9972500801086426,3.9035000801086426,3.922749996185303,551892000
2019-02-20,3.9305593967437744,3.963749885559082,4.031499862670898,3.9342501163482666,3.945499897003174,540988000
2019-02-21,3.86164116859436,3.89424991607666,4.00124979019165,3.879499912261963,3.9765000343322754,448548000
2019-02-22,3.946424722671509,3.979749917984009,3.9987499713897705,3.93274998664856,3.946500062942505,401740000
2019-02-25,3.934030055999756,3.967250108718872,4.131999969482422,3.9584999084472656,4.064000129699707,656020000
2019-02-26,3.894612073898315,3.927500009536743,4.019000053405762,3.893749952316284,3.962500095367432,488464000
2019-02-27,3.852716445922852,3.8852500915527344,3.939749956130981,3.827749967575073,3.913000106811523,500256000
2019-02-28,3.8281478881835938,3.8564999103546143,3.8975000381469727,3.8340001106262207,3.875,324944000
2019-03-01,3.882496118545532,3.911250114440918,3.953749895095825,3.848000049591065,3.906749963760376,357188000
2019-03-04,3.8906853199005127,3.919500112533569,3.973000049591065,3.862499952316284,3.950000047683716,409992000
2019-03-05,3.88423228263855,3.913000106811523,3.951499938964844,3.848999977111816,3.903749942779541,362924000
2019-03-06,3.77330470085144,3.8012499809265137,3.912499904632568,3.798500061035156,3.9040000438690186,403524000
2019-03-07,3.704067707061768,3.7314999103546143,3.78725004196167,3.684999942779541,3.777499914169312,450104000
2019-03-08,3.7383134365081774,3.766000032424927,3.776750087738037,3.619999885559082,3.641499996185303,422416000
2019-03-11,3.9988839626312256,4.028500080108643,4.051499843597412,3.7422499656677246,3.789750099182129,859728000
2019-03-12,4.033130645751953,4.063000202178955,4.109749794006348,3.979749917984009,4.05649995803833,579576000
2019-03-13,4.184509754180908,4.215499877929688,4.244999885559082,4.093249797821045,4.100749969482422,768900000
2019-03-14,4.108572006225586,4.138999938964844,4.23675012588501,4.131249904632568,4.22475004196167,519384000
2019-03-15,4.214039325714111,4.245250225067139,4.288249969482422,4.178999900817871,4.182499885559082,661484000
2019-03-18,4.1926984786987305,4.223750114440918,4.331250190734863,4.196499824523926,4.276999950408936,486992000
2019-03-19,4.360455989837647,4.392749786376953,4.4375,4.302000045776367,4.318999767303467,854972000
2019-03-20,4.327948570251465,4.360000133514404,4.475749969482422,4.324999809265137,4.421999931335449,719148000
2019-03-21,4.564693450927734,4.598499774932861,4.625,4.3782501220703125,4.383250236511231,824312000
2019-03-22,4.404877185821533,4.4375,4.619999885559082,4.423500061035156,4.571000099182129,747644000
2019-03-25,4.312560558319092,4.3445000648498535,4.461249828338623,4.277750015258789,4.396500110626221,525212000
2019-03-26,4.389243125915527,4.421750068664551,4.543749809265137,4.364999771118164,4.487249851226807,703508000
2019-03-27,4.38006067276001,4.412499904632568,4.4942498207092285,4.34250020980835,4.447500228881836,474372000
2019-03-28,4.398673057556152,4.431250095367432,4.497499942779541,4.377749919891357,4.43874979019165,480264000
2019-03-29,4.455997943878174,4.488999843597412,4.513500213623047,4.447750091552734,4.498499870300293,456896000
2019-04-01,4.523499965667725,4.557000160217285,4.587500095367432,4.509250164031982,4.581500053405762,483824000
2019-04-02,4.541365146636963,4.574999809265137,4.619750022888184,4.538000106811523,4.581250190734863,440920000
2019-04-03,4.680831909179688,4.715499877929688,4.775000095367432,4.619999885559082,4.625,783504000
2019-04-04,4.671899318695068,4.706500053405762,4.7492499351501465,4.643249988555908,4.699999809265137,457376000
2019-04-05,4.738655090332031,4.773749828338623,4.791250228881836,4.713250160217285,4.75,481744000
2019-04-08,4.759500503540039,4.794750213623047,4.820000171661377,4.71875,4.743000030517578,424192000
2019-04-09,4.696714878082275,4.731500148773193,4.772250175476074,4.689000129699707,4.761000156402588,439972000
2019-04-10,4.767192363739014,4.802499771118164,4.828499794006348,4.726250171661377,4.73075008392334,444772000
2019-04-11,4.753297328948975,4.78849983215332,4.836750030517578,4.738749980926514,4.804999828338623,374600000
2019-04-12,4.715328216552734,4.750249862670898,4.831500053405762,4.741499900817871,4.827499866485596,471708000
2019-04-15,4.583552837371826,4.617499828338623,4.747499942779541,4.577499866485596,4.742499828338623,440092000
2019-04-16,4.670656681060791,4.705249786376953,4.724249839782715,4.624000072479248,4.6570000648498535,394964000
2019-04-17,4.647828578948975,4.682250022888184,4.761499881744385,4.659749984741211,4.740499973297119,351004000
2019-04-18,4.623260021209717,4.65749979019165,4.723249912261963,4.629499912261963,4.689000129699707,380988000
2019-04-22,4.677111625671387,4.711750030517578,4.727499961853027,4.602000236511231,4.633749961853027,279936000
2019-04-23,4.731705665588379,4.766749858856201,4.798250198364258,4.715250015258789,4.724999904632568,346856000
2019-04-24,4.744115352630615,4.779250144958496,4.820250034332275,4.716000080108643,4.777249813079834,318204000
2019-04-25,4.638397216796875,4.672749996185303,4.761250019073486,4.59250020980835,4.738749980926514,499296000
2019-04-26,4.419519424438477,4.452250003814697,4.522250175476074,4.332499980926514,4.517749786376953,868988000
2019-04-29,4.450290679931641,4.483250141143799,4.511250019073486,4.387499809265137,4.460249900817871,391920000
2019-04-30,4.491734027862549,4.525000095367432,4.550749778747559,4.43149995803833,4.45074987411499,362920000
2019-05-01,4.478582382202148,4.511750221252441,4.620250225067139,4.511499881744385,4.577750205993652,354280000
2019-05-02,4.54608154296875,4.579750061035156,4.621749877929688,4.478000164031982,4.521500110626221,394684000
2019-05-03,4.541613578796387,4.575250148773193,4.598249912261963,4.51324987411499,4.588250160217285,336824000
2019-05-06,4.463195323944092,4.496250152587891,4.508500099182129,4.349999904632568,4.387499809265137,422176000
2019-05-07,4.295935153961182,4.327750205993652,4.447500228881836,4.279250144958496,4.447500228881836,555220000
2019-05-08,4.316035270690918,4.3480000495910645,4.428750038146973,4.288000106811523,4.300000190734863,419168000
2019-05-09,4.223470687866211,4.254749774932861,4.288249969482422,4.135000228881836,4.278500080108643,660248000
2019-05-10,4.189471244812012,4.2204999923706055,4.289750099182129,4.099999904632568,4.223750114440918,569500000
2019-05-13,3.932129144668579,3.961250066757202,4.110750198364258,3.9452500343322754,4.087500095367432,656912000
2019-05-14,4.021218299865723,4.051000118255615,4.08650016784668,3.962249994277954,4.00124979019165,524880000
2019-05-15,3.9601705074310303,3.989500045776367,4.026249885559082,3.9352500438690186,3.994999885559082,502320000
2019-05-16,3.975307703018189,4.004749774932861,4.047749996185303,3.941250085830689,3.983999967575073,781088000
2019-05-17,3.8844804763793945,3.913249969482422,4.092750072479248,3.873500108718872,3.962500095367432,1022068000
2019-05-20,3.765859365463257,3.793750047683716,3.869250059127808,3.768749952316284,3.8137500286102295,572064000
2019-05-21,3.848001003265381,3.876499891281128,3.892499923706055,3.815999984741211,3.8550000190734863,361848000
2019-05-22,3.777026414871216,3.805000066757202,3.8637499809265137,3.7939999103546143,3.837500095367432,325868000
2019-05-23,3.655923366546631,3.683000087738037,3.7422499656677246,3.6227500438690186,3.7422499656677246,591844000
2019-05-24,3.602072238922119,3.628750085830689,3.737499952316284,3.621999979019165,3.70199990272522,357584000
2019-05-28,3.5569064617156982,3.583250045776367,3.679500102996826,3.581249952316284,3.6465001106262207,428356000
2019-05-29,3.482706308364868,3.508500099182129,3.570499897003174,3.4735000133514404,3.535249948501587,559800000
2019-05-30,3.456123113632202,3.477750062942505,3.543750047683716,3.439249992370605,3.5077500343322754,394300000
2019-05-31,3.365440607070923,3.3864998817443848,3.4962499141693115,3.38474988937378,3.428499937057495,389720000
2019-06-03,3.323702096939087,3.344500064849853,3.4367499351501465,3.315000057220459,3.397749900817871,478644000
2019-06-04,3.55276870727539,3.575000047683716,3.580250024795532,3.3867499828338623,3.4089999198913574,641836000
2019-06-05,3.510035514831543,3.532000064849853,3.654750108718872,3.495500087738037,3.649250030517578,511616000
2019-06-06,3.5721468925476074,3.594500064849853,3.619250059127808,3.533750057220459,3.536250114440918,408140000
2019-06-07,3.614879608154297,3.637500047683716,3.671999931335449,3.581249952316284,3.6005001068115234,348856000
2019-06-10,3.687673807144165,3.710750102996826,3.779750108718872,3.694000005722046,3.694000005722046,402780000
2019-06-11,3.7453131675720215,3.768749952316284,3.809000015258789,3.7290000915527344,3.7709999084472656,383872000
2019-06-12,3.632270336151123,3.6549999713897705,3.731250047683716,3.639750003814697,3.724999904632568,358892000
2019-06-13,3.683450698852539,3.7065000534057617,3.724999904632568,3.659499883651733,3.6772499084472656,308080000
2019-06-14,3.5935137271881104,3.615999937057495,3.6372499465942383,3.571000099182129,3.6127500534057617,394428000
2019-06-17,3.603203296661377,3.6257500648498535,3.663000106811523,3.591249942779541,3.6142499446868896,276040000
2019-06-18,3.798232316970825,3.822000026702881,3.877749919891357,3.676500082015991,3.6875,581920000
2019-06-19,3.8041951656341553,3.828000068664551,3.86899995803833,3.8017499446868896,3.857500076293945,331644000
2019-06-20,3.828542470932007,3.8524999618530273,3.933249950408936,3.838000059127808,3.919250011444092,350168000
2019-06-21,3.770406246185303,3.7939999103546143,3.88700008392334,3.787499904632568,3.837500095367432,434428000
2019-06-24,3.79276704788208,3.816499948501587,3.846250057220459,3.767999887466431,3.815500020980835,282948000
2019-06-25,3.763449907302856,3.786999940872192,3.8970000743865967,3.784250020980835,3.821500062942505,311868000
2019-06-26,3.956740379333496,3.9814999103546143,4.043000221252441,3.902250051498413,3.915250062942505,584072000
2019-06-27,4.055372714996338,4.080749988555908,4.099999904632568,4.031499862670898,4.067749977111816,445440000
2019-06-28,4.0802178382873535,4.10575008392334,4.134250164031982,4.058750152587891,4.125,397668000
2019-07-01,4.128416061401367,4.154250144958496,4.348750114440918,4.116499900817871,4.3142499923706055,709756000
2019-07-02,4.030528545379639,4.055749893188477,4.158750057220459,4.042500019073486,4.137499809265137,400228000
2019-07-03,4.043447494506836,4.068749904632568,4.085000038146973,4.008500099182129,4.079249858856201,246636000
2019-07-05,3.980839490890503,4.005750179290772,4.014500141143799,3.941999912261963,4.010000228881836,396552000
2019-07-08,3.90580940246582,3.9302499294281006,3.964750051498413,3.900000095367432,3.9457499980926514,329788000
2019-07-09,3.908293247222901,3.93274998664856,3.9609999656677246,3.875,3.8877499103546143,342860000
2019-07-10,3.976615905761719,4.001500129699707,4.059249877929688,3.962500095367432,3.9765000343322754,452076000
2019-07-11,4.131149768829346,4.1570000648498535,4.197999954223633,4.037499904632568,4.074999809265137,682560000
2019-07-12,4.164192199707031,4.190249919891357,4.261750221252441,4.184999942779541,4.184999942779541,506392000
2019-07-15,4.155745506286621,4.1817498207092285,4.227749824523926,4.153250217437744,4.21150016784668,289840000
2019-07-16,4.15102481842041,4.177000045776367,4.204249858856201,4.120999813079834,4.166749954223633,341444000
2019-07-17,4.216365337371826,4.24275016784668,4.249750137329102,4.149250030517578,4.178750038146973,348204000
2019-07-18,4.228042125701904,4.254499912261963,4.317749977111816,4.196249961853027,4.2532501220703125,442192000
2019-07-19,4.184813976287842,4.210999965667725,4.299499988555908,4.204999923706055,4.293000221252441,344896000
2019-07-22,4.256363391876221,4.2829999923706055,4.296000003814697,4.224999904632568,4.232500076293945,315940000
2019-07-23,4.364191055297852,4.391499996185303,4.393499851226807,4.3067498207092285,4.322500228881836,428176000
2019-07-24,4.438723564147949,4.46649980545044,4.472249984741211,4.358500003814697,4.434999942779541,366236000
2019-07-25,4.307544708251953,4.334499835968018,4.4375,4.310999870300293,4.424749851226807,392700000
2019-07-26,4.349533081054688,4.3767499923706055,4.423749923706055,4.36175012588501,4.36175012588501,274160000
2019-07-29,4.343320846557617,4.370500087738037,4.386750221252441,4.281750202178955,4.369500160217285,248160000
2019-07-30,4.358973026275635,4.386250019073486,4.398499965667725,4.309249877929688,4.323750019073486,197772000
2019-07-31,4.191769599914551,4.2179999351501465,4.355500221252441,4.17549991607666,4.354499816894531,359416000
2019-08-01,4.097361087799072,4.123000144958496,4.319499969482422,4.070499897003174,4.228499889373779,421212000
2019-08-02,4.0046916007995605,4.029749870300293,4.099500179290772,3.982000112533569,4.029749870300293,428348000
2019-08-05,3.746307611465454,3.7697501182556152,3.846250057220459,3.722500085830689,3.8450000286102295,589156000
2019-08-06,3.785064220428467,3.808749914169312,3.890749931335449,3.7607500553131104,3.8450000286102295,361272000
2019-08-07,3.8233251571655273,3.847249984741211,3.859250068664551,3.7300000190734863,3.747499942779541,372560000
2019-08-08,3.9318959712982178,3.9565000534057617,3.957750082015991,3.847500085830689,3.905250072479248,309300000
2019-08-09,3.830531120300293,3.8545000553131104,3.918750047683716,3.8037500381469727,3.915250062942505,341816000
2019-08-12,3.762704849243164,3.786250114440918,3.8545000553131104,3.764250040054321,3.802000045776367,279200000
2019-08-13,3.876989126205444,3.901249885559082,3.947499990463257,3.745500087738037,3.784749984741211,351956000
2019-08-14,3.728419303894043,3.7517499923706055,3.8237500190734863,3.707750082015991,3.8125,419880000
2019-08-15,3.696120977401733,3.719249963760376,3.790750026702881,3.6847500801086426,3.770750045776367,477200000
2019-08-16,3.964193344116211,3.989000082015991,4.03849983215332,3.921999931335449,3.983750104904175,1007960000
2019-08-19,4.242948532104492,4.269499778747559,4.2855000495910645,4.086750030517578,4.103000164031982,815112000
2019-08-20,4.170651435852051,4.196750164031982,4.264500141143799,4.17549991607666,4.263999938964844,463188000
2019-08-21,4.254129886627197,4.280749797821045,4.336249828338623,4.241499900817871,4.26324987411499,427244000
2019-08-22,4.260340690612793,4.287000179290772,4.333250045776367,4.247499942779541,4.290500164031982,303488000
2019-08-23,4.035746574401856,4.060999870300293,4.264750003814697,4.040999889373779,4.210000038146973,568056000
2019-08-26,4.110527992248535,4.136250019073486,4.164500236511231,4.097750186920166,4.140250205993652,318208000
2019-08-27,4.019845008850098,4.045000076293945,4.177499771118164,4.015500068664551,4.174749851226807,290968000
2019-08-28,4.009401321411133,4.0304999351501465,4.083499908447266,3.974999904632568,4.014500141143799,255612000
2019-08-29,4.153144359588623,4.175000190734863,4.207499980926514,4.11899995803833,4.122499942779541,357976000
2019-08-30,4.165826320648193,4.187749862670898,4.271500110626221,4.16949987411499,4.221499919891357,290616000
2019-09-03,4.082764148712158,4.104249954223633,4.147749900817871,4.081250190734863,4.114500045776367,296140000
2019-09-04,4.196913719177246,4.218999862670898,4.226500034332275,4.165249824523926,4.165249824523926,227728000
2019-09-05,4.469977378845215,4.493500232696533,4.499750137329102,4.320000171661377,4.321750164031982,695676000
2019-09-06,4.442869186401367,4.466249942779541,4.527249813079834,4.427999973297119,4.46999979019165,376976000
2019-09-09,4.488877773284912,4.512499809265137,4.599500179290772,4.495999813079834,4.497499942779541,417524000
2019-09-10,4.5555267333984375,4.579500198364258,4.606249809265137,4.469749927520752,4.479499816894531,352812000
2019-09-11,4.584125995635986,4.608250141143799,4.656750202178955,4.565000057220459,4.594250202178955,361512000
2019-09-12,4.5826334953308105,4.606750011444092,4.710000038146973,4.598750114440918,4.65500020980835,327840000
2019-09-13,4.524688243865967,4.548500061035156,4.577000141143799,4.504499912261963,4.539750099182129,324592000
2019-09-16,4.481665134429932,4.505249977111816,4.539999961853027,4.462500095367432,4.4730000495910645,231832000
2019-09-17,4.503053188323975,4.526750087738037,4.531000137329102,4.465250015258789,4.51200008392334,223048000
2019-09-18,4.475944995880127,4.499499797821045,4.5355000495910645,4.412499904632568,4.519750118255615,258152000
2019-09-19,4.4003424644470215,4.423500061035156,4.52400016784668,4.412749767303467,4.505499839782715,245476000
2019-09-20,4.29464864730835,4.317249774932861,4.446249961853027,4.307000160217285,4.422500133514404,350244000
2019-09-23,4.348117828369141,4.370999813079834,4.416749954223633,4.31374979019165,4.317500114440918,249712000
2019-09-24,4.290670871734619,4.3132500648498535,4.432250022888184,4.277500152587891,4.402500152587891,317268000
2019-09-25,4.4324235916137695,4.455749988555908,4.475500106811523,4.267749786376953,4.312749862670898,308432000
2019-09-26,4.410290718078613,4.433499813079834,4.454750061035156,4.38224983215332,4.446000099182129,234564000
2019-09-27,4.271520614624023,4.294000148773193,4.442500114440918,4.232999801635742,4.391499996185303,362056000
2019-09-30,4.328967571258545,4.351749897003174,4.361999988555908,4.28849983215332,4.320000171661377,186184000
2019-10-01,4.327227115631104,4.349999904632568,4.525000095367432,4.345250129699707,4.375,366008000
2019-10-02,4.303354263305664,4.326000213623047,4.340000152587891,4.2532501220703125,4.328000068664551,293372000
2019-10-03,4.509021282196045,4.532750129699707,4.539000034332275,4.300000190734863,4.33050012588501,450588000
2019-10-04,4.525435924530029,4.54925012588501,4.578750133514404,4.4695000648498535,4.534999847412109,265524000
2019-10-07,4.584125995635986,4.608250141143799,4.708499908447266,4.60575008392334,4.614500045776367,480984000
2019-10-08,4.40755558013916,4.430749893188477,4.515999794006348,4.412499904632568,4.515999794006348,444436000
2019-10-09,4.494100093841553,4.517749786376953,4.567500114440918,4.479000091552734,4.507999897003174,292412000
2019-10-10,4.551795959472656,4.57574987411499,4.626999855041504,4.510250091552734,4.515500068664551,309124000
2019-10-11,4.625410079956055,4.649750232696533,4.733500003814697,4.641250133514404,4.660250186920166,446404000
2019-10-14,4.638838768005371,4.663249969482422,4.684249877929688,4.609749794006348,4.640999794006348,200040000
2019-10-15,4.88355016708374,4.909249782562256,4.982250213623047,4.739999771118164,4.754000186920166,664124000
2019-10-16,4.829833030700684,4.855249881744385,4.980500221252441,4.84375,4.875,428944000
2019-10-17,4.831822395324707,4.857250213623047,4.945250034332275,4.802499771118164,4.900000095367432,263436000
2019-10-18,4.737319469451904,4.762249946594238,4.890500068664551,4.6875,4.857749938964844,307440000
2019-10-21,4.874597549438477,4.90024995803833,4.913750171661377,4.804999828338623,4.823999881744385,261868000
2019-10-22,4.864650249481201,4.890250205993652,5.0632500648498535,4.882500171661377,4.957499980926514,328720000
2019-10-23,4.851718425750732,4.8772501945495605,4.891499996185303,4.775750160217285,4.807750225067139,279916000
2019-10-24,4.895735263824463,4.921500205993652,4.955249786376953,4.884500026702881,4.918749809265137,232020000
2019-10-25,5.08673095703125,5.113500118255615,5.134500026702881,4.994750022888184,5.002500057220459,423092000
2019-10-28,5.14268684387207,5.169750213623047,5.222499847412109,5.127999782562256,5.15749979019165,330792000
2019-10-29,5.046444416046143,5.072999954223633,5.16225004196167,5.053500175476074,5.155749797821045,211236000
2019-10-30,5.048431396484375,5.074999809265137,5.10575008392334,5.006499767303467,5.099999904632568,205960000
2019-10-31,4.999191761016846,5.0254998207092285,5.074999809265137,4.945250034332275,5.053999900817871,209732000
2019-11-01,5.038236618041992,5.0647501945495605,5.097249984741211,4.964749813079834,4.989999771118164,283640000
2019-11-04,5.234950065612793,5.262499809265137,5.275000095367432,5.123000144958496,5.146249771118164,376716000
2019-11-05,5.212817192077637,5.240250110626221,5.28849983215332,5.191999912261963,5.262249946594238,300868000
2019-11-06,5.163577079772949,5.1907501220703125,5.2417497634887695,5.102749824523926,5.216000080108643,269012000
2019-11-07,5.181233406066895,5.208499908447266,5.292500019073486,5.16349983215332,5.277750015258789,280340000
2019-11-08,5.167305946350098,5.194499969482422,5.226250171661377,5.153749942779541,5.191500186920166,189100000
2019-11-11,5.177253723144531,5.204500198364258,5.227749824523926,5.10699987411499,5.193749904632568,243436000
2019-11-12,5.212817192077637,5.240250110626221,5.296500205993652,5.207749843597412,5.243000030517578,283504000
2019-11-13,5.186953067779541,5.214250087738037,5.236499786376953,5.147500038146973,5.208749771118164,300188000
2019-11-14,5.2172956466674805,5.244750022888184,5.247000217437744,5.163000106811523,5.223249912261963,518080000
2019-11-15,5.078027248382568,5.104750156402588,5.29449987411499,5.015999794006348,5.242499828338623,1053628000
2019-11-18,5.2792181968688965,5.307000160217285,5.333749771118164,5.094250202178955,5.097249984741211,574588000
2019-11-19,5.172528266906738,5.199749946594238,5.299499988555908,5.141250133514404,5.275750160217285,414564000
2019-11-20,5.251862525939941,5.2795000076293945,5.363749980926514,5.164000034332275,5.176750183105469,472588000
2019-11-21,5.226992607116699,5.254499912261963,5.330999851226807,5.232749938964844,5.275000095367432,288388000
2019-11-22,5.244649887084961,5.272250175476074,5.323999881744385,5.248499870300293,5.277249813079834,224100000
2019-11-25,5.501299381256104,5.530250072479248,5.535250186920166,5.388000011444092,5.401000022888184,506476000
2019-11-26,5.396601676940918,5.425000190734863,5.517250061035156,5.418499946594238,5.512499809265137,385244000
2019-11-27,5.431442260742188,5.455999851226807,5.50124979019165,5.429500102996826,5.466750144958496,215784000
2019-11-29,5.394111633300781,5.418499946594238,5.453499794006348,5.394499778747559,5.425000190734863,141556000
2019-12-02,5.207704067230225,5.231249809265137,5.425000190734863,5.216000080108643,5.411499977111816,372036000
2019-12-03,5.168132781982422,5.191500186920166,5.195499897003174,5.009250164031982,5.046750068664551,465232000
2019-12-04,5.211935520172119,5.235499858856201,5.297999858856201,5.20674991607666,5.2754998207092285,273424000
2019-12-05,5.195011615753174,5.218500137329102,5.273250102996826,5.187749862670898,5.257500171661377,184884000
2019-12-06,5.280374526977539,5.3042497634887695,5.337250232696533,5.277999877929688,5.288000106811523,232236000
2019-12-09,5.280374526977539,5.3042497634887695,5.359250068664551,5.272500038146973,5.28125,211880000
2019-12-10,5.325422763824463,5.349500179290772,5.401500225067139,5.281499862670898,5.334499835968018,256388000
2019-12-11,5.409043788909912,5.433499813079834,5.439000129699707,5.357500076293945,5.360000133514404,233796000
2019-12-12,5.576535701751709,5.601749897003174,5.619999885559082,5.395500183105469,5.4045000076293945,404348000
2019-12-13,5.574544906616211,5.59975004196167,5.724500179290772,5.545499801635742,5.604750156402588,454704000
2019-12-16,5.603414058685303,5.628749847412109,5.701499938964844,5.6192498207092285,5.647500038146973,320976000
2019-12-17,5.681562900543213,5.707250118255615,5.730000019073486,5.638000011444092,5.647500038146973,321196000
2019-12-18,5.711924076080322,5.737750053405762,5.798500061035156,5.733749866485596,5.742249965667725,343548000
2019-12-19,5.86000394821167,5.886499881744385,5.900000095367432,5.767499923706055,5.772500038146973,445360000
2019-12-20,5.957314968109131,5.984250068664551,6.009749889373779,5.934000015258789,5.953249931335449,603044000
2019-12-23,5.943626403808594,5.9704999923706055,6.045249938964844,5.959750175476074,6.013000011444092,355060000
2019-12-24,5.938647747039795,5.965499877929688,5.982749938964844,5.920499801635742,5.954999923706055,138864000
2019-12-26,5.952836036682129,5.979750156402588,6.007999897003174,5.949999809265137,5.968999862670898,182852000
2019-12-27,5.895096302032471,5.921750068664551,6.008500099182129,5.895249843597412,5.994999885559082,254644000
2019-12-30,5.781858921051025,5.808000087738037,5.90500020980835,5.776500225067139,5.899750232696533,258056000
2019-12-31,5.856024265289307,5.882500171661377,5.892000198364258,5.7532501220703125,5.772500038146973,231004000
2020-01-02,5.970754146575928,5.99774980545044,5.99774980545044,5.918000221252441,5.96875,237536000
2020-01-03,5.87518835067749,5.901750087738037,5.945750236511231,5.852499961853027,5.877500057220459,205384000
2020-01-06,5.899825096130371,5.926499843597412,5.9317498207092285,5.781750202178955,5.808000087738037,262636000
2020-01-07,5.971251487731934,5.9982500076293945,6.044250011444092,5.909749984741211,5.954999923706055,314856000
2020-01-08,5.982450008392334,6.009500026702881,6.051000118255615,5.953750133514404,5.99399995803833,277108000
2020-01-09,6.048155307769775,6.075500011444092,6.148250102996826,6.021500110626221,6.096250057220459,255112000
2020-01-10,6.080508232116699,6.107999801635742,6.213749885559082,6.09375,6.183249950408936,316296000
2020-01-13,6.271146774291992,6.299499988555908,6.324749946594238,6.168749809265137,6.191500186920166,319840000
2020-01-14,6.154175281524658,6.182000160217285,6.2820000648498535,6.168749809265137,6.256499767303467,359088000
2020-01-15,6.111617088317871,6.139249801635742,6.217249870300293,6.113249778747559,6.19474983215332,263104000
2020-01-16,6.195239543914795,6.223249912261963,6.229249954223633,6.16949987411499,6.192999839782715,284192000
2020-01-17,6.203948974609375,6.23199987411499,6.25,6.184249877929688,6.242499828338623,253792000
2020-01-21,6.170600891113281,6.198500156402588,6.232250213623047,6.164249897003174,6.195250034332275,217916000
2020-01-22,6.224606990814209,6.252749919891357,6.339749813079834,6.224999904632568,6.24399995803833,239240000
2020-01-23,6.293046474456787,6.321499824523926,6.329999923706055,6.203750133514404,6.293000221252441,244516000
2020-01-24,6.233816146850586,6.26200008392334,6.487500190734863,6.207499980926514,6.4375,373512000
2020-01-27,5.977972984313965,6.005000114440918,6.056250095367432,5.805749893188477,5.955999851226807,470536000
2020-01-28,6.171346187591553,6.199250221252441,6.231750011444092,6.017749786376953,6.071249961853027,310976000
2020-01-29,6.110871315002441,6.138500213623047,6.2210001945495605,6.098499774932861,6.184750080108643,258848000
2020-01-30,6.117591381072998,6.145249843597412,6.158750057220459,5.985000133514404,6.040249824523926,290504000
2020-01-31,5.8841471672058105,5.910749912261963,6.111249923706055,5.868750095367432,6.099249839782715,370420000
2020-02-03,5.981206893920898,6.008250236511231,6.027750015258789,5.886250019073486,5.892499923706055,255564000
2020-02-04,6.150441646575928,6.178249835968018,6.197500228881836,6.100500106811523,6.150750160217285,271544000
2020-02-05,6.24078369140625,6.269000053405762,6.309999942779541,6.18524980545044,6.299749851226807,208220000
2020-02-06,6.327639579772949,6.356249809265137,6.356249809265137,6.2220001220703125,6.303500175476074,218284000
2020-02-07,6.261441230773926,6.289750099182129,6.338250160217285,6.264249801635742,6.315999984741211,189752000
2020-02-10,6.544659614562988,6.574250221252441,6.574999809265137,6.307499885559082,6.3125,529608000
2020-02-11,6.6671061515808105,6.697249889373779,6.8125,6.620749950408936,6.683000087738037,638556000
2020-02-12,6.782832145690918,6.813499927520752,6.820000171661377,6.711249828338623,6.750249862670898,374644000
2020-02-13,6.739029407501221,6.769499778747559,6.836999893188477,6.727749824523926,6.755249977111816,528016000
2020-02-14,7.212142467498779,7.244750022888184,7.374249935150146,7.150000095367432,7.18149995803833,1041924000
2020-02-18,7.380878448486328,7.414249897003174,7.432750225067139,7.121500015258789,7.140999794006348,620164000
2020-02-19,7.832088470458984,7.867499828338623,7.885250091552734,7.53725004196167,7.53725004196167,694332000
2020-02-20,7.682764053344727,7.71750020980835,7.907999992370605,7.408750057220459,7.819250106811523,810052000
2020-02-21,7.318659782409668,7.351749897003174,7.630000114440918,7.266499996185303,7.604750156402588,768180000
2020-02-24,6.801249027252197,6.831999778747559,7.046750068664551,6.699999809265137,6.754749774932861,856916000
2020-02-25,6.521762847900391,6.551249980926514,6.969749927520752,6.448999881744385,6.90749979019165,1055496000
2020-02-26,6.6611328125,6.691249847412109,6.886250019073486,6.550000190734863,6.551499843597412,747732000
2020-02-27,6.2903361320495605,6.315000057220459,6.675000190734863,6.222249984741211,6.372499942779541,906416000
2020-02-28,6.725381851196289,6.7517499923706055,6.811500072479248,6.044750213623047,6.061500072479248,1133252000
2020-03-02,6.88375997543335,6.910749912261963,6.9397501945495605,6.525000095367432,6.922500133514404,890744000
2020-03-03,6.6212897300720215,6.647250175476074,7.026750087738037,6.561500072479248,6.966750144958496,652792000
2020-03-04,7.084969520568848,7.112750053405762,7.122250080108643,6.679999828338623,6.755000114440918,597408000
2020-03-05,6.805567264556885,6.832250118255615,7.079999923706055,6.787499904632568,6.912499904632568,540328000
2020-03-06,6.625025272369385,6.651000022888184,6.709750175476074,6.449999809265137,6.651999950408936,515412000
2020-03-09,6.112035751342773,6.136000156402588,6.485000133514404,5.954500198364258,5.997499942779541,614160000
2020-03-10,6.501509189605713,6.526999950408936,6.526999950408936,6.149750232696533,6.41349983215332,580648000
2020-03-11,6.137685775756836,6.161749839782715,6.414999961853027,6.0642499923706055,6.386499881744385,499964000
2020-03-12,5.386630535125732,5.407750129699707,5.902999877929688,5.394999980926514,5.636499881744385,816540000
2020-03-13,5.99748420715332,6.020999908447266,6.0254998207092285,5.490250110626221,5.762499809265137,634836000
2020-03-16,4.890823841094971,4.909999847412109,5.652500152587891,4.849999904632568,5.31024980545044,726972000
2020-03-17,5.410537242889404,5.4317498207092285,5.521500110626221,4.775000095367432,5.022749900817871,833632000
2020-03-18,5.05069637298584,5.070499897003174,5.248499870300293,4.517000198364258,5.002500057220459,874268000
2020-03-19,5.303455352783203,5.324250221252441,5.41825008392334,4.834750175476074,5.048999786376953,765512000
2020-03-20,5.123661994934082,5.143750190734863,5.757999897003174,5.1282501220703125,5.474999904632568,804636000
2020-03-23,5.296482563018799,5.317249774932861,5.412000179290772,4.9629998207092285,5.142749786376953,643876000
2020-03-24,6.205170631408691,6.229499816894531,6.316500186920166,5.701250076293945,5.724999904632568,1101644000
2020-03-25,6.116518497467041,6.140500068664551,6.545499801635742,6.09149980545044,6.34499979019165,793432000
2020-03-26,6.4058837890625,6.431000232696533,6.555500030517578,6.25,6.348499774932861,696108000
2020-03-27,6.293573379516602,6.318250179290772,6.578000068664551,6.2170000076293945,6.25,638828000
2020-03-30,6.613819122314453,6.639750003814697,6.64900016784668,6.339749813079834,6.383999824523926,602252000
2020-03-31,6.564262866973877,6.590000152587891,6.885000228881836,6.443749904632568,6.679999828338623,949960000
2020-04-01,6.053016185760498,6.076749801635742,6.538249969482422,6.0320000648498535,6.391250133514404,656912000
2020-04-02,6.361806392669678,6.386750221252441,6.400000095367432,6.057750225067139,6.105999946594238,675764000
2020-04-03,6.073935508728027,6.097750186920166,6.390749931335449,5.959750175476074,6.348999977111816,663212000
2020-04-06,6.683794498443604,6.710000038146973,6.747000217437744,6.323249816894531,6.38100004196167,727884000
2020-04-07,6.450459003448486,6.475749969482422,6.956250190734863,6.432499885559082,6.932499885559082,784520000
2020-04-08,6.647684574127197,6.673749923706055,6.698750019073486,6.514999866485596,6.585249900817871,542444000
2020-04-09,6.548076629638672,6.573750019073486,6.822999954223633,6.510499954223633,6.800000190734863,525564000
2020-04-13,6.719902992248535,6.746250152587891,6.755000114440918,6.425000190734863,6.513750076293945,398408000
2020-04-14,7.071025848388672,7.098750114440918,7.132999897003174,6.847249984741211,6.875,530948000
2020-04-15,6.993578433990479,7.020999908447266,7.104249954223633,6.884500026702881,6.929999828338623,366148000
2020-04-16,7.338726997375488,7.367499828338623,7.474999904632568,7.163750171661377,7.177000045776367,745620000
2020-04-17,7.279458999633789,7.308000087738037,7.471499919891357,7.173500061035156,7.449999809265137,539120000
2020-04-20,7.14822244644165,7.176249980926514,7.337500095367432,7.131750106811523,7.181000232696533,449388000
2020-04-21,6.711435794830322,6.737750053405762,7.1192498207092285,6.677750110626221,7.057750225067139,735160000
2020-04-22,7.125810623168945,7.153749942779541,7.196750164031982,6.885000228881836,6.930749893188477,483356000
2020-04-23,7.0725202560424805,7.100249767303467,7.328499794006348,7.074999809265137,7.196000099182129,424160000
2020-04-24,7.211475849151611,7.239749908447266,7.2417497634887695,7.014999866485596,7.090000152587891,352328000
2020-04-27,7.397994518280029,7.427000045776367,7.587500095367432,7.349999904632568,7.374750137329102,479388000
2020-04-28,7.255552768707275,7.283999919891357,7.605000019073486,7.278500080108643,7.574999809265137,442904000
2020-04-29,7.432359218597412,7.46150016784668,7.514500141143799,7.34375,7.419250011444092,379160000
2020-04-30,7.278461933135986,7.307000160217285,7.46150016784668,7.293000221252441,7.407249927520752,375916000
2020-05-01,7.041889667510986,7.069499969482422,7.222499847412109,7.020999908447266,7.108749866485596,342096000
2020-05-04,7.253808498382568,7.282249927520752,7.296000003814697,7.021999835968018,7.021999835968018,317556000
2020-05-05,7.314820766448975,7.343500137329102,7.506750106811523,7.282249927520752,7.386750221252441,368896000
2020-05-06,7.415673732757568,7.44474983215332,7.550000190734863,7.385250091552734,7.423250198364258,323464000
2020-05-07,7.591983795166016,7.621749877929687,7.685249805450439,7.532999992370605,7.584499835968018,373732000
2020-05-08,7.781989097595215,7.8125,7.818749904632568,7.659749984741211,7.693749904632568,339216000
2020-05-11,8.034003257751465,8.065500259399414,8.112500190734863,7.778749942779541,7.807499885559082,469060000
2020-05-12,7.77202558517456,7.802499771118164,8.172499656677246,7.792749881744385,8.123499870300293,493060000
2020-05-13,7.74961519241333,7.78000020980835,8.078499794006348,7.594749927520752,7.917500019073486,625852000
2020-05-14,7.999138832092285,8.030500411987305,8.03600025177002,7.6875,7.841750144958496,602312000
2020-05-15,8.457590103149414,8.490750312805176,8.500499725341797,7.874000072479248,7.889750003814697,987660000
2020-05-18,8.716073989868164,8.750249862670898,8.916500091552734,8.680500030517578,8.760499954223633,774460000
2020-05-19,8.771108627319336,8.805500030517578,9.087499618530272,8.762749671936035,8.790249824523926,717320000
2020-05-20,8.934966087341309,8.970000267028809,9.04300022125244,8.888750076293945,8.991000175476074,587536000
2020-05-21,8.74097728729248,8.775250434875488,9.052499771118164,8.737500190734863,9.05150032043457,761068000
2020-05-22,8.990996360778809,9.026249885559082,9.093000411987305,8.713250160217285,8.825249671936035,1038764000
2020-05-26,8.683703422546387,8.71774959564209,9.181750297546388,8.67199993133545,9.156749725341797,770780000
2020-05-27,8.491952896118164,8.525250434875488,8.632749557495117,7.996749877929687,8.625,1175892000
2020-05-28,8.453855514526367,8.487000465393066,8.760499954223633,8.379249572753906,8.412249565124512,734896000
2020-05-29,8.840839385986328,8.875499725341797,8.875499725341797,8.484999656677246,8.554499626159668,745256000
2020-06-01,8.771855354309082,8.806249618530273,8.840749740600586,8.689499855041504,8.833250045776367,389876000
2020-06-02,8.790782928466797,8.825249671936035,8.837249755859375,8.657999992370605,8.796250343322754,391320000
2020-06-03,8.73525333404541,8.769499778747559,8.866250038146973,8.699999809265137,8.822250366210938,365440000
2020-06-04,8.736248016357422,8.766500473022461,8.943249702453613,8.677499771118164,8.727999687194824,424280000
2020-06-05,8.889217376708984,8.920000076293945,8.996999740600586,8.708000183105469,8.794500350952148,481748000
2020-06-08,8.774613380432129,8.805000305175781,8.889749526977539,8.685750007629395,8.877249717712402,387736000
2020-06-09,9.01478385925293,9.04599952697754,9.109749794006348,8.751250267028809,8.800000190734863,468488000
2020-06-10,9.334426879882812,9.36674976348877,9.5,9.153499603271484,9.167750358581545,632180000
2020-06-11,8.765894889831543,8.796250343322754,9.261249542236328,8.78600025177002,9.149999618530272,583652000
2020-06-12,8.901676177978516,8.932499885559082,9.187250137329102,8.70324993133545,9.162500381469728,570908000
2020-06-15,9.142091751098633,9.173749923706056,9.182250022888184,8.743749618530273,8.815250396728516,400004000
2020-06-16,9.037203788757324,9.068499565124512,9.26675033569336,8.838749885559082,9.225000381469728,535716000
2020-06-17,9.20412540435791,9.236000061035156,9.298999786376951,9.070249557495115,9.113750457763672,408304000
2020-06-18,9.186189651489258,9.218000411987305,9.282500267028809,9.114500045776367,9.22700023651123,254408000
2020-06-19,9.229290008544922,9.261249542236328,9.44499969482422,9.227250099182127,9.24250030517578,524160000
2020-06-22,9.493873596191406,9.52674961090088,9.53125,9.273249626159668,9.300000190734863,398468000
2020-06-23,9.41738986968994,9.449999809265137,9.642499923706056,9.407500267028809,9.550999641418455,375108000
2020-06-24,9.203628540039062,9.23550033569336,9.556500434875488,9.14449977874756,9.47624969482422,449372000
2020-06-25,9.457252502441406,9.489999771118164,9.505000114440918,9.182250022888184,9.35575008392334,376072000
2020-06-26,9.123405456542969,9.154999732971191,9.5,9.125,9.5,592084000
2020-06-29,9.16825008392334,9.199999809265137,9.204500198364258,8.899999618530273,9.169750213623049,342248000
2020-06-30,9.464973449707031,9.497750282287598,9.526249885559082,9.26650047302246,9.314000129699709,367892000
2020-07-01,9.497111320495604,9.529999732971191,9.575750350952148,9.413000106811523,9.520750045776367,326648000
2020-07-02,9.579079627990724,9.612250328063965,9.737500190734863,9.57824993133545,9.638999938964844,364056000
2020-07-06,9.80529499053955,9.83924961090088,9.9087495803833,9.712499618530272,9.74174976348877,315892000
2020-07-07,9.83768081665039,9.871749877929688,10.06999969482422,9.850749969482422,9.946249961853027,357800000
2020-07-08,10.180746078491213,10.215999603271484,10.225000381469728,9.965499877929688,9.993749618530272,365480000
2020-07-09,10.472731590270996,10.508999824523926,10.56999969482422,10.23349952697754,10.380249977111816,494548000
2020-07-10,10.443086624145508,10.479249954223633,10.65524959564209,10.37874984741211,10.588749885559082,497676000
2020-07-13,10.017560005187988,10.052249908447266,10.79224967956543,10.024999618530272,10.595000267028809,457076000
2020-07-14,10.34118938446045,10.376999855041504,10.402750015258787,9.785499572753906,10.074999809265137,542676000
2020-07-15,10.191956520080566,10.227250099182127,10.43299961090088,10.055749893188477,10.414250373840332,403984000
2020-07-16,10.099776268005373,10.134750366210938,10.20674991607666,9.895500183105469,10.015000343322754,344964000
2020-07-17,10.166296005249023,10.201499938964844,10.248499870300291,10.087750434875488,10.225500106811523,266284000
2020-07-20,10.47447681427002,10.510749816894531,10.53125,10.156749725341797,10.274250030517578,284852000
2020-07-21,10.292858123779297,10.328499794006348,10.5600004196167,10.286749839782717,10.512999534606934,277036000
2020-07-22,10.40272617340088,10.438750267028809,10.602499961853027,10.291500091552734,10.36750030517578,367292000
2020-07-23,10.094791412353516,10.12975025177002,10.54699993133545,10.03125,10.449999809265137,411660000
2020-07-24,10.159318923950195,10.194499969482422,10.364749908447266,9.777000427246094,9.875,473292000
2020-07-27,10.385533332824709,10.421500205993652,10.441749572753906,10.21774959564209,10.232250213623049,292132000
2020-07-28,10.180246353149414,10.215499877929688,10.381999969482422,10.209250450134276,10.374250411987305,271636000
2020-07-29,10.429383277893066,10.465499877929688,10.516249656677246,10.347000122070312,10.39074993133545,284508000
2020-07-30,10.577369689941406,10.61400032043457,10.623000144958496,10.295249938964844,10.375,308880000
2020-07-31,10.578117370605469,10.614749908447266,10.76650047302246,10.43299961090088,10.563249588012695,386080000
2020-08-03,10.972254753112791,11.010250091552734,11.098750114440918,10.715250015258787,10.732500076293944,412720000
2020-08-04,11.18900203704834,11.227749824523926,11.227749824523926,10.906000137329102,11.050000190734863,310336000
2020-08-05,11.24779987335205,11.286749839782717,11.371749877929688,11.166250228881836,11.244000434875488,249924000
2020-08-06,11.296380043029783,11.33549976348877,11.357999801635742,11.178750038146973,11.349749565124512,244316000
2020-08-07,11.160853385925291,11.19950008392334,11.50475025177002,11.037500381469728,11.3125,342516000
2020-08-10,11.126470565795898,11.164999961853027,11.408249855041504,10.856499671936035,11.334250450134276,427796000
2020-08-11,10.812556266784668,10.850000381469728,11.13675022125244,10.79574966430664,11.073749542236328,354512000
2020-08-12,11.40077018737793,11.440250396728516,11.467000007629396,10.958250045776367,10.990750312805176,464412000
2020-08-13,11.403510093688965,11.442999839782717,11.721750259399414,11.35575008392334,11.54599952697754,374460000
2020-08-14,11.524090766906738,11.564000129699709,11.704750061035156,11.440500259399414,11.529999732971191,366436000
2020-08-17,12.294427871704102,12.336999893188477,12.409749984741213,11.81725025177002,11.85124969482422,621300000
2020-08-18,12.218439102172852,12.260749816894531,12.496000289916992,12.08625030517578,12.449999809265137,503448000
2020-08-19,12.096610069274902,12.138500213623049,12.3149995803833,12.097999572753906,12.296500205993652,622624000
2020-08-20,12.099102020263672,12.140999794006348,12.375,11.87874984741211,11.975000381469728,921388000
2020-08-21,12.639730453491213,12.683500289916992,12.80875015258789,12.195249557495115,12.201749801635742,999868000
2020-08-24,12.676351547241213,12.720250129699709,12.912500381469728,12.50749969482422,12.883749961853027,490564000
2020-08-25,12.70600128173828,12.75,12.761249542236328,12.573749542236328,12.630749702453612,289076000
2020-08-26,12.728921890258787,12.77299976348877,12.868499755859377,12.677749633789062,12.799249649047852,321244000
2020-08-27,12.584670066833496,12.628250122070312,12.850000381469728,12.566499710083008,12.781499862670898,317604000
2020-08-28,13.102378845214844,13.147749900817873,13.14799976348877,12.642499923706056,12.675000190734863,537160000
2020-08-31,13.32834529876709,13.374500274658203,13.574999809265137,13.037750244140623,13.18274974822998,500840000
2020-09-01,13.777425765991213,13.821000099182127,13.993749618530272,13.43649959564209,13.479999542236328,511316000
2020-09-02,14.30126953125,14.346500396728516,14.726750373840332,13.899999618530272,14.703749656677246,874012000
2020-09-03,12.974464416503906,13.01550006866455,13.884499549865724,12.87874984741211,13.828749656677246,945128000
2020-09-04,12.58270263671875,12.6225004196167,13.175000190734863,11.704750061035156,12.7837495803833,1463684000
2020-09-08,11.87544059753418,11.913000106811523,12.550000190734863,11.70425033569336,11.73449993133545,795728000
2020-09-09,12.674911499023438,12.71500015258789,12.809249877929688,12.231749534606934,12.399999618530272,736200000
2020-09-10,12.272934913635254,12.311750411987305,13.065250396728516,12.166999816894531,12.989250183105469,698684000
2020-09-11,12.12614917755127,12.16450023651123,12.65250015258789,11.895750045776367,12.48550033569336,636928000
2020-09-14,12.831666946411133,12.872249603271484,13.3149995803833,12.631250381469728,13.081000328063965,1201744000
2020-09-15,12.950043678283691,12.991000175476074,13.298749923706056,12.827750205993652,13.279999732971191,727556000
2020-09-16,12.475043296813965,12.51449966430664,13.09274959564209,12.513750076293944,12.957249641418455,556384000
2020-09-17,12.42420482635498,12.463500022888184,12.589750289916992,12.034749984741213,12.13224983215332,792512000
2020-09-18,12.1508207321167,12.189249992370604,12.63249969482422,11.988750457763672,12.59375,698460000
2020-09-21,12.47778606414795,12.517250061035156,12.522500038146973,11.904500007629396,11.925000190734863,721044000
2020-09-22,12.597908020019531,12.637749671936035,12.64799976348877,12.155500411987305,12.574999809265137,646452000
2020-09-23,12.085525512695312,12.123749732971191,12.72700023651123,12.07925033569336,12.575499534606934,647012000
2020-09-24,12.309070587158203,12.347999572753906,12.569499969482422,12.013999938964844,12.072250366210938,731240000
2020-09-25,12.833160400390623,12.873749732971191,12.883500099182127,12.245750427246094,12.447500228881836,588016000
2020-09-28,12.993903160095217,13.03499984741211,13.051750183105469,12.75,13.040249824523926,573808000
2020-09-29,13.184052467346191,13.225749969482422,13.442749977111816,12.933250427246094,12.9375,621460000
2020-09-30,13.48784065246582,13.530500411987305,13.6225004196167,13.150250434875488,13.157500267028809,689184000
2020-10-01,13.571575164794922,13.614500045776367,13.762749671936035,13.460749626159668,13.758000373840332,525004000
2020-10-02,13.021069526672363,13.062250137329102,13.51949977874756,13.050999641418455,13.225000381469728,552496000
2020-10-05,13.59949016571045,13.642499923706056,13.64424991607666,13.222749710083008,13.236000061035156,479820000
2020-10-06,13.693192481994627,13.736499786376951,14.142000198364258,13.664999961853027,13.829999923706056,784420000
2020-10-07,13.919973373413086,13.96399974822998,14.119250297546388,13.863499641418455,13.999750137329102,418084000
2020-10-08,13.795119285583496,13.838749885559082,14.084500312805176,13.758000373840332,14.074999809265137,378900000
2020-10-09,13.719359397888184,13.762749671936035,13.82425022125244,13.66075038909912,13.767000198364258,346892000
2020-10-12,14.181148529052734,14.22599983215332,14.347000122070312,13.912500381469728,13.989500045776367,434744000
2020-10-13,14.203329086303713,14.248250007629396,14.34850025177002,14.018750190734863,14.296500205993652,344604000
2020-10-14,14.050810813903809,14.095250129699709,14.34274959564209,13.960000038146973,14.290499687194824,276100000
2020-10-15,13.925954818725586,13.970000267028809,14.005749702453612,13.767749786376951,13.810750007629396,267224000
2020-10-16,13.767953872680664,13.81149959564209,14.121500015258787,13.792499542236328,14.036749839782717,242392000
2020-10-19,13.455194473266602,13.497750282287598,13.98349952697754,13.406749725341797,13.902999877929688,298068000
2020-10-20,13.602479934692385,13.645500183105469,13.799750328063965,13.506999969482422,13.583499908447266,229212000
2020-10-21,13.48210906982422,13.524749755859377,13.791500091552734,13.477499961853027,13.625,219596000
2020-10-22,13.318876266479492,13.361000061035156,13.611749649047852,13.231749534606934,13.522500038146973,290480000
2020-10-23,13.547403335571287,13.590250015258787,13.593250274658203,13.291250228881836,13.449999809265137,233484000
2020-10-26,13.09981918334961,13.141249656677246,13.692749977111816,13.03849983215332,13.427000045776367,336896000
2020-10-27,13.35451602935791,13.396750450134276,13.44200038909912,13.191499710083008,13.305999755859377,250520000
2020-10-28,12.587190628051758,12.626999855041504,13.260000228881836,12.609000205993652,13.197999954223633,376520000
2020-10-29,12.982938766479492,13.02400016784668,13.192749977111816,12.75,12.838500022888184,320080000
2020-10-30,12.49448585510254,12.534000396728516,12.93649959564209,12.300000190734863,12.850000381469728,416820000
2020-11-02,12.541085243225098,12.580750465393066,12.836750030517578,12.395000457763672,12.657750129699709,299652000
2020-11-03,12.978450775146484,13.01949977874756,13.104999542236328,12.602749824523926,12.708499908447266,272900000
2020-11-04,13.750761985778809,13.794249534606934,13.827500343322754,13.336999893188477,13.389249801635742,410228000
2020-11-05,14.115354537963867,14.15999984741211,14.33899974822998,13.991000175476074,14.162500381469728,319028000
2020-11-06,14.516088485717772,14.562000274658203,14.588749885559082,13.895000457763672,14.109749794006348,383348000
2020-11-09,13.587775230407717,13.630749702453612,14.691499710083008,13.610750198364258,14.552499771118164,582976000
2020-11-10,12.72973918914795,12.770000457763672,13.606499671936035,12.628250122070312,13.606499671936035,644068000
2020-11-11,13.37569522857666,13.41800022125244,13.4350004196167,12.948249816894531,13.053750038146973,404744000
2020-11-12,13.41432285308838,13.45674991607666,13.765999794006348,13.315999984741213,13.479000091552734,365812000
2020-11-13,13.25507640838623,13.29699993133545,13.668749809265137,13.059249877929688,13.627249717712402,346312000
2020-11-16,13.47264003753662,13.515250205993652,13.649499893188477,13.156000137329102,13.172499656677246,413776000
2020-11-17,13.379932403564451,13.422249794006348,13.5962495803833,13.303750038146973,13.552499771118164,312028000
2020-11-18,13.386412620544434,13.428750038146973,13.60575008392334,13.1850004196167,13.465250015258787,510924000
2020-11-19,13.397875785827637,13.440250396728516,13.487500190734863,13.100000381469728,13.212750434875488,565936000
2020-11-20,13.046486854553224,13.087750434875488,13.494500160217283,13.0649995803833,13.45400047302246,341088000
2020-11-23,13.098572731018066,13.140000343322754,13.38249969482422,13.01550006866455,13.171250343322754,361356000
2020-11-24,12.91689682006836,12.95775032043457,13.161999702453612,12.885000228881836,13.142499923706056,346500000
2020-11-25,13.193023681640623,13.234749794006348,13.26949977874756,13.020000457763672,13.032500267028809,259916000
2020-11-27,13.219439506530762,13.261249542236328,13.407500267028809,13.170499801635742,13.375,167276000
2020-11-30,13.359247207641602,13.40149974822998,13.412500381469728,12.972249984741213,13.265000343322754,286952000
2020-12-01,13.347783088684082,13.390000343322754,13.5287504196167,13.228249549865724,13.492250442504885,296948000
2020-12-02,13.501797676086426,13.544500350952148,13.673500061035156,13.23425006866455,13.350500106811523,283360000
2020-12-03,13.357711791992188,13.395999908447266,13.65999984741211,13.32900047302246,13.587499618530272,199520000
2020-12-04,13.519495010375977,13.558250427246094,13.5600004196167,13.388750076293944,13.44849967956543,202244000
2020-12-07,13.567859649658203,13.606749534606934,13.731249809265137,13.5,13.60124969482422,223244000
2020-12-08,13.311841011047363,13.350000381469728,13.598750114440918,13.281499862670898,13.585000038146973,271920000
2020-12-09,12.89378833770752,12.930749893188477,13.413999557495115,12.868249893188477,13.30049991607666,401300000
2020-12-10,12.935171127319336,12.972249984741213,13.068750381469728,12.849499702453612,12.869000434875488,207764000
2020-12-11,12.976055145263672,13.013250350952148,13.020000457763672,12.822999954223633,12.967249870300291,209264000
2020-12-14,13.270709037780762,13.30875015258789,13.388750076293944,13.077500343322754,13.088000297546388,270156000
2020-12-15,13.32231330871582,13.36050033569336,13.46399974822998,13.186750411987305,13.439749717712402,193016000
2020-12-16,13.204648971557615,13.24250030517578,13.437250137329102,13.212499618530272,13.422499656677246,223116000
2020-12-17,13.303118705749512,13.3412504196167,13.37950038909912,13.178500175476074,13.36674976348877,231384000
2020-12-18,13.234066009521484,13.272000312805176,13.404999732971191,13.070500373840332,13.378999710083008,342064000
2020-12-21,13.294142723083496,13.332249641418455,13.369999885559082,12.967499732971191,13.074749946594238,302332000
2020-12-22,13.240296363830566,13.278249740600586,13.337249755859377,13.053999900817873,13.319250106811523,185580000
2020-12-23,12.972064971923828,13.009249687194824,13.274999618530272,13.005000114440918,13.255999565124512,179144000
2020-12-24,12.956609725952148,12.993749618530272,13.13249969482422,12.938750267028809,13.037249565124512,97884000
2020-12-28,12.863129615783691,12.899999618530272,13.0625,12.763250350952148,13.0625,212564000
2020-12-29,12.90625286102295,12.943249702453612,13.072500228881836,12.842249870300291,12.925000190734863,170372000
2020-12-30,13.108176231384276,13.145750045776367,13.213749885559082,12.896750450134276,12.990249633789062,225396000
2020-12-31,13.01768684387207,13.05500030517578,13.151000022888184,12.914999961853027,13.136500358581545,192424000
2021-01-04,13.07601833343506,13.113499641418455,13.65250015258789,12.962499618530272,13.104249954223633,560640000
2021-01-05,13.36643409729004,13.404749870300291,13.443499565124512,13.086999893188477,13.099749565124512,322760000
2021-01-06,12.578444480895996,12.614500045776367,13.244999885559082,12.586000442504885,13.22249984741211,580424000
2021-01-07,13.30586051940918,13.343999862670898,13.377750396728516,12.886500358581545,12.967499732971191,461480000
2021-01-08,13.23880100250244,13.27674961090088,13.42099952697754,13.041999816894531,13.362500190734863,292528000
2021-01-11,13.582566261291504,13.621500015258787,13.961000442504885,13.362500190734863,13.418749809265137,518344000
2021-01-12,13.446207046508787,13.484749794006348,13.75450038909912,13.345000267028809,13.7524995803833,291476000
2021-01-13,13.493071556091309,13.531749725341797,13.625,13.385000228881836,13.489999771118164,210028000
2021-01-14,13.162519454956056,13.200249671936035,13.599749565124512,13.180500030517578,13.574999809265137,283120000
2021-01-15,12.822744369506836,12.85949993133545,13.325249671936035,12.84850025177002,13.227999687194824,277780000
2021-01-19,12.98802089691162,13.025250434875488,13.093999862670898,12.843999862670898,13.016249656677246,226188000
2021-01-20,13.32754898071289,13.365750312805176,13.430500030517578,13.056750297546388,13.111749649047852,258572000
2021-01-21,13.827861785888672,13.86750030517578,13.999250411987305,13.253000259399414,13.418499946594238,337780000
2021-01-22,13.673304557800291,13.712499618530272,13.841750144958496,13.627249717712402,13.739999771118164,246820000
2021-01-25,13.614227294921877,13.653249740600586,13.828499794006348,13.236499786376951,13.781749725341797,251112000
2021-01-26,13.39684772491455,13.435250282287598,13.644749641418455,13.387499809265137,13.580499649047852,163980000
2021-01-27,12.880826950073242,12.917750358581545,13.232749938964844,12.793749809265137,13.229999542236328,371272000
2021-01-28,13.013696670532228,13.050999641418455,13.339750289916992,12.96049976348877,12.99625015258789,228316000
2021-01-29,12.95262336730957,12.989749908447266,13.334750175476074,12.911499977111816,13.074999809265137,271552000
2021-02-01,13.199164390563965,13.237000465393066,13.270750045776367,12.902750015258787,13.053250312805176,217204000
2021-02-02,13.518000602722168,13.556750297546388,13.571999549865724,13.285499572753906,13.39875030517578,220440000
2021-02-03,13.491827011108398,13.530500411987305,13.931750297546388,13.51650047302246,13.63599967956543,245408000
2021-02-04,13.625194549560549,13.664250373840332,13.673500061035156,13.337750434875488,13.531000137329102,201340000
2021-02-05,13.552151679992676,13.590999603271484,13.737250328063965,13.54574966430664,13.725000381469728,169152000
2021-02-08,14.39748191833496,14.438750267028809,14.473750114440918,13.727250099182127,13.727250099182127,434624000
2021-02-09,14.222478866577148,14.263250350952148,14.583250045776367,14.22249984741211,14.340749740600586,287560000
2021-02-10,14.722047805786133,14.764249801635742,14.904999732971191,14.341500282287598,14.463250160217283,485352000
2021-02-11,15.207158088684082,15.250749588012695,15.272250175476074,14.925000190734863,14.980250358581545,450828000
2021-02-12,14.918487548828123,14.96125030517578,15.291250228881836,14.774999618530272,15.050000190734863,374756000
2021-02-16,15.286431312561035,15.330249786376951,15.3725004196167,14.949999809265137,15.064249992370604,321960000
2021-02-17,14.863395690917969,14.906000137329102,15.22350025177002,14.779999732971191,15.17099952697754,274756000
2021-02-18,14.786611557006836,14.82900047302246,14.873250007629396,14.574999809265137,14.729000091552734,233868000
2021-02-19,14.88383674621582,14.92650032043457,15.177000045776367,14.846750259399414,15.024499893188477,271724000
2021-02-22,14.31471824645996,14.35575008392334,15.13325023651123,14.324999809265137,14.774749755859377,325884000
2021-02-23,14.101580619812012,14.142000198364258,14.238750457763672,13.38949966430664,14.075249671936035,391780000
2021-02-24,14.457558631896973,14.49899959564209,14.506750106811523,13.755999565124512,14.122750282287598,448320000
2021-02-25,13.269461631774902,13.307499885559082,14.374750137329102,13.2162504196167,14.045499801635742,824436000
2021-02-26,13.675301551818848,13.714500427246094,13.854499816894531,13.361000061035156,13.7524995803833,500932000
2021-03-01,13.802188873291016,13.841750144958496,13.925000190734863,13.553250312805176,13.875,353184000
2021-03-02,13.36793041229248,13.40625,13.920499801635742,13.395999908447266,13.899999618530272,264116000
2021-03-03,12.768153190612791,12.804750442504885,13.451499938964844,12.798749923706056,13.426250457763672,377592000
2021-03-04,12.334894180297852,12.37024974822998,12.975000381469728,12.083749771118164,12.80074977874756,573344000
2021-03-05,12.425881385803224,12.46150016784668,12.550000190734863,11.67924976348877,12.550000190734863,542840000
2021-03-08,11.560112953186035,11.593250274658203,12.4712495803833,11.566499710083008,12.449999809265137,543112000
2021-03-09,12.488776206970217,12.52025032043457,12.61674976348877,12.059249877929688,12.130249977111816,521824000
2021-03-10,12.436903953552246,12.468250274658203,12.979999542236328,12.457500457763672,12.840499877929688,384376000
2021-03-11,12.960829734802246,12.993499755859377,13.046250343322754,12.73449993133545,12.949999809265137,299916000
2021-03-12,12.823678016662598,12.855999946594238,12.888750076293944,12.59000015258789,12.648249626159668,243964000
2021-03-15,13.158085823059082,13.19124984741211,13.20674991607666,12.767250061035156,12.864749908447266,221988000
2021-03-16,13.257835388183594,13.291250228881836,13.512499809265137,13.11674976348877,13.356499671936035,272128000
2021-03-17,13.307710647583008,13.3412504196167,13.45324993133545,12.989500045776367,13.039750099182127,243864000
2021-03-18,12.69051456451416,12.72249984741211,13.184000015258787,12.717000007629396,13.136500358581545,293896000
2021-03-19,12.813454627990724,12.845749855041504,12.921500205993652,12.612500190734863,12.75,299208000
2021-03-22,13.15310001373291,13.186249732971191,13.39449977874756,12.906749725341797,12.912750244140623,297804000
2021-03-23,13.037890434265137,13.07075023651123,13.344499588012695,13.021249771118164,13.254249572753906,222048000
2021-03-24,12.611214637756348,12.642999649047852,13.159250259399414,12.63675022125244,13.151249885559082,245840000
2021-03-25,12.503735542297363,12.535249710083008,12.714750289916992,12.272000312805176,12.499500274658203,295144000
2021-03-26,12.80696964263916,12.83924961090088,12.856249809265137,12.373499870300291,12.554499626159668,363968000
2021-03-29,12.915698051452637,12.948249816894531,13.0625,12.699999809265137,12.820249557495115,273520000
2021-03-30,12.83938694000244,12.871749877929688,12.975250244140623,12.704999923706056,12.842000007629396,200204000
2021-03-31,13.314689636230469,13.34825038909912,13.470499992370604,12.982500076293944,13.01550006866455,314776000
2021-04-01,13.777027130126951,13.811750411987305,13.869999885559082,13.511249542236328,13.572250366210938,308276000
2021-04-05,13.952333450317385,13.987500190734863,14.013999938964844,13.732999801635742,13.86750030517578,255672000
2021-04-06,13.826651573181152,13.861499786376951,14.05424976348877,13.773500442504885,13.999750137329102,191744000
2021-04-07,14.107942581176758,14.143500328063965,14.243499755859377,13.71150016784668,13.880749702453612,251284000
2021-04-08,14.28100872039795,14.31700038909912,14.471500396728516,14.24899959564209,14.252750396728516,244416000
2021-04-09,14.36379623413086,14.399999618530272,14.407999992370604,14.175000190734863,14.21399974822998,195172000
2021-04-12,15.170763969421388,15.208999633789062,15.352499961853027,14.139249801635742,14.289750099182127,869324000
2021-04-13,15.640079498291016,15.679499626159668,15.699999809265137,15.125749588012695,15.231499671936035,676212000
2021-04-14,15.238595008850098,15.277000427246094,15.720499992370604,15.227499961853027,15.625,385500000
2021-04-15,16.096677780151367,16.137250900268555,16.214250564575195,15.631500244140623,15.662500381469728,598480000
2021-04-16,15.872496604919434,15.912500381469728,16.16575050354004,15.865249633789062,16.05299949645996,335208000
2021-04-19,15.323129653930664,15.361749649047852,15.807499885559082,15.232999801635742,15.536499977111816,404420000
2021-04-20,15.133108139038086,15.171250343322754,15.496999740600586,14.963000297546388,15.323249816894531,334132000
2021-04-21,15.32188320159912,15.36050033569336,15.362500190734863,15.102250099182127,15.118749618530272,216776000
2021-04-22,14.812917709350586,14.850250244140623,15.43850040435791,14.783499717712402,15.375,277788000
2021-04-23,15.226874351501465,15.265250205993652,15.335000038146973,14.900250434875488,14.934249877929688,227500000
2021-04-26,15.439087867736816,15.477999687194824,15.479000091552734,15.125,15.1850004196167,197796000
2021-04-27,15.343079566955566,15.381750106811523,15.670499801635742,15.354499816894531,15.578499794006348,164572000
2021-04-28,15.238344192504885,15.27674961090088,15.53225040435791,15.215499877929688,15.364500045776367,209416000
2021-04-29,15.28622341156006,15.324749946594238,15.43649959564209,15.071499824523926,15.399999618530272,173196000
2021-04-30,14.971763610839844,15.009499549865724,15.364999771118164,14.996999740600586,15.174500465393066,201912000
2021-05-03,14.79945182800293,14.836750030517578,15.246749877929688,14.787500381469728,15.125,203912000
2021-05-04,14.315171241760254,14.35124969482422,14.637499809265137,14.010250091552734,14.637249946594238,405324000
2021-05-05,14.422149658203123,14.458499908447266,14.81350040435791,14.387499809265137,14.708999633789062,292024000
2021-05-06,14.486488342285156,14.52299976348877,14.571249961853027,14.218000411987305,14.49524974822998,193380000
2021-05-07,14.775010108947754,14.812250137329102,14.970749855041504,14.67175006866455,14.808250427246094,229328000
2021-05-10,14.229887962341309,14.26574993133545,14.805999755859377,14.25,14.787249565124512,268904000
2021-05-11,14.27028465270996,14.306249618530272,14.35474967956543,13.75,13.824999809265137,285584000
2021-05-12,13.72391128540039,13.758500099182127,14.260250091552734,13.709250450134276,14.009499549865724,303408000
2021-05-13,13.630895614624023,13.665249824523926,14.080750465393066,13.458999633789062,14.0337495803833,285404000
2021-05-14,14.207192420959473,14.243000030517578,14.32800006866455,13.748499870300291,13.890000343322754,258616000
2021-05-17,14.129887580871582,14.165499687194824,14.169249534606934,13.853500366210938,14.156999588012695,216980000
2021-05-18,13.980513572692873,14.01574993133545,14.404250144958496,14.003999710083008,14.267000198364258,186256000
2021-05-19,14.030385971069336,14.065750122070312,14.079500198364258,13.54325008392334,13.566499710083008,344000000
2021-05-20,14.575764656066896,14.612500190734863,14.68375015258789,14.270500183105469,14.302499771118164,321592000
2021-05-21,14.954058647155762,14.99174976348877,15.222000122070312,14.869500160217283,15.16374969482422,672992000
2021-05-24,15.572752952575684,15.612000465393066,15.744999885559082,15.175999641418455,15.212499618530272,554816000
2021-05-25,15.608409881591797,15.647749900817873,15.818499565124512,15.482500076293944,15.765999794006348,435408000
2021-05-26,15.660529136657717,15.699999809265137,15.793749809265137,15.58625030517578,15.73425006866455,370440000
2021-05-27,15.44906234741211,15.48799991607666,15.75,15.460000038146973,15.699749946594238,581476000
2021-05-28,16.203664779663086,16.24449920654297,16.27750015258789,15.50100040435791,15.50100040435791,644536000
2021-06-01,16.223609924316406,16.26449966430664,16.38825035095215,15.903249740600586,16.270000457763672,472804000
2021-06-02,16.736068725585938,16.778249740600586,16.918750762939453,16.23550033569336,16.25225067138672,594168000
2021-06-03,16.927080154418945,16.969749450683594,17.259000778198242,16.58300018310547,16.70075035095215,580008000
2021-06-04,17.534055709838867,17.578250885009766,17.660999298095703,17.095500946044922,17.112499237060547,617120000
2021-06-07,17.5747013092041,17.618999481201172,17.8125,17.192750930786133,17.571250915527344,575756000
2021-06-08,17.413114547729492,17.457000732421875,17.62150001525879,17.250999450683594,17.527250289916992,323848000
2021-06-09,17.318574905395508,17.35824966430664,17.575000762939453,17.25575065612793,17.515750885009766,381656000
2021-06-10,17.385175704956055,17.424999237060547,17.492000579833984,17.176000595092773,17.350000381469727,287772000
2021-06-11,17.784509658813477,17.82525062561035,17.939250946044922,17.443750381469727,17.47949981689453,416308000
2021-06-14,17.977563858032227,18.018749237060547,18.03949928283692,17.662750244140625,17.9060001373291,321376000
2021-06-15,17.747846603393555,17.78849983215332,18.01625061035156,17.72800064086914,17.915000915527344,243032000
2021-06-16,17.769546508789062,17.81024932861328,17.954750061035156,17.58449935913086,17.79075050354004,307124000
2021-06-17,18.61460494995117,18.6572494506836,18.834999084472656,17.756250381469727,17.774499893188477,809656000
2021-06-18,18.596153259277344,18.638750076293945,19.375,18.583999633789062,18.78400039672852,968856000
2021-06-21,18.38513565063477,18.427249908447266,18.536500930786133,17.822750091552734,18.43524932861328,672384000
2021-06-22,18.84358596801757,18.886749267578125,18.9637508392334,18.38599967956543,18.47150039672852,580144000
2021-06-23,19.013696670532227,19.057249069213867,19.15275001525879,18.90774917602539,19.00774955749512,332356000
2021-06-24,19.161602020263672,19.20549964904785,19.420000076293945,19.08824920654297,19.22775077819824,320924000
2021-06-25,18.98750305175781,19.0310001373291,19.34550094604492,18.894500732421875,19.280500411987305,278364000
2021-06-28,19.939327239990234,19.98500061035156,20.07875061035156,19.319000244140625,19.36124992370605,495436000
2021-06-29,19.98097801208496,20.026750564575195,20.0987491607666,19.65699958801269,19.88249969482422,367632000
2021-06-30,19.95677757263184,20.002500534057617,20.162500381469727,19.863750457763672,19.999250411987305,326568000
2021-07-01,20.16580581665039,20.21199989318848,20.45599937438965,20.018999099731445,20.125,480136000
2021-07-02,20.440174102783203,20.48699951171875,20.505250930786133,20.287750244140625,20.44025039672852,342764000
2021-07-06,20.65119171142578,20.69849967956543,20.84199905395508,20.350250244140625,20.737499237060547,446708000
2021-07-07,20.32519149780273,20.371749877929688,20.875,20.332000732421875,20.853500366210938,418428000
2021-07-08,19.857261657714844,19.90275001525879,20.132999420166016,19.70075035095215,19.85650062561035,503300000
2021-07-09,20.00442123413086,20.050249099731445,20.08024978637696,19.754249572753903,19.96249961853028,296624000
2021-07-12,20.465620040893555,20.512500762939453,20.53274917602539,20.1877498626709,20.239999771118164,321984000
2021-07-13,20.20371437072754,20.25,20.46125030517578,20.11400032043457,20.40049934387207,290708000
2021-07-14,19.7961540222168,19.84149932861328,20.417749404907227,19.75275039672852,20.357749938964844,380100000
2021-07-15,18.92290496826172,18.966249465942383,19.847000122070312,18.85849952697754,19.811750411987305,550564000
2021-07-16,18.11949348449707,18.160999298095703,19.15699958801269,18.07299995422364,19.030500411987305,688224000
2021-07-19,18.73682975769043,18.77975082397461,19.04199981689453,17.86549949645996,17.915250778198242,749060000
2021-07-20,18.56946563720703,18.61199951171875,18.83799934387207,18.16399955749512,18.729999542236328,434687000
2021-07-21,19.36564064025879,19.40999984741211,19.527000427246094,18.742000579833984,18.881999969482425,371017000
2021-07-22,19.54922103881836,19.5939998626709,19.886999130249023,19.275999069213867,19.64200019836425,323826000
2021-07-23,19.51329803466797,19.558000564575195,19.700000762939453,19.25,19.6560001373291,195672000
2021-07-26,19.249906539916992,19.29400062561035,19.441999435424805,18.91399955749512,19.31100082397461,203943000
2021-07-27,19.16409683227539,19.20800018310547,19.621999740600582,18.74099922180176,19.26499938964844,248863000
2021-07-28,19.45842742919922,19.50300025939941,19.645999908447266,18.9950008392334,19.319000244140625,202191000
2021-07-29,19.617061614990234,19.66200065612793,19.85300064086914,19.327999114990234,19.518999099731445,190781000
2021-07-30,19.45443725585937,19.499000549316406,19.6299991607666,19.26300048828125,19.417999267578125,183497000
2021-08-02,19.70486259460449,19.75,19.961000442504883,19.36100006103516,19.700000762939453,217444000
2021-08-03,19.769710540771484,19.815000534057617,20.222000122070312,19.21999931335449,19.739999771118164,301811000
2021-08-04,20.2276611328125,20.27400016784668,20.31800079345703,19.827999114990234,19.989999771118164,231309000
2021-08-05,20.589832305908203,20.636999130249023,20.732999801635746,20.34199905395508,20.5,211435000
2021-08-06,20.31945037841797,20.36599922180176,20.56999969482422,20.209999084472656,20.52400016784668,178497000
2021-08-09,20.248613357543945,20.295000076293945,20.507999420166016,20.14299964904785,20.44599914550781,146443000
2021-08-10,19.89043617248535,19.93600082397461,20.43000030517578,19.834999084472656,20.32200050354004,179238000
2021-08-11,19.653976440429688,19.698999404907227,20.04899978637696,19.43000030517578,20.042999267578125,185925000
2021-08-12,19.85951042175293,19.905000686645508,20.02899932861328,19.6200008392334,19.8700008392334,151652000
2021-08-13,20.141860961914062,20.1879997253418,20.214000701904297,19.85099983215332,19.905000686645508,183063000
2021-08-16,19.904407501220703,19.950000762939453,20.28700065612793,19.452999114990234,20.13500022888184,210876000
2021-08-17,19.413530349731445,19.45800018310547,19.770000457763672,19.26700019836425,19.684999465942383,204585000
2021-08-18,18.996482849121094,19.040000915527344,19.63400077819824,19.0,19.5,285913000
2021-08-19,19.75275611877441,19.79800033569336,20.4950008392334,18.761999130249023,19.49399948120117,766555000
2021-08-20,20.768421173095703,20.81599998474121,20.864999771118164,19.933000564575195,19.99099922180176,675741000
2021-08-23,21.907814025878903,21.95800018310547,21.996999740600582,20.950000762939453,20.97100067138672,575807000
2021-08-24,21.74319267272949,21.792999267578125,21.958999633789062,21.53499984741211,21.75300025939941,297299000
2021-08-25,22.16223526000977,22.21299934387207,22.46999931335449,21.722000122070312,21.73699951171875,347701000
2021-08-26,22.017566680908203,22.06800079345703,22.34000015258789,21.790000915527344,22.200000762939453,237940000
2021-08-27,22.58426284790039,22.63599967956543,22.722000122070312,22.16699981689453,22.18400001525879,304722000
2021-08-30,22.63614273071289,22.6879997253418,23.042999267578125,22.551000595092773,22.82999992370605,262580000
2021-08-31,22.337778091430664,22.38500022888184,22.69499969482422,22.1200008392334,22.69499969482422,259850000
2021-09-01,22.393659591674805,22.44099998474121,22.69700050354004,22.35700035095215,22.48500061035156,201767000
2021-09-02,22.3487548828125,22.395999908447266,22.593000411987305,22.295000076293945,22.51799964904785,187834000
2021-09-03,22.79481506347656,22.843000411987305,22.98600006103516,22.200000762939453,22.325000762939453,280532000
2021-09-07,22.61419486999512,22.66200065612793,22.89900016784668,22.52199935913086,22.83300018310547,198107000
2021-09-08,22.2918758392334,22.339000701904297,22.61000061035156,21.97699928283692,22.51300048828125,254434000
2021-09-09,22.13021850585937,22.177000045776367,22.538000106811523,22.131000518798828,22.312000274658203,196856000
2021-09-10,22.43058013916016,22.47800064086914,22.6259994506836,22.270000457763672,22.347999572753903,248376000
2021-09-13,22.10526466369629,22.152000427246094,22.964000701904297,21.857999801635746,22.68400001525879,297500000
2021-09-14,22.195077896118164,22.242000579833984,22.40999984741211,22.086000442504883,22.27499961853028,199755000
2021-09-15,22.29387092590332,22.340999603271484,22.367000579833984,21.965999603271484,22.30900001525879,166538000
2021-09-16,22.195077896118164,22.242000579833984,22.277000427246094,21.927000045776367,22.183000564575195,156033000
2021-09-17,21.85379981994629,21.89999961853028,22.32099914550781,21.82999992370605,22.299999237060547,294503000
2021-09-20,21.06846237182617,21.113000869750977,21.433000564575195,20.66200065612793,21.145999908447266,349440000
2021-09-21,21.201181411743164,21.246000289916992,21.424999237060547,20.950000762939453,21.41699981689453,204688000
2021-09-22,21.894710540771484,21.94099998474121,21.959999084472656,21.19599914550781,21.36599922180176,268726000
2021-09-23,22.434574127197266,22.48200035095215,22.53499984741211,21.88999938964844,22.13999938964844,248555000
2021-09-24,22.03441429138184,22.08099937438965,22.14900016784668,21.86100006103516,22.06999969482422,217655000
2021-09-27,21.61431121826172,21.65999984741211,21.79899978637696,21.325000762939453,21.709999084472656,245215000
2021-09-28,20.655332565307617,20.698999404907227,21.41900062561035,20.650999069213867,21.214000701904297,343069000
2021-09-29,20.47371864318848,20.51700019836425,21.01700019836425,20.46699905395508,20.940000534057617,218394000
2021-09-30,20.67229461669922,20.715999603271484,21.06599998474121,20.6879997253418,20.76799964904785,221009000
2021-10-01,20.6982421875,20.742000579833984,20.858999252319336,20.202999114990234,20.75,240978000
2021-10-04,19.69037818908692,19.73200035095215,20.54199981689453,19.55500030517578,20.503999710083008,345635000
2021-10-05,20.40785789489746,20.451000213623047,20.64800071716309,19.85400009155273,19.950000762939453,279282000
2021-10-06,20.65633010864257,20.700000762939453,20.71999931335449,20.07999992370605,20.1200008392334,297202000
2021-10-07,21.0305404663086,21.075000762939453,21.32200050354004,20.972000122070312,21.09199905395508,256919000
2021-10-08,20.787052154541016,20.83099937438965,21.20599937438965,20.77499961853028,21.10099983215332,151258000
2021-10-11,20.65134048461914,20.69499969482422,21.0629997253418,20.51099967956543,20.575000762939453,163388000
2021-10-12,20.62739372253418,20.67099952697754,21.05699920654297,20.527999877929688,20.827999114990234,162134000
2021-10-13,20.89482688903809,20.93899917602539,20.989999771118164,20.71299934387207,20.917999267578125,180652000
2021-10-14,21.70012283325196,21.746000289916992,21.7549991607666,21.121999740600582,21.288000106811523,243589000
2021-10-15,21.81588363647461,21.86199951171875,21.93099975585937,21.66200065612793,21.809999465942383,226994000
2021-10-18,22.175121307373047,22.222000122070312,22.291000366210938,21.643999099731445,21.749000549316406,189494000
2021-10-19,22.242977142333984,22.290000915527344,22.378999710083008,22.03700065612793,22.275999069213867,161473000
2021-10-20,22.056371688842773,22.10300064086914,22.433000564575195,21.98200035095215,22.30500030517578,146276000
2021-10-21,22.64413070678711,22.691999435424805,22.711000442504883,22.08300018310547,22.097000122070312,187590000
2021-10-22,22.67805862426757,22.72599983215332,23.1299991607666,22.56100082397461,22.82299995422364,249384000
2021-10-25,23.11713600158692,23.166000366210938,23.354999542236328,22.770000457763672,22.972999572753903,230235000
2021-10-26,24.664857864379883,24.71699905395508,25.25900077819824,23.92399978637696,23.98900032043457,485898000
2021-10-27,24.399417877197266,24.451000213623047,25.09000015258789,24.28199958801269,24.474000930786133,245990000
2021-10-28,24.88838577270508,24.94099998474121,24.950000762939453,24.52300071716309,24.87800025939941,234204000
2021-10-29,25.513063430786133,25.566999435424805,25.708999633789062,25.0,25.0009994506836,292503000
2021-11-01,25.77251434326172,25.82699966430664,25.893999099731445,25.22699928283692,25.64900016784668,265740000
2021-11-02,26.34530639648437,26.400999069213867,26.67799949645996,25.799999237060547,25.82200050354004,294112000
2021-11-03,26.541889190673828,26.597999572753903,26.78400039672852,26.23500061035156,26.670000076293945,239910000
2021-11-04,29.738130569458008,29.801000595092773,31.364999771118164,27.11800003051757,27.22900009155273,1153631000
2021-11-05,29.689233779907227,29.75200080871582,31.39999961853028,29.40999984741211,30.187000274658203,851260000
2021-11-08,30.739017486572266,30.804000854492188,31.100000381469727,29.90699958801269,30.14900016784668,503101000
2021-11-09,30.59232521057129,30.65699958801269,32.310001373291016,29.964000701904297,32.28200149536133,646746000
2021-11-10,29.39685440063477,29.458999633789062,30.850000381469727,28.777999877929688,29.356000900268555,636206000
2021-11-11,30.32589340209961,30.38999938964844,30.59000015258789,29.777000427246094,30.468000411987305,332172000
2021-11-12,30.32589340209961,30.38999938964844,30.68000030517578,29.6299991607666,30.01000022888184,413054000
2021-11-15,29.961658477783203,30.02499961853028,30.643999099731445,29.246999740600582,30.552000045776367,384909000
2021-11-16,30.13928985595703,30.202999114990234,30.38999938964844,29.70599937438965,29.75900077819824,264484000
2021-11-17,29.19927024841309,29.26099967956543,30.50900077819824,28.799999237060547,30.417999267578125,428508000
2021-11-18,31.60818290710449,31.674999237060547,32.7599983215332,31.32099914550781,32.367000579833984,781711000
2021-11-19,32.9154167175293,32.98500061035156,33.0880012512207,31.905000686645508,32.24300003051758,533867000
2021-11-22,31.88858795166016,31.95599937438965,34.64699935913086,31.89999961853028,33.516998291015625,754335000
2021-11-23,31.679027557373047,31.746000289916992,32.36000061035156,30.8799991607666,31.53499984741211,532163000
2021-11-24,32.605064392089844,32.67399978637695,32.85499954223633,30.92799949645996,31.461000442504883,435162000
2021-11-26,31.43654441833496,31.50300025939941,32.709999084472656,31.350000381469727,32.599998474121094,283069000
2021-11-29,33.30559158325195,33.375999450683594,33.4119987487793,32.0359992980957,32.36600112915039,454964000
2021-11-30,32.607059478759766,32.67599868774414,33.35300064086914,31.86400032043457,33.16899871826172,622066000
2021-12-01,31.372529983520508,31.434999465942383,33.28900146484375,31.3799991607666,33.21900177001953,484368000
2021-12-02,32.06215286254883,32.125999450683594,32.47800064086914,31.02499961853028,31.214000701904297,472890000
2021-12-03,30.63200187683105,30.69300079345703,32.12900161743164,30.1299991607666,32.0,544325000
2021-12-06,29.97730827331543,30.03700065612793,30.24099922180176,28.038000106811523,29.8799991607666,658938000
2021-12-07,32.362552642822266,32.426998138427734,32.44900131225586,30.650999069213867,30.957000732421875,593053000
2021-12-08,31.76275062561035,31.826000213623047,32.290000915527344,31.42099952697754,31.999000549316406,475551000
2021-12-09,30.429405212402344,30.489999771118164,32.20500183105469,30.42799949645996,31.733999252319336,488507000
2021-12-10,30.13799095153809,30.19799995422364,31.30500030517578,29.86100006103516,31.14999961853028,488825000
2021-12-13,28.10503387451172,28.160999298095703,30.29400062561035,28.11599922180176,30.249000549316406,598344000
2021-12-14,28.280681610107425,28.33699989318848,28.67799949645996,27.25,27.698999404907227,667035000
2021-12-15,30.39846611022949,30.458999633789062,30.5,27.83799934387207,28.39999961853028,698297000
2021-12-16,28.330585479736328,28.386999130249023,31.15999984741211,28.093000411987305,31.152000427246094,707366000
2021-12-17,27.745750427246094,27.801000595092773,28.92200088500977,27.76000022888184,27.98500061035156,713758000
2021-12-20,27.66391563415528,27.7189998626709,28.143999099731445,27.145000457763672,27.30500030517578,461847000
2021-12-21,29.01721954345703,29.075000762939453,29.1200008392334,27.400999069213867,28.374000549316406,524385000
2021-12-22,29.34156990051269,29.39999961853028,29.55500030517578,28.448999404907227,28.891000747680664,395184000
2021-12-23,29.581092834472656,29.63999938964844,30.05900001525879,29.43099975585937,29.7549991607666,343022000
2021-12-27,30.88350296020508,30.94499969482422,31.08699989318848,29.63999938964844,29.65999984741211,403686000
2021-12-28,30.261743545532227,30.32200050354004,31.32999992370605,30.011999130249023,31.312000274658203,420591000
2021-12-29,29.941375732421875,30.0009994506836,30.54800033569336,29.36599922180176,30.27300071716309,343139000
2021-12-30,29.52720260620117,29.586000442504883,30.457000732421875,29.540000915527344,29.82699966430664,308864000
2021-12-31,29.35255241394043,29.410999298095703,30.030000686645508,29.33099937438965,29.67399978637696,266530000
2022-01-03,30.06113815307617,30.121000289916992,30.711000442504883,29.78499984741211,29.815000534057617,391547000
2022-01-04,29.231788635253903,29.290000915527344,30.468000411987305,28.349000930786133,30.277000427246094,527154000
2022-01-05,27.54913902282715,27.60400009155273,29.416000366210938,27.53300094604492,28.948999404907227,498064000
2022-01-06,28.121999740600582,28.17799949645996,28.4379997253418,27.065000534057617,27.63999938964844,454186000
2022-01-07,27.192848205566406,27.246999740600582,28.42200088500977,27.05699920654297,28.141000747680664,409939000
2022-01-10,27.345542907714844,27.39999961853028,27.4689998626709,25.643999099731445,26.58099937438965,594681000
2022-01-11,27.761716842651367,27.816999435424805,28.065000534057617,26.839000701904297,27.32299995422364,404089000
2022-01-12,27.943357467651367,27.999000549316406,28.59499931335449,27.607999801635746,28.066999435424805,383413000
2022-01-13,26.52219009399414,26.575000762939453,28.479999542236328,26.49799919128418,28.378999710083008,540171000
2022-01-14,26.88846015930176,26.941999435424805,27.19700050354004,26.209999084472656,26.299999237060547,395832000
2022-01-18,25.85152053833008,25.902999877929688,26.63800048828125,25.770000457763672,26.26000022888184,424270000
2022-01-19,25.017179489135746,25.066999435424805,26.542999267578125,25.052000045776367,26.07900047302246,488315000
2022-01-20,24.10200309753418,24.14999961853028,25.57900047302246,24.077999114990234,25.304000854492188,435181000
2022-01-21,23.32754898071289,23.374000549316406,24.82299995422364,23.26300048828125,23.506999969482425,718958000
2022-01-24,23.32554817199707,23.371999740600582,23.3799991607666,20.88800048828125,22.32999992370605,913982000
2022-01-25,22.27962875366211,22.323999404907227,22.94300079345703,22.0,22.54599952697754,664616000
2022-01-26,22.72674560546875,22.77199935913086,24.05699920654297,22.299999237060547,23.239999771118164,755959000
2022-01-27,21.90038681030273,21.944000244140625,23.9950008392334,21.674999237060547,23.56800079345703,573353000
2022-01-28,22.794612884521484,22.84000015258789,22.857999801635746,21.29599952697754,22.011999130249023,543774000
2022-01-31,24.437339782714844,24.48600006103516,24.50900077819824,23.052000045776367,23.18199920654297,564680000
2022-02-01,24.589035034179688,24.63800048828125,25.145000457763672,23.88999938964844,25.10400009155273,518925000
2022-02-02,25.19183349609375,25.242000579833984,25.816999435424805,24.55299949645996,25.79400062561035,543419000
2022-02-03,23.900405883789062,23.94799995422364,25.07699966430664,23.780000686645508,24.45800018310547,410178000
2022-02-04,24.27066993713379,24.319000244140625,24.63500022888184,23.631999969482425,23.972000122070312,354829000
2022-02-07,24.678852081298828,24.72800064086914,25.18199920654297,24.20199966430664,24.371999740600582,376868000
2022-02-08,25.058103561401367,25.107999801635746,25.229999542236328,23.979999542236328,24.358999252319336,410359000
2022-02-09,26.651927947998047,26.70499992370605,26.725000381469727,25.35300064086914,25.621999740600582,524282000
2022-02-10,25.772676467895508,25.823999404907227,26.924999237060547,25.600000381469727,25.9950008392334,513200000
2022-02-11,23.901403427124023,23.948999404907227,26.152000427246094,23.77300071716309,25.916000366210938,605472000
2022-02-14,24.2187728881836,24.26700019836425,24.875,23.7549991607666,23.93400001525879,440424000
2022-02-15,26.44234275817871,26.4950008392334,26.545000076293945,24.78400039672852,24.948999404907227,699869000
2022-02-16,26.458311080932617,26.51099967956543,26.582000732421875,25.552000045776367,26.25900077819824,732676000
2022-02-17,24.45829963684082,24.506999969482425,25.78499984741211,24.165000915527344,25.6299991607666,810595000
2022-02-18,23.595014572143555,23.64200019836425,24.98600006103516,23.100000381469727,24.667999267578125,761255000
2022-02-22,23.3435173034668,23.38999938964844,24.06399917602539,23.0,23.03499984741211,633422000
2022-02-23,22.34250831604004,22.386999130249023,24.155000686645508,22.301000595092773,23.802000045776367,566511000
2022-02-24,23.700803756713867,23.74799919128418,23.799999237060547,20.88999938964844,21.01499938964844,735801000
2022-02-25,24.108991622924805,24.15699958801269,24.21699905395508,23.381000518798828,23.72100067138672,528866000
2022-02-28,24.336538314819336,24.38500022888184,24.665000915527344,23.707000732421875,23.992000579833984,477319000
2022-03-01,23.43034172058105,23.47699928283692,24.37700080871582,23.131999969482425,24.291000366210938,412056000
2022-03-02,24.17598342895508,24.21999931335449,24.40900039672852,23.415000915527344,23.756000518798828,389642000
2022-03-03,23.67090606689453,23.714000701904297,24.326000213623047,23.4689998626709,24.261999130249023,365095000
2022-03-04,22.89431381225586,22.93600082397461,23.68000030517578,22.48200035095215,23.38400077819824,431415000
2022-03-07,21.31319999694824,21.35199928283692,23.03300094604492,21.32999992370605,22.816999435424805,450821000
2022-03-08,21.47490119934082,21.513999938964844,22.37299919128418,20.64999961853028,21.30900001525879,557467000
2022-03-09,22.972177505493164,23.013999938964844,23.21999931335449,22.246999740600582,22.386999130249023,492742000
2022-03-10,22.616823196411133,22.65800094604492,22.788000106811523,21.881999969482425,22.5310001373291,428066000
2022-03-11,22.0598373413086,22.100000381469727,23.145000457763672,22.04599952697754,23.02199935913086,367209000
2022-03-14,21.291240692138672,21.32999992370605,22.261999130249023,21.15900039672852,21.86899948120117,385354000
2022-03-15,22.93124961853028,22.972999572753903,23.038000106811523,21.32200050354004,21.51799964904785,491996000
2022-03-16,24.45148086547852,24.496000289916992,24.597000122070312,23.17200088500977,23.5,671422000
2022-03-17,24.720991134643555,24.766000747680664,24.84199905395508,23.9060001373291,24.1200008392334,471941000
2022-03-18,26.404924392700195,26.452999114990234,26.569000244140625,24.624000549316406,24.79899978637696,730719000
2022-03-21,26.685413360595703,26.733999252319336,27.152000427246094,25.96699905395508,26.506999969482425,591727000
2022-03-22,26.475799560546875,26.52400016784668,27.238000869750977,26.07200050354004,26.72699928283692,547007000
2022-03-23,25.587417602539062,25.63400077819824,26.61199951171875,25.575000762939453,26.1259994506836,502120000
2022-03-24,28.098840713500977,28.14999961853028,28.31999969482422,25.90699958801269,26.166000366210938,877379000
2022-03-25,27.641674041748047,27.691999435424805,28.357999801635746,27.270999908447266,27.88599967956543,579016000
2022-03-28,28.16771697998047,28.2189998626709,28.25,27.20599937438965,27.756000518798828,425494000
2022-03-29,28.603923797607425,28.6560001373291,28.94599914550781,27.979999542236328,28.69499969482422,488984000
2022-03-30,27.63967704772949,27.690000534057617,28.496000289916992,27.50300025939941,28.304000854492188,463487000
2022-03-31,27.23641395568848,27.285999298095703,28.24799919128418,27.270000457763672,27.78199958801269,523440000
2022-04-01,26.6634521484375,26.71199989318848,27.496000289916992,26.26700019836425,27.375,517235000
2022-04-04,27.310274124145508,27.36000061035156,27.558000564575195,26.613000869750977,26.72800064086914,397120000
2022-04-05,25.88387489318848,25.93099975585937,27.319000244140625,25.81999969482422,27.253999710083008,436615000
2022-04-06,24.36264419555664,24.40699958801269,25.299999237060547,24.00300025939941,24.93400001525879,703833000
2022-04-07,24.16400718688965,24.20800018310547,24.722000122070312,23.47800064086914,24.44099998474121,557992000
2022-04-08,23.07699012756348,23.11899948120117,23.92300033569336,23.062000274658203,23.91699981689453,524781000
2022-04-11,21.877168655395508,21.91699981689453,22.31999969482422,21.65999984741211,22.214000701904297,575207000
2022-04-12,21.464916229248047,21.503999710083008,22.725000381469727,21.28199958801269,22.53700065612793,662258000
2022-04-13,22.16265296936035,22.202999114990234,22.5,21.45499992370605,21.72800064086914,516943000
2022-04-14,21.21936416625977,21.257999420166016,22.777000427246094,21.163000106811523,22.5049991607666,569097000
2022-04-18,21.7434139251709,21.78300094604492,22.08799934387207,21.07900047302246,21.200000762939453,525701000
2022-04-19,22.15765953063965,22.19799995422364,22.37299919128418,21.31399917602539,21.71999931335449,512781000
2022-04-20,21.44295883178711,21.48200035095215,22.670000076293945,21.200000762939453,22.51700019836425,468974000
2022-04-21,20.14632034301757,20.183000564575195,22.39200019836425,20.0,21.708999633789062,656209000
2022-04-22,19.47953414916992,19.51499938964844,20.48600006103516,19.5,20.30299949645996,624713000
2022-04-25,19.865833282470703,19.902000427246094,19.94499969482422,19.09600067138672,19.20199966430664,641566000
2022-04-26,18.75385475158692,18.788000106811523,19.788000106811523,18.670000076293945,19.718000411987305,653143000
2022-04-27,18.38153076171875,18.415000915527344,19.16699981689453,18.290000915527344,18.597999572753903,499460000
2022-04-28,19.74604797363281,19.78199958801269,20.03700065612793,18.489999771118164,18.96699905395508,570327000
2022-04-29,18.51329231262207,18.54700088500977,20.12800025939941,18.51700019836425,19.402000427246094,500435000
2022-05-02,19.497501373291016,19.53300094604492,19.573999404907227,18.391000747680664,18.541000366210938,572049000
2022-05-03,19.566375732421875,19.60199928283692,19.825000762939453,19.132999420166016,19.39999961853028,475751000
2022-05-04,20.29704666137696,20.333999633789062,20.39999961853028,18.7509994506836,19.92300033569336,648855000
2022-05-05,18.809755325317383,18.8439998626709,19.924999237060547,18.5,19.867000579833984,626331000
2022-05-06,18.64106178283692,18.674999237060547,19.511999130249023,17.989999771118164,18.73600006103516,633297000
2022-05-09,16.919200897216797,16.950000762939453,18.2549991607666,16.82699966430664,18.03400039672852,644455000
2022-05-10,17.563018798828125,17.594999313354492,18.19799995422364,17.024999618530273,17.68899917602539,761474000
2022-05-11,16.599775314331055,16.6299991607666,17.753000259399414,16.56800079345703,17.347000122070312,670167000
2022-05-12,16.145605087280273,16.174999237060547,16.788000106811523,15.56700038909912,16.2189998626709,708728000
2022-05-13,17.673818588256836,17.70599937438965,17.92799949645996,16.593000411987305,16.788000106811523,670437000
2022-05-16,17.232627868652344,17.263999938964844,17.788000106811523,17.106000900268555,17.509000778198242,521446000
2022-05-17,18.14396476745605,18.177000045776367,18.371000289916992,17.634000778198242,18.073999404907227,585830000
2022-05-18,16.90721893310547,16.937999725341797,18.11800003051757,16.86400032043457,17.704999923706055,545161000
2022-05-19,17.092880249023438,17.124000549316406,17.687000274658203,16.733999252319336,16.937000274658203,621310000
2022-05-20,16.663660049438477,16.694000244140625,17.40999984741211,15.755000114440918,17.332000732421875,739105000
2022-05-23,16.867286682128906,16.898000717163086,16.915000915527344,16.179000854492188,16.27400016784668,639889000
2022-05-24,16.1246395111084,16.15399932861328,16.597000122070312,15.779999732971191,16.510000228881836,588550000
2022-05-25,16.94415283203125,16.975000381469727,17.111000061035156,16.0,16.020000457763672,781132000
2022-05-26,17.81855583190918,17.85099983215332,18.09199905395508,16.02199935913086,16.035999298095703,996575000
2022-05-27,18.776817321777344,18.81100082397461,18.881000518798828,18.100000381469727,18.18600082397461,738379000
2022-05-31,18.638071060180664,18.67200088500977,19.200000762939453,18.350000381469727,18.979999542236328,664100000
2022-06-01,18.28670883178711,18.31999969482422,19.05299949645996,18.121999740600582,18.724000930786133,544514000
2022-06-02,19.5563907623291,19.59199905395508,19.61899948120117,18.19799995422364,18.29199981689453,648656000
2022-06-03,18.685977935791016,18.71999931335449,19.332000732421875,18.52199935913086,19.082000732421875,598779000
2022-06-06,18.751855850219727,18.785999298095703,19.33699989318848,18.56399917602539,19.138999938964844,422406000
2022-06-07,18.8916072845459,18.926000595092773,19.0,18.1879997253418,18.472000122070312,388914000
2022-06-08,18.6180477142334,18.64800071716309,19.18000030517578,18.53499984741211,18.79899978637696,363252000
2022-06-09,18.01901054382324,18.04800033569336,18.933000564575195,18.041000366210938,18.481000900268555,395574000
2022-06-10,16.946735382080078,16.974000930786133,17.69700050354004,16.868999481201172,17.600000381469727,465248000
2022-06-13,15.621866226196287,15.647000312805176,16.312000274658203,15.605999946594238,16.0,604153000
2022-06-14,15.81056308746338,15.836000442504885,16.06599998474121,15.411999702453612,15.730999946594238,469680000
2022-06-15,16.50044822692871,16.527000427246094,16.868000030517578,15.925999641418455,16.094999313354492,563936000
2022-06-16,15.575940132141112,15.60099983215332,15.94200038909912,15.401000022888184,15.859999656677246,545749000
2022-06-17,15.8544921875,15.880000114440918,15.994999885559082,15.32800006866455,15.64799976348877,630334000
2022-06-21,16.539392471313477,16.56599998474121,17.007999420166016,16.406999588012695,16.475000381469727,483089000
2022-06-22,16.333721160888672,16.360000610351562,16.66200065612793,16.18000030517578,16.22599983215332,437135000
2022-06-23,16.19893455505371,16.225000381469727,16.584999084472656,15.852999687194824,16.518999099731445,463680000
2022-06-24,17.09848976135254,17.125999450683594,17.139999389648438,16.309999465942383,16.5,472153000
2022-06-27,16.841901779174805,16.868999481201172,17.329999923706055,16.625999450683594,17.312000274658203,427968000
2022-06-28,15.956327438354492,15.982000350952148,17.20199966430664,15.94499969482422,16.899999618530273,461149000
2022-06-29,15.517033576965332,15.541999816894531,15.81999969482422,15.170000076293944,15.814000129699709,482352000
2022-06-30,15.134651184082031,15.159000396728516,15.56700038909912,14.862000465393066,15.361000061035156,686070000
2022-07-01,14.499672889709473,14.52299976348877,15.062999725341797,14.392000198364258,14.89900016784668,577610000
2022-07-05,14.939963340759276,14.96399974822998,14.970999717712402,14.05500030517578,14.175000190734863,651397000
2022-07-06,15.10569667816162,15.130000114440918,15.319000244140623,14.788999557495115,15.010000228881836,529066000
2022-07-07,15.832527160644531,15.857999801635742,15.94499969482422,15.388999938964844,15.456000328063965,492903000
2022-07-08,15.812559127807615,15.838000297546388,16.03700065612793,15.388999938964844,15.43000030517578,467972000
2022-07-11,15.127660751342772,15.152000427246094,15.527000427246094,15.038000106811523,15.526000022888184,437321000
2022-07-12,15.057772636413574,15.08199977874756,15.430999755859377,14.876999855041504,15.267999649047852,458483000
2022-07-13,15.139640808105469,15.163999557495115,15.375,14.46500015258789,14.59000015258789,521918000
2022-07-14,15.34730625152588,15.371999740600586,15.472999572753906,14.727999687194824,15.107999801635742,456235000
2022-07-15,15.73668098449707,15.76200008392334,15.781999588012695,15.44499969482422,15.659000396728516,385935000
2022-07-18,16.07513999938965,16.10099983215332,16.89699935913086,16.00200080871582,16.302000045776367,670517000
2022-07-19,16.964704513549805,16.992000579833984,17.110000610351562,16.172000885009766,16.486000061035156,702366000
2022-07-20,17.778390884399414,17.80699920654297,17.933000564575195,16.801000595092773,16.94700050354004,760538000
2022-07-21,18.021005630493164,18.049999237060547,18.143999099731445,17.545000076293945,17.885000228881836,557049000
2022-07-22,17.291181564331055,17.319000244140625,17.966999053955078,17.136999130249023,17.89299964904785,536671000
2022-07-25,16.99665641784668,17.02400016784668,17.124000549316406,16.64900016784668,17.018999099731445,480748000
2022-07-26,16.50644302368164,16.533000946044922,16.91900062561035,16.47800064086914,16.888999938964844,397865000
2022-07-27,17.761423110961914,17.790000915527344,17.93600082397461,16.913000106811523,17.031999588012695,569776000
2022-07-28,17.95511245727539,17.983999252319336,18.13999938964844,17.440000534057617,17.975000381469727,474646000
2022-07-29,18.133825302124023,18.163000106811523,18.24399948120117,17.691999435424805,17.812999725341797,435460000
2022-08-01,18.411380767822266,18.44099998474121,18.84600067138672,17.989999771118164,18.18199920654297,476469000
2022-08-02,18.49623680114746,18.525999069213867,18.9379997253418,18.09199905395508,18.121999740600582,489527000
2022-08-03,18.86265182495117,18.89299964904785,18.968000411987305,18.136999130249023,18.18400001525879,418146000
2022-08-04,19.184139251708984,19.21500015258789,19.27400016784668,18.76000022888184,18.849000930786133,409652000
2022-08-05,18.95849800109864,18.98900032043457,19.22900009155273,18.666000366210938,18.809999465942383,386068000
2022-08-08,17.764419555664062,17.792999267578125,18.23900032043457,17.242000579833984,17.50200080871582,981859000
2022-08-09,17.05855369567871,17.086000442504883,17.44700050354004,16.724000930786133,17.25200080871582,668263000
2022-08-10,18.06793212890625,18.097000122070312,18.11800003051757,17.316999435424805,17.697999954223633,597422000
2022-08-11,17.913177490234375,17.941999435424805,18.707000732421875,17.875999450683594,18.131000518798828,509327000
2022-08-12,18.6789493560791,18.708999633789062,18.718000411987305,17.952999114990234,18.15999984741211,478094000
2022-08-15,19.001428604125977,19.03199958801269,19.16399955749512,18.613000869750977,18.701000213623047,457666000
2022-08-16,18.848676681518555,18.878999710083008,19.14200019836425,18.5009994506836,18.920000076293945,451240000
2022-08-17,18.3055477142334,18.334999084472656,18.6879997253418,18.145000457763672,18.52300071716309,446799000
2022-08-18,18.742843627929688,18.77300071716309,18.864999771118164,18.183000564575195,18.301000595092773,415447000
2022-08-19,17.820329666137695,17.849000930786133,18.520000457763672,17.770000457763672,18.4060001373291,441588000
2022-08-22,17.006635665893555,17.034000396728516,17.558000564575195,16.965999603271484,17.489999771118164,409593000
2022-08-23,17.153404235839844,17.180999755859375,17.46500015258789,16.969999313354492,16.98900032043457,369986000
2022-08-24,17.194334030151367,17.222000122070312,17.4060001373291,16.895000457763672,17.011999130249023,522661000
2022-08-25,17.884225845336914,17.913000106811523,17.94700050354004,16.83300018310547,16.8439998626709,770691000
2022-08-26,16.2338809967041,16.260000228881836,17.923999786376953,16.23699951171875,17.85700035095215,769127000
2022-08-29,15.775617599487305,15.800999641418455,16.33799934387207,15.767000198364258,16.020000457763672,496132000
2022-08-30,15.443151473999023,15.468000411987305,16.038999557495117,15.182000160217283,15.960000038146973,530181000
2022-08-31,15.06975555419922,15.093999862670898,15.539999961853027,14.958999633789062,15.383999824523926,573710000
2022-09-01,13.914613723754885,13.937000274658203,14.380000114440918,13.270000457763672,14.208999633789062,1178865000
2022-09-02,13.625078201293944,13.647000312805176,14.17099952697754,13.590999603271484,14.100000381469728,743157000
2022-09-06,13.443371772766112,13.46500015258789,13.779000282287598,13.35099983215332,13.730999946594238,535751000
2022-09-07,13.696039199829102,13.71399974822998,13.838000297546388,13.345999717712402,13.562999725341797,512657000
2022-09-08,13.971677780151367,13.989999771118164,14.008000373840332,13.369000434875488,13.458999633789062,624873000
2022-09-09,14.368157386779783,14.38700008392334,14.473999977111816,14.12600040435791,14.156999588012695,486612000
2022-09-12,14.486002922058104,14.505000114440918,14.54699993133545,14.197999954223633,14.369000434875488,484159000
2022-09-13,13.11380386352539,13.130999565124512,13.92199993133545,13.098999977111816,13.802000045776367,714956000
2022-09-14,13.110806465148926,13.128000259399414,13.289999961853027,12.913000106811523,13.253999710083008,588507000
2022-09-15,12.912067413330078,12.928999900817873,13.232999801635742,12.789999961853027,13.015000343322754,523625000
2022-09-16,13.180715560913086,13.197999954223633,13.211999893188477,12.616999626159668,12.741999626159668,670751000
2022-09-19,13.36447525024414,13.381999969482422,13.463000297546388,13.010000228881836,13.01200008392334,569685000
2022-09-20,13.158745765686035,13.175999641418455,13.482999801635742,13.057000160217283,13.21500015258789,524818000
2022-09-21,13.243634223937988,13.26099967956543,14.031000137329102,13.109999656677246,13.213000297546388,807679000
2022-09-22,12.544548034667969,12.560999870300291,13.14900016784668,12.428000450134276,13.06999969482422,759162000
2022-09-23,12.499608993530272,12.515999794006348,12.611000061035156,12.256999969482422,12.420000076293944,663309000
2022-09-26,12.211987495422363,12.227999687194824,12.659000396728516,12.21399974822998,12.491000175476074,547343000
2022-09-27,12.396743774414062,12.413000106811523,12.736000061035156,12.258000373840332,12.506999969482422,553854000
2022-09-28,12.719320297241213,12.736000061035156,12.822999954223633,12.354000091552734,12.40999984741211,542414000
2022-09-29,12.20399570465088,12.220000267028809,12.5,11.946000099182127,12.447999954223633,532763000
2022-09-30,12.123102188110352,12.138999938964844,12.633000373840332,12.074999809265137,12.086999893188477,565638000
2022-10-03,12.495615005493164,12.51200008392334,12.678000450134276,12.104999542236328,12.347000122070312,547478000
2022-10-04,13.14975643157959,13.166999816894531,13.220000267028809,12.878999710083008,12.878999710083008,584182000
2022-10-05,13.191701889038086,13.208999633789062,13.321000099182127,12.621000289916992,12.91100025177002,507131000
2022-10-06,13.112804412841797,13.130000114440918,13.656000137329102,13.102999687194824,13.220000267028809,644157000
2022-10-07,12.060184478759766,12.076000213623049,12.670000076293944,12.022000312805176,12.505000114440918,672478000
2022-10-10,11.654717445373535,11.670000076293944,12.12399959564209,11.407999992370604,12.036999702453612,698699000
2022-10-11,11.570825576782228,11.586000442504885,11.845999717712402,11.282999992370604,11.560999870300291,667482000
2022-10-12,11.484940528869627,11.5,11.734999656677246,11.345000267028809,11.57900047302246,492590000
2022-10-13,11.944337844848633,11.960000038146973,12.07800006866455,10.812999725341797,10.970999717712402,850103000
2022-10-14,11.21229648590088,11.22700023651123,12.111000061035156,11.20400047302246,12.057000160217283,713432000
2022-10-17,11.872429847717283,11.887999534606934,11.947999954223633,11.517000198364258,11.517999649047852,580774000
2022-10-18,11.951327323913574,11.967000007629396,12.491999626159668,11.618000030517578,12.343999862670898,659362000
2022-10-19,12.035215377807615,12.050999641418455,12.350000381469728,11.833999633789062,11.878999710083008,523131000
2022-10-20,12.17803192138672,12.194000244140623,12.769000053405762,12.104999542236328,12.11299991607666,652398000
2022-10-21,12.44967269897461,12.465999603271484,12.498000144958496,11.88700008392334,12.097999572753906,609494000
2022-10-24,12.582501411437988,12.598999977111816,12.710000038146973,12.064000129699709,12.508000373840332,517457000
2022-10-25,13.243634223937988,13.26099967956543,13.300000190734863,12.663999557495115,12.694000244140623,505482000
2022-10-26,12.879112243652344,12.895999908447266,13.387999534606934,12.708000183105469,12.869000434875488,532953000
2022-10-27,13.158745765686035,13.175999641418455,13.838000297546388,13.121999740600586,13.630000114440918,583113000
2022-10-28,13.815882682800291,13.833999633789062,13.850000381469728,13.060999870300291,13.104000091552734,521040000
2022-10-31,13.479324340820312,13.496999740600586,13.838000297546388,13.29699993133545,13.777999877929688,486341000
2022-11-01,13.525262832641602,13.54300022125244,13.925000190734863,13.519000053405762,13.810999870300291,432817000
2022-11-02,13.201687812805176,13.218999862670898,14.210000038146973,13.211000442504885,13.850000381469728,672628000
2022-11-03,13.403422355651855,13.42099952697754,13.781000137329102,12.956000328063965,13.04300022125244,500065000
2022-11-04,14.137459754943848,14.156000137329102,14.229000091552734,13.696999549865724,13.986000061035156,612576000
2022-11-07,14.282271385192873,14.300999641418455,14.411999702453612,13.95400047302246,14.227999687194824,410061000
2022-11-08,14.582878112792969,14.60200023651123,14.890999794006348,14.215999603271484,14.800999641418455,595292000
2022-11-09,13.757959365844728,13.776000022888184,14.211000442504885,13.758999824523926,14.161999702453612,454414000
2022-11-10,15.729375839233398,15.75,15.77299976348877,14.54699993133545,14.800000190734863,700819000
2022-11-11,16.305618286132812,16.32699966430664,16.388999938964844,15.482000350952148,15.807000160217283,655487000
2022-11-14,16.273656845092773,16.295000076293945,16.540000915527344,15.92199993133545,16.218000411987305,527852000
2022-11-15,16.64417266845703,16.666000366210938,16.99799919128418,16.381999969482422,16.722000122070312,545876000
2022-11-16,15.889163970947266,15.90999984741211,16.36199951171875,15.873000144958496,16.16200065612793,649547000
2022-11-17,15.656468391418455,15.677000045776367,16.266000747680664,15.53499984741211,15.71500015258789,710894000
2022-11-18,15.38881778717041,15.409000396728516,16.00200080871582,15.119999885559082,15.965999603271484,492072000
2022-11-21,15.296940803527832,15.31700038909912,15.47700023651123,15.079999923706056,15.147000312805176,404739000
2022-11-22,16.016992568969727,16.038000106811523,16.058000564575195,15.121999740600586,15.32800006866455,472866000
2022-11-23,16.497365951538086,16.518999099731445,16.527000427246094,16.04800033569336,16.097999572753906,427241000
2022-11-25,16.248693466186523,16.270000457763672,16.48699951171875,16.172000885009766,16.31800079345703,167934000
2022-11-28,15.806272506713867,15.82699966430664,16.35700035095215,15.725000381469728,16.025999069213867,303741000
2022-11-29,15.61851692199707,15.638999938964844,15.932000160217283,15.520000457763672,15.82699966430664,298384000
2022-11-30,16.90515899658203,16.92300033569336,16.93000030517578,15.597000122070312,15.696999549865724,565298000
2022-12-01,17.116933822631836,17.135000228881836,17.264999389648438,16.635000228881836,16.999000549316406,470977000
2022-12-02,16.85820960998535,16.875999450683594,16.933000564575195,16.44499969482422,16.659000396728516,371389000
2022-12-05,16.592493057250977,16.610000610351562,16.9950008392334,16.472000122070312,16.679000854492188,352255000
2022-12-06,15.970149040222168,15.987000465393066,16.572999954223633,15.819000244140623,16.530000686645508,352694000
2022-12-07,16.10300636291504,16.1200008392334,16.18600082397461,15.666999816894531,15.772000312805176,372388000
2022-12-08,17.150901794433594,17.16900062561035,17.179000854492188,15.958999633789062,16.273000717163086,515456000
2022-12-09,16.98307991027832,17.000999450683594,17.58300018310547,16.975000381469727,17.15999984741211,465338000
2022-12-12,17.51651954650879,17.53499984741211,17.538000106811523,16.797000885009766,17.03700065612793,457328000
2022-12-13,18.052953720092773,18.07200050354004,18.790000915527344,17.711000442504883,18.5310001373291,656589000
2022-12-14,17.655372619628906,17.673999786376953,18.25200080871582,17.420000076293945,17.98699951171875,496888000
2022-12-15,16.934127807617188,16.95199966430664,17.31999969482422,16.700000762939453,17.145999908447266,478542000
2022-12-16,16.55353355407715,16.570999145507812,17.041000366210938,16.40999984741211,16.86400032043457,478232000
2022-12-19,16.23686408996582,16.253999710083008,16.608999252319336,16.145000457763672,16.57200050354004,354039000
2022-12-20,16.068042755126953,16.084999084472656,16.309999465942383,15.85200023651123,16.06399917602539,403260000
2022-12-21,16.483606338500977,16.500999450683594,16.62700080871582,16.101999282836914,16.11400032043457,325025000
2022-12-22,15.322829246520996,15.33899974822998,16.13800048828125,14.881999969482422,16.0939998626709,565045000
2022-12-23,15.189973831176758,15.206000328063965,15.33899974822998,14.883000373840332,15.196000099182127,349326000
2022-12-27,14.106114387512209,14.121000289916992,15.100000381469728,14.055999755859377,15.074000358581545,464902000
2022-12-28,14.021203994750977,14.03600025177002,14.26200008392334,13.883999824523926,13.927000045776367,351066000
2022-12-29,14.587607383728027,14.602999687194824,14.68299961090088,14.22700023651123,14.402000427246094,354923000
2022-12-30,14.598596572875977,14.61400032043457,14.628999710083008,14.232999801635742,14.333999633789062,310490000
2023-01-03,14.299907684326172,14.3149995803833,14.996000289916992,14.095999717712402,14.85099983215332,401277000
2023-01-04,14.733453750610352,14.74899959564209,14.852999687194824,14.241000175476074,14.56700038909912,431324000
2023-01-05,14.24996280670166,14.265000343322754,14.564000129699709,14.14799976348877,14.491000175476074,389168000
2023-01-06,14.843335151672363,14.859000205993652,15.010000228881836,14.034000396728516,14.473999977111816,405044000
2023-01-09,15.611527442932127,15.628000259399414,16.055999755859375,15.140999794006348,15.284000396728516,504231000
2023-01-10,15.892230033874512,15.909000396728516,15.961999893188477,15.472000122070312,15.506999969482422,384101000
2023-01-11,15.984132766723633,16.000999450683594,16.027999877929688,15.562999725341797,15.84000015258789,353285000
2023-01-12,16.493593215942383,16.51099967956543,16.636999130249023,15.491999626159668,16.100000381469727,551409000
2023-01-13,16.88118553161621,16.89900016784668,16.922000885009766,16.165000915527344,16.277999877929688,447287000
2023-01-17,17.683340072631836,17.70199966430664,17.72800064086914,16.89900016784668,16.89900016784668,511102000
2023-01-18,17.358684539794922,17.37700080871582,17.87299919128418,17.281999588012695,17.66699981689453,439624000
2023-01-19,16.747325897216797,16.764999389648438,17.19700050354004,16.731000900268555,17.035999298095703,452932000
2023-01-20,17.820194244384766,17.839000701904297,17.856000900268555,16.825000762939453,17.01099967956543,564967000
2023-01-23,19.17276954650879,19.19300079345703,19.2450008392334,17.81800079345703,18.06399917602539,655163000
2023-01-24,19.244691848754883,19.26499938964844,19.4950008392334,18.81999969482422,18.82699966430664,496204000
2023-01-25,19.302629470825195,19.32299995422364,19.3700008392334,18.57999992370605,18.913000106811523,449537000
2023-01-26,19.7811279296875,19.802000045776367,20.166000366210938,19.277999877929688,19.701000213623047,489535000
2023-01-27,20.34353256225586,20.364999771118164,20.62800025939941,19.405000686645508,19.46199989318848,542142000
2023-01-30,19.14179992675781,19.16200065612793,20.13999938964844,19.14999961853028,19.950000762939453,488611000
2023-01-31,19.516407012939453,19.53700065612793,19.687000274658203,18.950000762939453,19.170000076293945,498017000
2023-02-01,20.920923233032227,20.94300079345703,21.191999435424805,19.61100006103516,19.69099998474121,660477000
2023-02-02,21.686113357543945,21.708999633789062,21.948999404907227,20.700000762939453,21.0,564276000
2023-02-03,21.0777587890625,21.100000381469727,21.7450008392334,20.78899955749512,21.0,429366000
2023-02-06,21.066770553588867,21.089000701904297,21.56999969482422,20.785999298095703,20.80599975585937,452197000
2023-02-07,22.14962577819824,22.17300033569336,22.25900077819824,21.14999961853028,21.381999969482425,664150000
2023-02-08,22.181591033935547,22.20499992370605,22.87800025939941,22.007999420166016,22.386999130249023,559651000
2023-02-09,22.31345558166504,22.33699989318848,23.020000457763672,22.1200008392334,22.606000900268555,523876000
2023-02-10,21.242582321166992,21.26499938964844,22.077999114990234,20.81100082397461,21.690000534057617,550737000
2023-02-13,21.76502990722656,21.788000106811523,22.04800033569336,20.96199989318848,21.538000106811523,474919000
2023-02-14,22.9467887878418,22.97100067138672,23.04899978637696,21.36599922180176,21.577999114990234,675474000
2023-02-15,22.7400016784668,22.763999938964844,22.854999542236328,22.106000900268555,22.54899978637696,420575000
2023-02-16,21.978809356689453,22.00200080871582,22.549999237060547,21.927000045776367,22.132999420166016,412026000
2023-02-17,21.36545181274414,21.38800048828125,21.739999771118164,20.975000381469727,21.631000518798828,465888000
2023-02-21,20.63322830200196,20.655000686645508,21.49399948120117,20.61800003051757,21.0,410015000
2023-02-22,20.73212432861328,20.753999710083008,21.10400009155273,20.42099952697754,20.707000732421875,513184000
2023-02-23,23.639055252075195,23.66399955749512,23.88800048828125,23.02499961853028,23.440000534057617,1117995000
2023-02-24,23.261451721191406,23.285999298095703,23.474000930786133,22.94700050354004,23.225000381469727,589716000
2023-02-27,23.476226806640625,23.5009994506836,23.8799991607666,23.45400047302246,23.670000076293945,452994000
2023-02-28,23.191524505615234,23.215999603271484,23.825000762939453,23.20599937438965,23.371999740600582,455963000
2023-03-01,22.67407417297364,22.69799995422364,23.256000518798828,22.507999420166016,23.191999435424805,460026000
2023-03-02,23.28942108154297,23.31399917602539,23.3799991607666,22.43199920654297,22.488000869750977,389415000
2023-03-03,23.86481475830078,23.88999938964844,23.89999961853028,23.1299991607666,23.31999969482422,412393000
2023-03-06,23.529172897338867,23.554000854492188,24.24799919128418,23.48699951171875,23.891000747680664,437429000
2023-03-07,23.26740264892578,23.288000106811523,24.125,23.24099922180176,23.600000381469727,515154000
2023-03-08,24.15961647033692,24.18099975585937,24.200000762939453,23.42399978637696,23.48699951171875,513573000
2023-03-09,23.41527366638184,23.43600082397461,24.45400047302246,23.382999420166016,24.174999237060547,501257000
2023-03-10,22.94468688964844,22.96500015258789,23.62700080871582,22.72599983215332,23.40900039672852,474866000
2023-03-13,22.94568634033203,22.965999603271484,23.29800033569336,22.29700088500977,22.75200080871582,421890000
2023-03-14,24.04171562194824,24.0629997253418,24.2189998626709,23.459999084472656,23.496000289916992,474910000
2023-03-15,24.20657157897949,24.22800064086914,24.285999298095703,23.36000061035156,23.76099967956543,524486000
2023-03-16,25.51840782165528,25.541000366210938,25.58799934387207,23.893999099731445,24.027000427246094,583253000
2023-03-17,25.70225143432617,25.725000381469727,26.39900016784668,25.667999267578125,25.98200035095215,848547000
2023-03-20,25.877094268798828,25.89999961853028,26.02400016784668,25.1299991607666,25.614999771118164,432747000
2023-03-21,26.175827026367188,26.198999404907227,26.39200019836425,25.381000518798828,26.18000030517578,547408000
2023-03-22,26.444583892822266,26.468000411987305,27.589000701904297,26.23699951171875,26.424999237060547,797295000
2023-03-23,27.16695213317871,27.19099998474121,27.499000549316406,26.690000534057617,27.114999771118164,564889000
2023-03-24,26.755311965942383,26.77899932861328,27.16699981689453,26.354999542236328,27.0310001373291,454920000
2023-03-27,26.50753402709961,26.5310001373291,27.0,26.364999771118164,26.83699989318848,361026000
2023-03-28,26.38664054870605,26.40999984741211,26.51300048828125,25.850000381469727,26.44700050354004,356104000
2023-03-29,26.96013641357422,26.983999252319336,27.077999114990234,26.597000122070312,26.825000762939453,393694000
2023-03-30,27.358776092529297,27.382999420166016,27.499000549316406,27.10199928283692,27.22900009155273,364516000
2023-03-31,27.752429962158203,27.777000427246094,27.833999633789062,27.104999542236328,27.13999938964844,433933000
2023-04-03,27.940263748168945,27.96500015258789,28.0,27.336000442504883,27.50900077819824,398716000
2023-04-04,27.42871856689453,27.452999114990234,28.0,27.30699920654297,27.965999603271484,368592000
2023-04-05,26.85722541809082,26.881000518798828,26.99799919128418,26.395000457763672,26.82900047302246,515015000
2023-04-06,27.013084411621094,27.03700065612793,27.07999992370605,26.427000045776367,26.583999633789062,397654000
2023-04-10,27.55460929870605,27.57900047302246,27.621000289916992,26.66900062561035,26.82299995422364,395279000
2023-04-11,27.14497184753418,27.16900062561035,27.790000915527344,27.1259994506836,27.724000930786133,314378000
2023-04-12,26.47156524658203,26.4950008392334,27.468000411987305,26.44799995422364,27.3700008392334,446259000
2023-04-13,26.43959617614746,26.46299934387207,26.886999130249023,26.32900047302246,26.733999252319336,353615000
2023-04-14,26.73433303833008,26.757999420166016,26.882999420166016,26.21999931335449,26.503999710083008,395660000
2023-04-17,26.97811508178711,27.00200080871582,27.006000518798828,26.433000564575195,26.565000534057617,321471000
2023-04-18,27.64253044128418,27.66699981689453,28.11000061035156,27.35700035095215,27.53300094604492,604812000
2023-04-19,27.906293869018555,27.93099975585937,28.0,27.23200035095215,27.36100006103516,358660000
2023-04-20,27.08002471923828,27.10400009155273,28.030000686645508,27.0,27.67099952697754,427713000
2023-04-21,27.09501266479492,27.11899948120117,27.183000564575195,26.722000122070312,26.95199966430664,345103000
2023-04-24,27.01808357238769,27.04199981689453,27.36599922180176,26.67099952697754,27.01300048828125,339282000
2023-04-25,26.217792510986328,26.24099922180176,27.246999740600582,26.225000381469727,27.077999114990234,378527000
2023-04-26,26.932159423828125,26.95599937438965,27.32999992370605,26.70499992370605,27.00200080871582,406337000
2023-04-27,27.201919555664062,27.22599983215332,27.4950008392334,26.625,27.363000869750977,377161000
2023-04-28,27.724458694458008,27.749000549316406,27.757999420166016,27.07099914550781,27.225000381469727,292216000
2023-05-01,28.884429931640625,28.90999984741211,29.058000564575195,27.780000686645508,27.84000015258789,570329000
2023-05-02,28.18504524230957,28.209999084472656,28.836000442504883,28.08300018310547,28.68000030517578,402730000
2023-05-03,27.77741241455078,27.802000045776367,28.367000579833984,27.472000122070312,27.84000015258789,383387000
2023-05-04,27.537622451782227,27.562000274658203,27.858999252319336,27.239999771118164,27.650999069213867,321850000
2023-05-05,28.654630661010746,28.68000030517578,28.7549991607666,27.731000900268555,27.826000213623047,361494000
2023-05-08,29.125215530395508,29.150999069213867,29.21999931335449,28.350000381469727,28.52199935913086,344979000
2023-05-09,28.54572868347168,28.57099914550781,28.972999572753903,28.450000762939453,28.89900016784668,314869000
2023-05-10,28.859451293945312,28.88500022888184,29.113000869750977,28.461000442504883,29.0049991607666,369350000
2023-05-11,28.55272483825684,28.577999114990234,28.950000762939453,28.246000289916992,28.895999908447266,322149000
2023-05-12,28.31493186950684,28.34000015258789,28.780000686645508,28.04599952697754,28.52899932861328,274222000
2023-05-15,28.927392959594727,28.952999114990234,28.9689998626709,28.152000427246094,28.507999420166016,293926000
2023-05-16,29.18716049194336,29.21299934387207,29.8700008392334,28.832000732421875,28.840999603271484,449405000
2023-05-17,30.151308059692383,30.17799949645996,30.198999404907227,29.43000030517578,29.583999633789062,432535000
2023-05-18,31.649980545043945,31.67799949645996,31.827999114990234,30.31999969482422,30.40999984741211,748725000
2023-05-19,31.236343383789062,31.263999938964844,31.57999992370605,30.916000366210938,31.535999298095703,473908000
2023-05-22,31.14842796325684,31.176000595092773,31.520000457763672,30.68000030517578,30.900999069213867,372000000
2023-05-23,30.660858154296875,30.6879997253418,31.288000106811523,30.631000518798828,31.0,356253000
2023-05-24,30.51098823547364,30.538000106811523,30.60700035095215,29.80599975585937,30.209999084472656,721419000
2023-05-25,37.946407318115234,37.97999954223633,39.47999954223633,36.6349983215332,38.52299880981445,1543911000
2023-05-26,38.91155624389648,38.94599914550781,39.16999816894531,37.54999923706055,37.88999938964844,714397000
2023-05-30,40.07552337646485,40.11100006103516,41.9379997253418,39.94900131225586,40.595001220703125,923401000
2023-05-31,37.800537109375,37.83399963378906,40.29499816894531,37.821998596191406,39.48799896240234,1002580000
2023-06-01,39.734825134277344,39.77000045776367,40.04999923706055,38.34000015258789,38.48899841308594,635873000
2023-06-02,39.29220962524414,39.32699966430664,40.5,39.05799865722656,40.09700012207031,482731000
2023-06-05,39.13636016845703,39.17100143432617,39.56499862670898,38.70700073242188,38.90900039672852,396094000
2023-06-06,38.61980819702149,38.65399932861328,39.15999984741211,38.14799880981445,38.83000183105469,388729000
2023-06-07,37.44572448730469,37.47499847412109,39.499000549316406,37.35599899291992,38.915000915527344,511998000
2023-06-08,38.47991943359375,38.5099983215332,38.86399841308594,37.505001068115234,37.7239990234375,417772000
2023-06-09,38.73971557617188,38.77000045776367,39.71099853515625,38.56700134277344,39.0369987487793,427717000
2023-06-12,39.45115661621094,39.48199844360352,39.52999877929688,38.61800003051758,39.20000076293945,388701000
2023-06-13,40.98995590209961,41.02199935913086,41.10100173950195,39.7400016784668,40.18600082397461,613208000
2023-06-14,42.96341323852539,42.99700164794922,43.0,40.55199813842773,40.82400131225586,740465000
2023-06-15,42.61968612670898,42.65299987792969,43.28900146484375,42.14699935913086,42.60200119018555,568622000
2023-06-16,42.65864944458008,42.69200134277344,43.72100067138672,42.6609992980957,43.45000076293945,655709000
2023-06-20,43.77378463745117,43.80799865722656,43.9900016784668,42.67399978637695,42.99800109863281,451153000
2023-06-21,43.011375427246094,43.04499816894531,43.6150016784668,42.08000183105469,43.5009994506836,551603000
2023-06-22,42.991397857666016,43.025001525878906,43.42599868774414,42.23400115966797,42.25299835205078,417737000
2023-06-23,42.1760368347168,42.20899963378906,42.80899810791016,42.01499938964844,42.4640007019043,358140000
2023-06-26,40.60026168823242,40.63199996948242,42.76399993896485,40.09999847412109,42.46099853515625,594322000
2023-06-27,41.8432846069336,41.8759994506836,41.93999862670898,40.448001861572266,40.79899978637695,462175000
2023-06-28,41.08488845825195,41.117000579833984,41.845001220703125,40.51800155639648,40.65999984741211,582639000
2023-06-29,40.79010772705078,40.821998596191406,41.59999847412109,40.59999847412109,41.55799865722656,380514000
2023-06-30,42.26895523071289,42.30199813842773,42.54999923706055,41.5009994506836,41.68000030517578,501148000
2023-07-03,42.3798713684082,42.41299819946289,42.89799880981445,42.20199966430664,42.516998291015625,198209000
2023-07-05,42.2839469909668,42.31700134277344,43.17699813842773,42.084999084472656,42.1349983215332,323618000
2023-07-06,42.07011413574219,42.10300064086914,42.17900085449219,41.34600067138672,41.84400177001953,303582000
2023-07-07,42.46979904174805,42.50299835205078,43.2140007019043,42.18000030517578,42.321998596191406,355881000
2023-07-10,42.14705276489258,42.18000030517578,42.81100082397461,41.64899826049805,42.65700149536133,353908000
2023-07-11,42.37187576293945,42.40499877929688,42.757999420166016,42.06700134277344,42.48099899291992,298244000
2023-07-12,43.867713928222656,43.902000427246094,43.935001373291016,42.777000427246094,43.03300094604492,481277000
2023-07-13,45.94108581542969,45.97700119018555,46.15499877929688,44.492000579833984,44.51800155639648,478204000
2023-07-14,45.43347930908203,45.46900177001953,48.0880012512207,45.060001373291016,46.58300018310547,772075000
2023-07-17,46.42470932006836,46.46099853515625,46.49599838256836,45.262001037597656,46.28900146484375,510488000
2023-07-18,47.45690536499024,47.49399948120117,47.89599990844727,45.73400115966797,46.70100021362305,569164000
2023-07-19,47.04022979736328,47.07699966430664,47.81800079345703,46.742000579833984,47.4640007019043,427502000
2023-07-20,45.48444366455078,45.52000045776367,47.08700180053711,45.0620002746582,46.50699996948242,537865000
2023-07-21,44.274391174316406,44.30899810791016,45.86600112915039,44.09999847412109,45.78799819946289,963769000
2023-07-24,44.57715606689453,44.61199951171875,45.10900115966797,44.040000915527344,44.73099899291992,382516000
2023-07-25,45.64332580566406,45.67900085449219,46.18299865722656,44.92300033569336,44.94100189208984,348081000
2023-07-26,45.41650390625,45.45199966430664,46.053001403808594,44.630001068115234,46.02099990844727,364237000
2023-07-27,45.86415100097656,45.900001525878906,47.39500045776367,45.75,46.51900100708008,455976000
2023-07-28,46.713478088378906,46.75,47.027000427246094,46.38100051879883,46.667999267578125,331194000
2023-07-31,46.69249725341797,46.729000091552734,47.130001068115234,46.50600051879883,46.75400161743164,251055000
2023-08-01,46.47067260742188,46.50699996948242,46.900001525878906,46.027000427246094,46.459999084472656,237858000
2023-08-02,44.23442077636719,44.26900100708008,45.84000015258789,43.387001037597656,45.83100128173828,530142000
2023-08-03,44.480228424072266,44.51499938964844,45.11800003051758,43.79999923706055,43.79999923706055,324176000
2023-08-04,44.64509582519531,44.68000030517578,45.641998291015625,44.39300155639648,44.98500061035156,362666000
2023-08-07,45.38152694702149,45.41699981689453,45.540000915527344,44.5629997253418,45.11100006103516,322154000
2023-08-08,44.62911987304688,44.66400146484375,45.242000579833984,44.055999755859375,44.85300064086914,353843000
2023-08-09,42.5207633972168,42.55400085449219,44.3120002746582,42.13399887084961,44.27399826049805,586449000
2023-08-10,42.35489273071289,42.38800048828125,43.57400131225586,41.834999084472656,42.15999984741211,492705000
2023-08-11,40.823089599609375,40.85499954223633,42.01800155639648,40.63899993896485,41.7509994506836,533085000
2023-08-14,43.71882629394531,43.75299835205078,43.79999923706055,40.31100082397461,40.48600006103516,690286000
2023-08-15,43.90567779541016,43.93999862670898,45.26800155639648,43.709999084472656,44.560001373291016,676512000
2023-08-16,43.452030181884766,43.48600006103516,44.67499923706055,43.40599822998047,44.52000045776367,527451000
2023-08-17,43.31014251708984,43.34400177001953,44.0620002746582,43.0009994506836,43.970001220703125,452395000
2023-08-18,43.26517868041992,43.29899978637695,43.57799911499024,41.65999984741211,42.6349983215332,583768000
2023-08-21,46.93031311035156,46.96699905395508,47.06499862670898,44.22200012207031,44.49399948120117,692573000
2023-08-22,45.63232803344727,45.667999267578125,48.1870002746582,45.33300018310547,48.1349983215332,755293000
2023-08-23,47.079200744628906,47.11600112915039,47.20000076293945,45.20800018310547,45.86600112915039,779046000
2023-08-24,47.126163482666016,47.16299819946289,50.26599884033203,47.15900039672852,50.21599960327149,1156044000
2023-08-25,45.982051849365234,46.01800155639648,47.80500030517578,45.02399826049805,47.012001037597656,925341000
2023-08-28,46.79841613769531,46.834999084472656,46.97999954223633,44.88800048828125,46.48199844360352,685192000
2023-08-29,48.74589157104492,48.78400039672852,49.08100128173828,46.39099884033203,46.66600036621094,701397000
2023-08-30,49.22551727294922,49.26399993896485,49.92699813842773,48.42499923706055,49.04399871826172,735206000
2023-08-31,49.31644821166992,49.35499954223633,49.74399948120117,48.95800018310547,49.380001068115234,528570000
2023-09-01,48.47111129760742,48.50899887084961,49.79999923706055,48.141998291015625,49.762001037597656,463830000
2023-09-05,48.51008224487305,48.54800033569336,48.85100173950195,47.86000061035156,48.22299957275391,382653000
2023-09-06,47.02811813354492,47.06100082397461,48.54899978637695,46.58000183105469,48.44100189208984,468670000
2023-09-07,46.20869064331055,46.24100112915039,46.34400177001953,45.152000427246094,45.525001525878906,433330000
2023-09-08,45.54015350341797,45.571998596191406,46.60599899291992,45.27099990844727,45.94200134277344,473069000
2023-09-11,45.14643096923828,45.178001403808594,46.16299819946289,44.3120002746582,46.14799880981445,473966000
2023-09-12,44.838645935058594,44.869998931884766,45.67300033569336,44.53099822998047,44.73799896240234,349256000
2023-09-13,45.45322036743164,45.48500061035156,45.93000030517578,44.50299835205078,44.59999847412109,398355000
2023-09-14,45.54915618896485,45.58100128173828,45.98699951171875,45.13100051879883,45.95000076293945,370097000
2023-09-15,43.869327545166016,43.900001525878906,45.5989990234375,43.80799865722656,45.34099960327149,506831000
2023-09-18,43.935279846191406,43.96599960327149,44.242000579833984,42.0,42.74800109863281,500271000
2023-09-19,43.48958587646485,43.52000045776367,43.96599960327149,43.00199890136719,43.83300018310547,373064000
2023-09-20,42.2094841003418,42.23899841308594,43.90299987792969,42.22299957275391,43.59999847412109,367108000
2023-09-21,40.98833465576172,41.016998291015625,42.09999847412109,40.97999954223633,41.58300018310547,450736000
2023-09-22,41.5809211730957,41.61000061035156,42.1150016784668,41.23099899291992,41.571998596191406,479236000
2023-09-25,42.1924934387207,42.22200012207031,42.5359992980957,41.17699813842773,41.59099960327149,419091000
2023-09-26,41.8817138671875,41.9109992980957,42.81999969482422,41.65499877929688,42.0009994506836,402282000
2023-09-27,42.43832778930664,42.46799850463867,42.87200164794922,41.62900161743164,42.33000183105469,444935000
2023-09-28,43.05889129638672,43.0890007019043,43.44599914550781,42.1150016784668,42.459999084472656,424663000
2023-09-29,43.46860504150391,43.499000549316406,44.14400100708008,43.30699920654297,43.82699966430664,397830000
2023-10-02,44.750709533691406,44.78200149536133,45.17499923706055,43.86100006103516,44.02999877929688,433298000
2023-10-03,43.4865837097168,43.516998291015625,45.130001068115234,43.24599838256836,44.80799865722656,470850000
2023-10-04,44.010231018066406,44.04100036621094,44.14300155639648,43.29199981689453,43.742000579833984,361821000
2023-10-05,44.65677261352539,44.6879997253418,44.900001525878906,43.88800048828125,44.04999923706055,393483000
2023-10-06,45.73002624511719,45.762001037597656,45.78900146484375,44.0260009765625,44.19300079345703,434436000
2023-10-09,45.24136352539063,45.27299880981445,45.60499954223633,44.36800003051758,44.84199905395508,409675000
2023-10-10,45.765995025634766,45.79800033569336,46.25899887084961,45.0880012512207,45.310001373291016,368582000
2023-10-11,46.77329635620117,46.805999755859375,46.85900115966797,46.04999923706055,46.19599914550781,378137000
2023-10-12,46.91219329833984,46.94499969482422,47.60900115966797,46.33000183105469,46.777000427246094,481325000
2023-10-13,45.42922592163086,45.46099853515625,47.11600112915039,45.27999877929688,46.959999084472656,474115000
2023-10-16,46.06279373168945,46.095001220703125,46.22499847412109,44.9119987487793,45.0629997253418,375099000
2023-10-17,43.90729904174805,43.9379997253418,44.75400161743164,42.47999954223633,44.0,812333000
2023-10-18,42.16651916503906,42.19599914550781,43.21900177001953,41.82500076293945,42.59099960327149,627294000
2023-10-19,42.07158279418945,42.10100173950195,43.297000885009766,41.88199996948242,42.81100082397461,501233000
2023-10-20,41.35808181762695,41.387001037597656,42.470001220703125,41.07799911499024,41.88999938964844,477266000
2023-10-23,42.94497299194336,42.97499847412109,43.24800109863281,40.94499969482422,41.229000091552734,478530000
2023-10-24,43.63248825073242,43.66299819946289,43.696998596191406,42.69100189208984,43.07699966430664,401463000
2023-10-25,41.74980545043945,41.77899932861328,43.650001525878906,41.55500030517578,43.39799880981445,398379000
2023-10-26,40.29782104492188,40.32600021362305,42.25600051879883,39.880001068115234,41.85300064086914,541001000
2023-10-27,40.4717025756836,40.5,41.20600128173828,40.01499938964844,41.130001068115234,416784000
2023-10-30,41.13224029541016,41.1609992980957,41.76599884033203,40.48099899291992,41.08700180053711,388028000
2023-10-31,40.75150680541992,40.77999877929688,40.87900161743164,39.22999954223633,40.45000076293945,517969000
2023-11-01,42.2954330444336,42.32500076293945,42.38100051879883,40.86899948120117,40.88399887084961,437593000
2023-11-02,43.4755973815918,43.50600051879883,43.88399887084961,42.89400100708008,43.32799911499024,409172000
2023-11-03,44.97355270385742,45.005001068115234,45.30899810791016,43.72299957275391,44.02000045776367,424610000
2023-11-06,45.71902847290039,45.7509994506836,45.935001373291016,44.89899826049805,45.28499984741211,400733000
2023-11-07,45.922889709472656,45.95500183105469,46.21799850463867,45.15800094604492,45.71900177001953,343165000
2023-11-08,46.54145812988281,46.57400131225586,46.867000579833984,45.96799850463867,46.09999847412109,346719000
2023-11-09,46.91718673706055,46.95000076293945,48.22999954223633,46.75,47.46699905395508,540496000
2023-11-10,48.30121994018555,48.334999084472656,48.47200012207031,47.28300094604492,47.5,421245000
2023-11-13,48.58602523803711,48.619998931884766,49.11600112915039,48.0989990234375,48.31999969482422,384136000
2023-11-14,49.62129974365234,49.65599822998047,49.83399963378906,49.040000915527344,49.68000030517578,416954000
2023-11-15,48.85383987426758,48.88800048828125,49.959999084472656,48.20000076293945,49.935001373291016,475497000
2023-11-16,49.44542694091797,49.47999954223633,49.525001525878906,48.33000183105469,48.67900085449219,339756000
2023-11-17,49.26355743408203,49.29800033569336,49.71699905395508,49.00699996948242,49.52399826049805,325205000
2023-11-20,50.37377548217773,50.40900039672852,50.54800033569336,49.180999755859375,49.3120002746582,414120000
2023-11-21,49.90909957885742,49.94400024414063,50.516998291015625,49.22200012207031,50.1259994506836,565747000
2023-11-22,48.68195343017578,48.71599960327149,50.334999084472656,47.68999862670898,49.85200119018555,899420000
2023-11-24,47.74261474609375,47.7760009765625,48.92100143432617,47.744998931884766,48.470001220703125,294645000
2023-11-27,48.208282470703125,48.242000579833984,48.52999877929688,47.652000427246094,47.79999923706055,395662000
2023-11-28,47.78759002685547,47.82099914550781,48.323001861572266,47.47299957275391,48.23600006103516,401491000
2023-11-29,48.10636520385742,48.13999938964844,48.762001037597656,47.86000061035156,48.37900161743164,382005000
2023-11-30,46.73731994628906,46.77000045776367,48.11000061035156,46.422000885009766,48.02399826049805,526247000
2023-12-01,46.73232269287109,46.76499938964844,47.20000076293945,46.1870002746582,46.525001525878906,369317000
2023-12-04,45.47819900512695,45.5099983215332,46.07699966430664,45.0099983215332,46.07699966430664,437543000
2023-12-05,46.53755569458008,46.56600189208984,46.59999847412109,45.27099990844727,45.46599960327149,371718000
2023-12-06,45.47520065307617,45.50299835205078,47.387001037597656,45.4119987487793,47.21500015258789,380590000
2023-12-07,46.56753540039063,46.59600067138672,46.62900161743164,45.604000091552734,45.70000076293945,350823000
2023-12-08,47.47697448730469,47.50600051879883,47.74100112915039,46.54999923706055,46.595001220703125,359224000
2023-12-11,46.598514556884766,46.62699890136719,47.53099822998047,45.83000183105469,47.49100112915039,509728000
2023-12-12,47.62788391113281,47.65700149536133,47.66600036621094,46.04600143432617,46.04600143432617,372387000
2023-12-13,48.058631896972656,48.0880012512207,48.59400177001953,47.608001708984375,47.62900161743164,447792000
2023-12-14,48.32046508789063,48.34999847412109,48.66999816894531,47.422000885009766,48.38999938964844,391232000
2023-12-15,48.86013412475586,48.88999938964844,49.40399932861328,48.119998931884766,48.19400024414063,479948000
2023-12-18,50.04640579223633,50.07699966430664,50.43299865722656,49.150001525878906,49.400001525878906,412587000
2023-12-19,49.57369613647461,49.604000091552734,49.70000076293945,48.89500045776367,49.42399978637695,464444000
2023-12-20,48.08160400390625,48.11100006103516,49.999000549316406,48.09799957275391,49.65499877929688,397894000
2023-12-21,48.96006774902344,48.9900016784668,49.095001220703125,48.41899871826172,48.81100082397461,300425000
2023-12-22,48.800174713134766,48.83000183105469,49.382999420166016,48.46699905395508,49.19499969482422,252507000
2023-12-26,49.2488899230957,49.27899932861328,49.59999847412109,48.959999084472656,48.96799850463867,244200000
2023-12-27,49.38680648803711,49.41699981689453,49.68000030517578,49.084999084472656,49.51100158691406,233648000
2023-12-28,49.49174880981445,49.52199935913086,49.88399887084961,49.4119987487793,49.64300155639648,246587000
2023-12-29,49.49174880981445,49.52199935913086,49.99700164794922,48.7509994506836,49.8129997253418,389293000
2024-01-02,48.13856887817383,48.167999267578125,49.29499816894531,47.595001220703125,49.24399948120117,411254000
2024-01-03,47.53993988037109,47.56900024414063,48.18399810791016,47.31999969482422,47.48500061035156,320896000
2024-01-04,47.96867752075195,47.99800109863281,48.5,47.507999420166016,47.766998291015625,306535000
2024-01-05,49.0670051574707,49.09700012207031,49.547000885009766,48.305999755859375,48.46200180053711,415039000
2024-01-08,52.2210807800293,52.25299835205078,52.275001525878906,49.479000091552734,49.512001037597656,642510000
2024-01-09,53.10753631591797,53.13999938964844,54.32500076293945,51.68999862670898,52.4010009765625,773100000
2024-01-10,54.31679916381836,54.34999847412109,54.59999847412109,53.48899841308594,53.61600112915039,533796000
2024-01-11,54.78850936889648,54.821998596191406,55.34600067138672,53.560001373291016,54.999000549316406,596759000
2024-01-12,54.676570892333984,54.709999084472656,54.970001220703125,54.33000183105469,54.619998931884766,352994000
2024-01-16,56.34755706787109,56.38199996948242,56.834999084472656,54.900001525878906,55.01800155639648,449580000
2024-01-17,56.01875686645508,56.053001403808594,56.47100067138672,54.7400016784668,56.34700012207031,474394000
2024-01-18,57.072113037109375,57.10699844360352,57.59999847412109,56.10699844360352,57.2599983215332,491650000
2024-01-19,59.45465469360352,59.49100112915039,59.5,57.22499847412109,57.98899841308594,543501000
2024-01-22,59.61756134033203,59.65399932861328,60.33100128173828,59.06999969482422,60.04899978637695,452955000
2024-01-23,59.83642578125,59.87300109863281,59.90999984741211,58.584999084472656,59.56999969482422,294654000
2024-01-24,61.32451248168945,61.36199951171875,62.8489990234375,59.9379997253418,60.30400085449219,560271000
2024-01-25,61.57935333251953,61.617000579833984,62.71900177001953,60.84999847412109,62.34999847412109,482777000
2024-01-26,60.99371719360352,61.03099822998047,61.78300094604492,60.573001861572266,60.959999084472656,390309000
2024-01-29,62.42684173583984,62.46500015258789,62.48899841308594,60.90700149536133,61.23199844360352,348733000
2024-01-30,62.73564529418945,62.77399826049805,63.49300003051758,62.2599983215332,62.900001525878906,410735000
2024-01-31,61.48941421508789,61.527000427246094,62.26900100708008,60.70000076293945,61.43999862670898,453795000
2024-02-01,62.98849868774414,63.027000427246094,63.19100189208984,61.650001525878906,62.09999847412109,369146000
2024-02-02,66.11958312988281,66.16000366210938,66.5999984741211,63.68999862670898,63.9739990234375,476578000
2024-02-05,69.2896499633789,69.33200073242188,69.49700164794922,67.20500183105469,68.2249984741211,680078000
2024-02-06,68.18132019042969,68.2229995727539,69.75399780273438,66.30000305175781,69.62999725341797,683111000
2024-02-07,70.05616760253906,70.0989990234375,70.22000122070312,67.5999984741211,68.31900024414062,495575000
2024-02-08,69.59844970703125,69.64099884033203,70.79399871826172,69.45500183105469,70.0739974975586,414422000
2024-02-09,72.08893585205078,72.13300323486328,72.18499755859375,70.21199798583984,70.53299713134766,436637000
2024-02-12,72.203857421875,72.24800109863281,74.61100006103516,71.25,72.5999984741211,613710000
2024-02-13,72.08395385742188,72.12799835205078,73.44999694824219,69.62000274658203,70.4000015258789,602580000
2024-02-14,73.85485076904297,73.9000015258789,74.23600006103516,71.93800354003906,73.2020034790039,504917000
2024-02-15,72.61360931396484,72.65799713134766,73.9749984741211,72.4000015258789,73.86900329589844,420122000
2024-02-16,72.56863403320312,72.61299896240234,74.4020004272461,72.5009994506836,74.0999984741211,495327000
2024-02-20,69.4095687866211,69.4520034790039,71.95600128173828,67.73400115966797,71.9469985961914,704833000
2024-02-21,67.43079376220703,67.47200012207031,68.88800048828125,66.24800109863281,68.00599670410156,673755000
2024-02-22,78.49002838134766,78.53800201416016,78.57499694824219,74.22000122070312,75.0250015258789,865100000
2024-02-23,78.76885986328125,78.81700134277344,82.39399719238281,77.56999969482422,80.79000091552734,829388000
2024-02-26,79.04368591308594,79.09200286865234,80.64600372314453,78.50499725341797,79.69999694824219,503973000
2024-02-27,78.65292358398438,78.70099639892578,79.4800033569336,77.16200256347656,79.38099670410156,391705000
2024-02-28,77.61555480957031,77.66300201416016,78.93299865722656,77.125,77.62000274658203,393110000
2024-02-29,79.06367492675781,79.11199951171875,79.98999786376953,78.3499984741211,79.09400177001953,507289000
2024-03-01,82.2287368774414,82.27899932861328,82.30000305175781,79.43499755859375,80.0,479135000
2024-03-04,85.18492126464844,85.23699951171875,87.69499969482422,83.71900177001953,84.12999725341797,615616000
2024-03-05,85.91551208496094,85.96399688720703,86.09700012207031,83.41699981689453,85.2699966430664,520639000
2024-03-06,88.64997100830078,88.69999694824219,89.7239990234375,87.02999877929688,88.02200317382812,582520000
2024-03-07,92.6167221069336,92.66899871826172,92.76699829101562,89.60199737548828,90.15799713134766,608119000
2024-03-08,87.47863006591797,87.52799987792969,97.4000015258789,86.50599670410156,95.13800048828124,1142269000
2024-03-11,85.72562408447266,85.77400207519531,88.7969970703125,84.16600036621094,86.42900085449219,678364000
2024-03-12,91.86116027832033,91.91300201416016,91.95999908447266,86.1500015258789,88.04900360107422,668075000
2024-03-13,90.83674621582033,90.88800048828124,91.50399780273438,88.43499755859375,91.05500030517578,635713000
2024-03-14,87.89439392089844,87.94400024414062,90.64600372314452,86.5999984741211,89.5770034790039,602318000
2024-03-15,87.78744506835938,87.83699798583984,89.5459976196289,86.25700378417969,86.93000030517578,642086000
2024-03-18,88.40511322021484,88.45500183105469,92.40499877929688,87.08499908447266,90.38800048828124,668976000
2024-03-19,89.34758758544922,89.39800262451172,90.54399871826172,85.01000213623047,86.69999694824219,672171000
2024-03-20,90.3210220336914,90.37200164794922,90.41000366210938,88.2229995727539,89.7969970703125,479063000
2024-03-21,91.38343048095705,91.43499755859376,92.64800262451172,90.40499877929688,92.3000030517578,480372000
2024-03-22,94.2358169555664,94.28900146484376,94.77799987792967,90.83399963378906,91.14099884033205,586719000
2024-03-25,94.94840240478516,95.0019989013672,96.76599884033205,93.51000213623048,93.94100189208984,552136000
2024-03-26,92.50879669189452,92.56099700927734,96.375,92.5019989013672,95.85099792480467,513648000
2024-03-27,90.19908905029295,90.25,93.23999786376952,89.12300109863281,93.11199951171876,586067000
2024-03-28,90.30503845214844,90.3560028076172,91.3000030517578,89.19300079345703,90.0,435212000
2024-04-01,90.3120346069336,90.36299896240234,92.2249984741211,89.2040023803711,90.29900360107422,452441000
2024-04-02,89.40155029296875,89.4520034790039,90.09400177001952,87.62000274658203,88.447998046875,433064000
2024-04-03,88.913818359375,88.96399688720703,90.3740005493164,88.4000015258789,88.48400115966797,370067000
2024-04-04,85.85653686523438,85.90499877929688,90.63400268554688,85.87999725341797,90.40599822998048,434965000
2024-04-05,87.95835876464844,88.00800323486328,88.48100280761719,85.9260025024414,86.86599731445312,399678000
2024-04-08,87.08384704589844,87.13300323486328,88.83000183105469,86.73200225830078,88.69999694824219,283220000
2024-04-09,85.30584716796875,85.35399627685547,87.63500213623047,83.02200317382812,87.44200134277344,501700000
2024-04-10,86.98990631103516,87.03900146484375,87.4000015258789,83.70899963378906,83.9260025024414,431929000
2024-04-11,90.56488800048828,90.61599731445312,90.73899841308594,86.9260025024414,87.41999816894531,431637000
2024-04-12,88.13626861572266,88.18599700927734,90.1750030517578,87.52999877929688,89.6989974975586,426805000
2024-04-15,85.9524917602539,86.0009994506836,90.61299896240234,85.92900085449219,89.0979995727539,443077000
2024-04-16,87.36569213867188,87.41500091552734,88.11799621582031,86.06400299072266,86.43299865722656,370453000
2024-04-17,83.98759460449219,84.03500366210938,88.7750015258789,83.94999694824219,88.33999633789062,495400000
2024-04-18,84.62324523925781,84.6709976196289,86.19000244140625,82.4020004272461,84.97000122070312,447260000
2024-04-19,76.15702056884766,76.19999694824219,84.3239974975586,75.60600280761719,83.1500015258789,875198000
2024-04-22,79.47315216064453,79.51799774169922,80.072998046875,76.4000015258789,78.10399627685547,596341000
2024-04-23,82.37651824951172,82.4229965209961,82.76899719238281,80.26399993896484,80.76899719238281,438559000
2024-04-24,79.63206481933594,79.677001953125,84.08200073242188,79.18299865722656,83.94999694824219,512208000
2024-04-25,82.58539581298828,82.63200378417969,83.322998046875,78.2229995727539,78.86799621582031,424641000
2024-04-26,87.6855239868164,87.73500061035156,88.33100128173828,83.38700103759766,83.81800079345703,551011000
2024-04-29,87.70750427246094,87.75700378417969,87.99199676513672,85.26599884033203,87.59500122070312,388971000
2024-04-30,86.353271484375,86.4020004272461,88.81900024414062,86.30000305175781,87.23999786376953,363709000
2024-05-01,82.99415588378906,83.04100036621094,86.0,81.25499725341797,85.0770034790039,559863000
2024-05-02,85.76859283447266,85.81700134277344,86.23699951171875,83.19999694824219,84.4489974975586,377898000
2024-05-03,88.7389144897461,88.78900146484375,89.28099822998047,87.04000091552734,87.78900146484375,398341000
2024-05-06,92.08802795410156,92.13999938964844,92.22000122070312,89.05500030517578,89.38999938964844,376203000
2024-05-07,90.5029296875,90.5540008544922,91.78099822998048,89.01100158691406,91.0979995727539,437342000
2024-05-08,90.36101531982422,90.41200256347656,91.19400024414062,89.41999816894531,89.48300170898438,325721000
2024-05-09,88.69695281982422,88.74700164794922,91.0719985961914,88.23100280761719,90.52899932861328,378013000
2024-05-10,89.82730102539062,89.87799835205078,91.4010009765625,89.22699737548828,90.30500030517578,335325000
2024-05-13,90.3480224609375,90.39900207519533,90.9980010986328,88.52899932861328,90.47799682617188,289680000
2024-05-14,91.30448150634766,91.3560028076172,91.6510009765625,88.93399810791016,89.5989990234375,296507000
2024-05-15,94.57662963867188,94.62999725341795,94.86199951171876,91.5989990234375,92.47200012207033,417735000
2024-05-16,94.30577850341795,94.35900115966795,95.81900024414062,94.10299682617188,94.91000366210938,323952000
2024-05-17,92.42682647705078,92.47899627685548,94.73999786376952,91.80599975585938,94.36900329589844,359691000
2024-05-20,94.72654724121094,94.77999877929688,95.1999969482422,93.44000244140624,93.75,318764000
2024-05-21,95.33220672607422,95.38600158691406,95.4000015258789,93.18000030517578,93.5989990234375,328946000
2024-05-22,94.89645385742188,94.9499969482422,96.0199966430664,93.2490005493164,95.45899963378906,548648000
2024-05-23,103.7404556274414,103.79900360107422,106.31999969482422,101.5199966430664,102.02799987792967,835065000
2024-05-24,106.4089584350586,106.46900177001952,106.4749984741211,103.0,104.4489974975586,429494000
2024-05-28,113.83675384521484,113.9010009765625,114.93900299072266,109.88300323486328,110.24400329589844,652728000
2024-05-29,114.76023864746094,114.8249969482422,115.49199676513672,110.9010009765625,113.0500030517578,557442000
2024-05-30,110.43766021728516,110.5,115.81900024414062,109.66300201416016,114.6500015258789,484553000
2024-05-31,109.5711669921875,109.63300323486328,112.71700286865234,106.94000244140624,112.5199966430664,613263000
2024-06-03,114.93514251708984,115.0,115.0,112.00299835205078,113.62100219726562,438392000
2024-06-04,116.37133026123048,116.43699645996094,116.5999984741211,114.04499816894533,115.71600341796876,403324000
2024-06-05,122.3709487915039,122.44000244140624,122.4489974975586,117.46800231933594,118.37100219726562,528402000
2024-06-06,120.92974853515624,120.9980010986328,125.58699798583984,118.31999969482422,124.0479965209961,664696000
2024-06-07,120.81981658935548,120.88800048828124,121.69200134277344,118.02200317382812,119.7699966430664,412386000
2024-06-10,121.72130584716795,121.79000091552734,123.0999984741211,117.01000213623048,120.37000274658205,313434100
2024-06-11,120.85174560546876,120.91000366210938,122.87000274658205,118.73999786376952,121.7699966430664,222551200
2024-06-12,125.1396484375,125.1999969482422,126.87999725341795,122.56999969482422,123.05999755859376,299595000
2024-06-13,129.5475311279297,129.61000061035156,129.8000030517578,127.16000366210938,129.38999938964844,260704500
2024-06-14,131.8164520263672,131.8800048828125,132.83999633789062,128.32000732421875,129.9600067138672,309320400
2024-06-17,130.91688537597656,130.97999572753906,133.72999572753906,129.5800018310547,132.99000549316406,288504400
2024-06-18,135.51466369628906,135.5800018310547,136.3300018310547,130.69000244140625,131.13999938964844,294335100
2024-06-20,130.71697998046875,130.77999877929688,140.75999450683594,129.52000427246094,139.8000030517578,517768400
2024-06-21,126.50900268554688,126.56999969482422,130.6300048828125,124.3000030517578,127.12000274658205,649445800
2024-06-24,118.05307006835938,118.11000061035156,124.45999908447266,118.04000091552734,123.23999786376952,476060900
2024-06-25,126.02922821044922,126.08999633789062,126.5,119.31999969482422,121.1999969482422,414192600
2024-06-26,126.33909606933594,126.4000015258789,128.1199951171875,122.5999984741211,126.12999725341795,362975900
2024-06-27,123.93024444580078,123.98999786376952,126.41000366210938,122.91999816894533,124.0999984741211,252571700
2024-06-28,123.48046112060548,123.54000091552734,127.70999908447266,122.75,124.58000183105467,315516700
2024-07-01,124.2401123046875,124.3000030517578,124.83999633789062,118.83000183105467,123.47000122070312,284885500
2024-07-02,122.6108856201172,122.66999816894533,123.41000366210938,121.02999877929688,121.12999725341795,218374000
2024-07-03,128.21817016601562,128.27999877929688,128.27999877929688,121.36000061035156,121.66000366210938,215749000
2024-07-05,125.76935577392578,125.83000183105467,128.85000610351562,125.68000030517578,127.37999725341795,214176700
2024-07-08,128.13818359375,128.1999969482422,130.77000427246094,127.04000091552734,127.48999786376952,237677300
2024-07-09,131.3166961669922,131.3800048828125,133.82000732421875,128.64999389648438,130.35000610351562,285366600
2024-07-10,134.84500122070312,134.91000366210938,135.10000610351562,132.4199981689453,134.02999877929688,248978600
2024-07-11,127.33861541748048,127.4000015258789,136.14999389648438,127.0500030517578,135.75,374782700
2024-07-12,129.177734375,129.24000549316406,131.9199981689453,127.22000122070312,128.25999450683594,252680500
2024-07-15,128.37811279296875,128.44000244140625,131.38999938964844,127.18000030517578,130.55999755859375,208326200
2024-07-16,126.29910278320312,126.36000061035156,129.0399932861328,124.58000183105467,128.44000244140625,214769500
2024-07-17,117.9331283569336,117.98999786376952,121.8499984741211,116.72000122070312,121.3499984741211,390086200
2024-07-18,121.03164672851562,121.08999633789062,122.4000015258789,116.55999755859376,121.8499984741211,320979500
2024-07-19,117.87317657470705,117.93000030517578,121.5999984741211,117.37000274658205,120.3499984741211,217223800
2024-07-22,123.48046112060548,123.54000091552734,124.06999969482422,119.86000061035156,120.3499984741211,258068900
2024-07-23,122.53092193603516,122.58999633789062,124.69000244140624,122.0999984741211,122.77999877929688,173911000
2024-07-24,114.19493865966795,114.25,119.9499969482422,113.44000244140624,119.16999816894533,327776900
2024-07-25,112.22589111328124,112.27999877929688,116.62999725341795,106.3000030517578,113.04000091552734,460067000
2024-07-26,113.00550842285156,113.05999755859376,116.1999969482422,111.58000183105467,116.19000244140624,293399100
2024-07-29,111.53621673583984,111.58999633789062,116.27999877929688,111.3000030517578,113.69000244140624,248152100
2024-07-30,103.68000793457033,103.7300033569336,111.98999786376952,102.54000091552734,111.5199966430664,486833300
2024-07-31,116.9636001586914,117.0199966430664,118.33999633789062,110.87999725341795,112.9000015258789,473174200
2024-08-01,109.1573715209961,109.20999908447266,120.16000366210938,106.80999755859376,117.52999877929688,523462300
2024-08-02,107.21829986572266,107.2699966430664,108.72000122070312,101.37000274658205,103.76000213623048,482027500
2024-08-05,100.4015884399414,100.4499969482422,103.41000366210938,90.69000244140624,92.05999755859376,552842400
2024-08-06,104.19976806640624,104.25,107.70999908447266,100.5500030517578,103.83999633789062,409012100
2024-08-07,98.86234283447266,98.91000366210938,108.8000030517578,98.69000244140624,107.80999755859376,411440400
2024-08-08,104.91941833496094,104.97000122070312,105.5,97.5199966430664,102.0,391910000
2024-08-09,104.69952392578124,104.75,106.5999984741211,103.43000030517578,105.63999938964844,290844200
2024-08-12,108.96746826171876,109.0199966430664,111.06999969482422,106.26000213623048,106.31999969482422,325559900
2024-08-13,116.08402252197266,116.13999938964844,116.2300033569336,111.58000183105467,112.44000244140624,312646700
2024-08-14,118.02310180664062,118.08000183105467,118.5999984741211,114.06999969482422,118.52999877929688,339246400
2024-08-15,122.80079650878906,122.86000061035156,123.23999786376952,117.47000122070312,118.76000213623048,318086700
2024-08-16,124.51996612548828,124.58000183105467,125.0,121.18000030517578,121.94000244140624,302589900
2024-08-19,129.93734741210938,130.0,130.0,123.41999816894533,124.27999877929688,318333600
2024-08-20,127.18868255615234,127.25,129.8800048828125,125.88999938964844,128.39999389648438,300087400
2024-08-21,128.4380645751953,128.5,129.35000610351562,126.66000366210938,127.31999969482422,257883600
2024-08-22,123.68036651611328,123.73999786376952,130.75,123.0999984741211,130.02000427246094,376189100
2024-08-23,129.30763244628906,129.3699951171875,129.60000610351562,125.22000122070312,125.86000061035156,323230300
2024-08-26,126.39905548095705,126.45999908447266,131.25999450683594,124.37000274658205,129.57000732421875,331964700
2024-08-27,128.23817443847656,128.3000030517578,129.1999969482422,123.87999725341795,125.0500030517578,303134600
2024-08-28,125.54946899414062,125.61000061035156,128.3300018310547,122.63999938964844,128.1199951171875,448101100
2024-08-29,117.5333251953125,117.58999633789062,124.43000030517578,116.70999908447266,121.36000061035156,453023300
2024-08-30,119.31246948242188,119.37000274658205,121.75,117.22000122070312,119.52999877929688,333751600
2024-09-03,107.94794464111328,108.0,116.20999908447266,107.29000091552734,116.01000213623048,477155100
2024-09-04,106.15880584716795,106.20999908447266,113.2699966430664,104.12000274658205,105.41000366210938,372470300
2024-09-05,107.15833282470705,107.20999908447266,109.6500015258789,104.76000213623048,104.98999786376952,306850700
2024-09-06,102.78044128417967,102.83000183105467,108.1500015258789,100.9499969482422,108.04000091552734,413638100
2024-09-09,106.41868591308594,106.47000122070312,106.5500030517578,103.69000244140624,104.87999725341795,273912000
2024-09-10,108.04788970947266,108.0999984741211,109.4000015258789,104.9499969482422,107.80999755859376,268283700
2024-09-11,116.85365295410156,116.91000366210938,117.19000244140624,107.41999816894533,109.38999938964844,441422400
2024-09-12,119.0927734375,119.13999938964844,120.79000091552734,115.37999725341795,116.83999633789062,366052700
2024-09-13,119.05277252197266,119.0999984741211,119.95999908447266,117.5999984741211,119.08000183105467,238358300
2024-09-16,116.73369598388672,116.77999877929688,118.18000030517578,114.36000061035156,116.79000091552734,248772300
2024-09-17,115.54417419433594,115.58999633789062,118.8000030517578,114.83000183105467,118.16999816894533,231925900
2024-09-18,113.32505798339844,113.37000274658205,117.6999969482422,113.22000122070312,115.88999938964844,310318900
2024-09-19,117.82327270507812,117.87000274658205,119.66000366210938,117.25,117.3499984741211,293506400
2024-09-20,115.95401000976562,116.0,118.62000274658205,115.38999938964844,117.05999755859376,382462400
2024-09-23,116.2139129638672,116.26000213623048,116.98999786376952,114.86000061035156,116.5500030517578,206228500
2024-09-24,120.82208251953124,120.87000274658205,121.8000030517578,115.37999725341795,116.5199966430664,354966800
2024-09-25,123.4610366821289,123.51000213623048,124.94000244140624,121.61000061035156,122.0199966430664,284692900
2024-09-26,123.99082946777344,124.04000091552734,127.66999816894533,121.8000030517578,126.8000030517578,302582900
2024-09-27,121.35187530517578,121.4000015258789,124.02999877929688,119.26000213623048,123.97000122070312,271009200
2024-09-30,121.39186096191406,121.44000244140624,121.5,118.1500015258789,118.30999755859376,226553700
2024-10-01,116.95362091064452,117.0,122.44000244140624,115.79000091552734,121.7699966430664,302094500
2024-10-02,118.8028793334961,118.8499984741211,119.37999725341795,115.13999938964844,116.44000244140624,221845900
2024-10-03,122.80130004882812,122.8499984741211,124.36000061035156,120.33999633789062,120.91999816894533,277118000
2024-10-04,124.87047576904295,124.91999816894533,125.04000091552734,121.83000183105467,124.94000244140624,243678100
2024-10-07,127.66937255859376,127.72000122070312,130.63999938964844,124.9499969482422,124.98999786376952,346250200
2024-10-08,132.83731079101562,132.88999938964844,133.47999572753906,129.4199981689453,130.25999450683594,285722500
2024-10-09,132.597412109375,132.64999389648438,134.52000427246094,131.3800048828125,134.11000061035156,246191600
2024-10-10,134.75656127929688,134.80999755859375,135.0,131.0,131.91000366210938,242311300
2024-10-11,134.74656677246094,134.8000030517578,135.77999877929688,133.66000366210938,134.00999450683594,170209500
2024-10-14,138.01527404785156,138.07000732421875,139.60000610351562,136.3000030517578,136.47000122070312,232347700
2024-10-15,131.54783630371094,131.60000610351562,138.57000732421875,128.74000549316406,137.8699951171875,377831000
2024-10-16,135.66619873046875,135.72000122070312,136.6199951171875,131.5800018310547,133.97999572753906,264879700
2024-10-17,136.87571716308594,136.92999267578125,140.88999938964844,136.8699951171875,139.33999633789062,306435900
2024-10-18,137.94529724121094,138.0,138.89999389648438,137.27999877929688,138.6699981689453,176090200
2024-10-21,143.6530303955078,143.7100067138672,143.7100067138672,138.0,138.1300048828125,264554500
2024-10-22,143.53309631347656,143.58999633789062,144.4199981689453,141.77999877929688,142.91000366210938,226311600
2024-10-23,139.50466918945312,139.55999755859375,142.42999267578125,137.4600067138672,142.02999877929688,285930000
2024-10-24,140.35433959960938,140.41000366210938,141.35000610351562,138.4600067138672,140.82000732421875,172354900
2024-10-25,141.48388671875,141.5399932861328,144.1300048828125,140.8000030517578,140.92999267578125,205122100
2024-10-28,140.4643096923828,140.52000427246094,143.13999938964844,140.0500030517578,143.0,173586700
2024-10-29,141.19400024414062,141.25,142.25999450683594,138.89999389648438,140.2899932861328,157593600
2024-10-30,139.28475952148438,139.33999633789062,140.3300018310547,136.80999755859375,139.5399932861328,179418100
2024-10-31,132.70738220214844,132.75999450683594,137.61000061035156,132.11000061035156,137.60000610351562,270039600
2024-11-01,135.34632873535156,135.39999389648438,137.30999755859375,134.57000732421875,134.6999969482422,207127800
2024-11-04,135.99607849121094,136.0500030517578,138.9600067138672,135.57000732421875,137.2100067138672,187528200
2024-11-05,139.8545379638672,139.91000366210938,140.3699951171875,137.3300018310547,137.4499969482422,160537400
2024-11-06,145.55227661132812,145.61000061035156,146.49000549316406,141.9600067138672,142.9600067138672,242043900
2024-11-07,148.82098388671875,148.8800048828125,148.92999267578125,146.1699981689453,146.38999938964844,207323300
2024-11-08,147.57147216796875,147.6300048828125,149.77000427246094,146.25999450683594,148.77000427246094,175665800
2024-11-11,145.20240783691406,145.25999450683594,148.85000610351562,143.57000732421875,148.67999267578125,182325600
2024-11-12,148.23118591308594,148.2899932861328,149.64999389648438,146.00999450683594,146.77999877929688,198634700
2024-11-13,146.21202087402344,146.27000427246094,149.3300018310547,145.89999389648438,149.07000732421875,191903300
2024-11-14,146.7018280029297,146.75999450683594,149.0,145.5500030517578,147.63999938964844,194463300
2024-11-15,141.92372131347656,141.97999572753906,145.24000549316406,140.0800018310547,144.8699951171875,250132900
2024-11-18,140.09442138671875,140.14999389648438,141.5500030517578,137.14999389648438,139.5,221205300
2024-11-19,146.95172119140625,147.00999450683594,147.1300048828125,140.99000549316406,141.32000732421875,227834900
2024-11-20,145.83216857910156,145.88999938964844,147.55999755859375,142.72999572753906,147.41000366210938,309871700
2024-11-21,146.6118621826172,146.6699981689453,152.88999938964844,140.6999969482422,149.35000610351562,400946600
2024-11-22,141.89373779296875,141.9499969482422,147.16000366210938,141.10000610351562,145.92999267578125,236406200
2024-11-25,135.96609497070312,136.02000427246094,142.0500030517578,135.82000732421875,141.99000549316406,344941900
2024-11-26,136.86572265625,136.9199981689453,139.3000030517578,135.6699981689453,137.6999969482422,190287700
2024-11-27,135.2863311767578,135.33999633789062,137.22000122070312,131.8000030517578,135.00999450683594,226370900
2024-11-29,138.19520568847656,138.25,139.35000610351562,136.0500030517578,136.77999877929688,141863200
2024-12-02,138.57504272460938,138.6300048828125,140.4499969482422,137.82000732421875,138.8300018310547,171682800
2024-12-03,140.20440673828125,140.25999450683594,140.5399932861328,137.9499969482422,138.25999450683594,164414000
2024-12-04,145.08245849609375,145.13999938964844,145.7899932861328,140.2899932861328,142.0,231224300
2024-12-05,145.0124969482422,145.05999755859375,146.5399932861328,143.9499969482422,145.11000061035156,172621200
2024-12-06,142.3933563232422,142.44000244140625,145.6999969482422,141.30999755859375,144.60000610351562,188505600
2024-12-09,138.7645263671875,138.80999755859375,139.9499969482422,137.1300048828125,138.97000122070312,189308600
2024-12-10,135.0257568359375,135.07000732421875,141.82000732421875,133.7899932861328,139.00999450683594,210020900
2024-12-11,139.2643585205078,139.30999755859375,140.1699981689453,135.2100067138672,137.36000061035156,184905200
2024-12-12,137.29501342773438,137.33999633789062,138.44000244140625,135.8000030517578,137.0800018310547,159211400
2024-12-13,134.20602416992188,134.25,139.60000610351562,132.5399932861328,138.94000244140625,231514900
2024-12-16,131.95675659179688,132.0,134.39999389648438,130.4199981689453,134.17999267578125,237951100
2024-12-17,130.3472900390625,130.38999938964844,131.58999633789062,126.86000061035156,129.08999633789062,259410300
2024-12-18,128.86778259277344,128.91000366210938,136.6999969482422,128.27999877929688,133.86000061035156,277444500
2024-12-19,130.63717651367188,130.67999267578125,134.02999877929688,129.5500030517578,131.75999450683594,209719200
2024-12-20,134.65586853027344,134.6999969482422,135.27999877929688,128.22000122070312,129.80999755859375,306528600
2024-12-23,139.62425231933594,139.6699981689453,139.7899932861328,135.1199951171875,136.27999877929688,176053500
2024-12-24,140.17408752441406,140.22000122070312,141.89999389648438,138.64999389648438,140.0,105157000
2024-12-26,139.88417053222656,139.92999267578125,140.85000610351562,137.72999572753906,139.6999969482422,116205600
2024-12-27,136.96510314941406,137.00999450683594,139.02000427246094,134.7100067138672,138.5500030517578,170582600
2024-12-30,137.4449462890625,137.49000549316406,140.27000427246094,134.02000427246094,134.8300018310547,167734700
2024-12-31,134.2460174560547,134.2899932861328,138.07000732421875,133.8300018310547,138.02999877929688,155659200
2025-01-02,138.2646942138672,138.30999755859375,138.8800048828125,134.6300048828125,136.0,198247200
2025-01-03,144.4226837158203,144.47000122070312,144.89999389648438,139.72999572753906,140.00999450683594,229322500
2025-01-06,149.38104248046875,149.42999267578125,152.16000366210938,147.82000732421875,148.58999633789062,265377400
2025-01-07,140.09408569335938,140.13999938964844,153.1300048828125,140.00999450683594,153.02999877929688,351782200
2025-01-08,140.06410217285156,140.11000061035156,143.9499969482422,137.55999755859375,142.5800018310547,227349900
2025-01-10,135.86549377441406,135.91000366210938,139.9199981689453,134.22000122070312,137.4499969482422,207602500
2025-01-13,133.18637084960938,133.22999572753906,133.49000549316406,129.50999450683594,129.99000549316406,204808900
2025-01-14,131.71682739257812,131.75999450683594,136.3800048828125,130.0500030517578,136.0500030517578,195590500
2025-01-15,136.1953887939453,136.24000549316406,136.4499969482422,131.2899932861328,133.64999389648438,185217300
2025-01-16,133.52626037597656,133.57000732421875,138.75,133.49000549316406,138.63999938964844,209235600
2025-01-17,137.66490173339844,137.7100067138672,138.5,135.4600067138672,136.69000244140625,201188800
2025-01-21,140.78387451171875,140.8300018310547,141.8300018310547,137.08999633789062,139.16000366210938,197749000
2025-01-22,147.0218505859375,147.07000732421875,147.7899932861328,143.6699981689453,144.66000366210938,237651400
2025-01-23,147.17178344726562,147.22000122070312,147.22999572753906,143.72000122070312,145.0500030517578,155915500
2025-01-24,142.57327270507812,142.6199951171875,148.97000122070312,141.8800048828125,148.3699951171875,234657600
2025-01-27,118.38121032714844,118.41999816894533,128.39999389648438,116.6999969482422,124.8000030517578,818830900
2025-01-28,128.94775390625,128.99000549316406,129.0,116.25,121.80999755859376,579666400
2025-01-29,123.65948486328124,123.6999969482422,126.88999938964844,120.0500030517578,126.5,467120600
2025-01-30,124.60916900634766,124.6500015258789,125.0,118.0999984741211,123.0999984741211,392925500
2025-01-31,120.03067016601562,120.06999969482422,127.8499984741211,119.19000244140624,123.77999877929688,388161100
2025-02-03,116.62179565429688,116.66000366210938,118.56999969482422,113.01000213623048,114.75,371235700
2025-02-04,118.6111297607422,118.6500015258789,121.1999969482422,116.6999969482422,116.95999908447266,256550000
2025-02-05,124.78911590576172,124.83000183105467,125.0,120.76000213623048,121.76000213623048,262230800
2025-02-06,128.63784790039062,128.67999267578125,128.77000427246094,125.20999908447266,127.41999816894533,251483600
2025-02-07,129.79745483398438,129.83999633789062,130.3699951171875,125.0,129.22000122070312,228186300
2025-02-10,133.52626037597656,133.57000732421875,135.0,129.9600067138672,130.08999633789062,216989100
2025-02-11,132.7565155029297,132.8000030517578,134.47999572753906,131.02000427246094,132.5800018310547,178902400
2025-02-12,131.09706115722656,131.13999938964844,132.24000549316406,129.0800018310547,130.02000427246094,160278600
2025-02-13,135.2456817626953,135.2899932861328,136.5,131.1699981689453,131.55999755859375,197430000
2025-02-14,138.80453491210938,138.85000610351562,139.25,135.5,136.47999572753906,195479600
2025-02-18,139.35435485839844,139.39999389648438,143.44000244140625,137.92999267578125,141.27000427246094,219176600
2025-02-19,139.18438720703125,139.22999572753906,141.36000061035156,137.22000122070312,139.50999450683594,167536000
2025-02-20,140.06410217285156,140.11000061035156,140.66000366210938,136.7899932861328,140.02999877929688,143903600
2025-02-21,134.38595581054688,134.42999267578125,141.4600067138672,134.02999877929688,140.0399932861328,228217600
2025-02-24,130.23733520507812,130.27999877929688,138.58999633789062,130.0800018310547,136.55999755859375,251381100
2025-02-25,126.58851623535156,126.62999725341795,130.1999969482422,124.44000244140624,129.97999572753906,271428700
2025-02-26,131.23699951171875,131.27999877929688,133.72999572753906,128.49000549316406,129.99000549316406,322553800
2025-02-27,120.1106414794922,120.1500015258789,135.00999450683594,120.01000213623048,135.0,443175800
2025-02-28,124.87908172607422,124.91999816894533,125.08999633789062,116.4000015258789,118.0199966430664,389091100
2025-03-03,114.02263641357422,114.05999755859376,123.6999969482422,112.27999877929688,123.51000213623048,411381400
2025-03-04,115.9520034790039,115.98999786376952,119.30999755859376,110.11000061035156,110.6500015258789,398163300
2025-03-05,117.2615737915039,117.3000030517578,118.27999877929688,114.51000213623048,117.58000183105467,284337900
2025-03-06,110.53378295898438,110.56999969482422,115.3499984741211,110.22000122070312,113.52999877929688,321181900
2025-03-07,112.65309143066406,112.69000244140624,113.4800033569336,107.55999755859376,111.25,341755500
2025-03-10,106.94496154785156,106.9800033569336,111.8499984741211,105.45999908447266,109.9000015258789,366487400
2025-03-11,108.72438049316406,108.76000213623048,112.23999786376952,104.7699966430664,106.98999786376952,354865700
2025-03-12,115.71273803710938,115.73999786376952,116.76000213623048,112.87999725341795,114.12000274658205,323857500
2025-03-13,115.55277252197266,115.58000183105467,117.76000213623048,113.79000091552734,117.02999877929688,299033100
2025-03-14,121.6413345336914,121.66999816894533,121.87999725341795,118.1500015258789,118.61000061035156,277593500
2025-03-17,119.50183868408205,119.52999877929688,122.88999938964844,118.02999877929688,122.73999786376952,255501500
2025-03-18,115.40280151367188,115.43000030517578,119.0199966430664,114.54000091552734,118.0,299686900
2025-03-19,117.4923095703125,117.5199966430664,120.4499969482422,115.68000030517578,117.2699966430664,273426200
2025-03-20,118.50206756591795,118.52999877929688,120.1999969482422,116.47000122070312,116.5500030517578,248829700
2025-03-21,117.6722640991211,117.6999969482422,117.98999786376952,115.41999816894533,116.94000244140624,266498500
2025-03-24,121.38140106201172,121.41000366210938,122.22000122070312,119.33999633789062,119.87999725341795,228452500
2025-03-25,120.66156768798828,120.69000244140624,121.29000091552734,118.91999816894533,120.5500030517578,167447200
2025-03-26,113.7332000732422,113.76000213623048,118.83999633789062,112.70999908447266,118.7300033569336,293463300
2025-03-27,111.40375518798828,111.43000030517578,114.4499969482422,110.66000366210938,111.3499984741211,236902100
2025-03-28,109.6441650390625,109.66999816894533,112.87000274658205,109.06999969482422,111.48999786376952,229872500
2025-03-31,108.35446166992188,108.37999725341795,110.95999908447266,103.6500015258789,105.12999725341795,299212700
2025-04-01,110.1240463256836,110.1500015258789,110.1999969482422,106.47000122070312,108.5199966430664,222614000
2025-04-02,110.39398193359376,110.41999816894533,111.9800033569336,106.79000091552734,107.29000091552734,220601200
2025-04-03,101.77601623535156,101.8000030517578,105.62999725341795,101.5999984741211,103.51000213623048,338769400
2025-04-04,94.28778076171876,94.30999755859376,100.12999725341795,92.11000061035156,98.91000366210938,532273800
2025-04-07,97.61699676513672,97.63999938964844,101.75,86.62000274658203,87.45999908447266,611041300
2025-04-08,96.27731323242188,96.3000030517578,105.8499984741211,94.45999908447266,103.80999755859376,476243400
2025-04-09,114.30306243896484,114.33000183105467,115.0999984741211,97.52999877929688,98.88999938964844,612918300
2025-04-10,107.5446548461914,107.56999969482422,110.86000061035156,99.1500015258789,109.37000274658205,437812400
2025-04-11,110.90386199951172,110.93000030517578,111.5500030517578,107.4800033569336,108.5,313417300
2025-04-14,110.68391418457033,110.70999908447266,114.29000091552734,109.06999969482422,114.11000061035156,264705000
2025-04-15,112.1735610961914,112.1999969482422,113.62000274658205,110.5,110.97000122070312,228966900
2025-04-16,104.46538543701172,104.48999786376952,106.79000091552734,100.4499969482422,104.5500030517578,397016900
2025-04-17,101.4660873413086,101.48999786376952,104.47000122070312,100.0500030517578,104.4499969482422,292517500
2025-04-21,96.88717651367188,96.91000366210938,99.44000244140624,95.04000091552734,98.7699966430664,288501100
2025-04-22,98.86670684814452,98.88999938964844,99.80999755859376,97.27999877929688,98.77999877929688,241004800
2025-04-23,102.68579864501952,102.70999908447266,104.8000030517578,102.0199966430664,104.5199966430664,247526000
2025-04-24,106.40492248535156,106.43000030517578,106.54000091552734,103.11000061035156,103.4800033569336,220815000
2025-04-25,110.98385620117188,111.01000213623048,111.91999816894533,105.7300033569336,106.8499984741211,251064700
2025-04-28,108.7043914794922,108.7300033569336,110.37000274658205,106.0199966430664,109.69000244140624,207708500
2025-04-29,108.99431610107422,109.0199966430664,110.1999969482422,107.44000244140624,107.66999816894533,170444300
2025-04-30,108.8943328857422,108.91999816894533,108.91999816894533,104.08000183105467,104.47000122070312,235044600
2025-05-01,111.58370208740234,111.61000061035156,114.94000244140624,111.3000030517578,113.08000183105467,236121500
2025-05-02,114.47303009033205,114.5,115.4000015258789,113.37000274658205,114.18000030517578,190194800
2025-05-05,113.7931900024414,113.81999969482422,114.66999816894533,112.66000366210938,112.91000366210938,133163200
2025-05-06,113.51325988769533,113.54000091552734,114.73999786376952,110.81999969482422,111.4800033569336,158525600
2025-05-07,117.0324249267578,117.05999755859376,117.68000030517578,112.27999877929688,113.0500030517578,206758800
2025-05-08,117.34235382080078,117.37000274658205,118.68000030517578,115.8499984741211,118.25,198428100
2025-05-09,116.62252044677734,116.6500015258789,118.2300033569336,115.20999908447266,117.3499984741211,132972200
2025-05-12,122.97103118896484,123.0,123.0,120.27999877929688,121.97000122070312,225023300
2025-05-13,129.89938354492188,129.92999267578125,131.22000122070312,124.47000122070312,124.9800033569336,330430100
2025-05-14,135.30810546875,135.33999633789062,135.44000244140625,131.67999267578125,133.1999969482422,281180800
2025-05-15,134.79823303222656,134.8300018310547,136.3000030517578,132.66000366210938,134.2899932861328,226632600
2025-05-16,135.36810302734375,135.39999389648438,136.35000610351562,133.4600067138672,136.22000122070312,226542500
2025-05-19,135.53805541992188,135.57000732421875,135.8699951171875,132.38999938964844,132.38999938964844,193154600
2025-05-20,134.3483428955078,134.3800048828125,134.5800018310547,132.6199951171875,134.2899932861328,161514200
2025-05-21,131.76895141601562,131.8000030517578,137.39999389648438,130.58999633789062,133.05999755859375,270608700
2025-05-22,132.7987060546875,132.8300018310547,134.25,131.5500030517578,132.22999572753906,187344000
2025-05-23,131.25906372070312,131.2899932861328,132.67999267578125,129.16000366210938,130.0,198821300
2025-05-27,135.4680633544922,135.5,135.66000366210938,133.30999755859375,134.14999389648438,192953600
2025-05-28,134.7782440185547,134.80999755859375,137.25,134.7899932861328,136.02999877929688,304021100
2025-05-29,139.15721130371094,139.19000244140625,143.49000549316406,137.91000366210938,142.25,369241900
2025-05-30,135.09817504882812,135.1300048828125,139.6199951171875,132.9199981689453,138.72000122070312,333170900
2025-06-02,137.34764099121094,137.3800048828125,138.1199951171875,135.39999389648438,135.49000549316406,197663100
2025-06-03,141.1867218017578,141.22000122070312,142.0,137.9499969482422,138.77999877929688,225578800
2025-06-04,141.88656616210938,141.9199981689453,142.38999938964844,139.5399932861328,142.19000244140625,167120800
2025-06-05,139.95703125,139.99000549316406,144.0,138.8300018310547,142.1699981689453,231397900
2025-06-06,141.6865997314453,141.72000122070312,143.27000427246094,141.50999450683594,142.50999450683594,153986200
2025-06-09,142.59640502929688,142.6300048828125,145.0,141.94000244140625,143.19000244140625,185114500
2025-06-10,143.92608642578125,143.9600067138672,144.2899932861328,141.52999877929688,142.69000244140625,155881900
2025-06-11,142.80625915527344,142.8300018310547,144.99000549316406,141.8699951171875,144.61000061035156,167694000
2025-06-12,144.9759063720703,145.0,145.0,141.85000610351562,141.97000122070312,162365000
2025-06-13,141.94639587402344,141.97000122070312,143.5800018310547,140.85000610351562,142.47999572753906,180820600
2025-06-16,144.66595458984375,144.69000244140625,146.17999267578125,143.1999969482422,143.35000610351562,183133700
2025-06-17,144.09603881835938,144.1199951171875,145.22000122070312,143.77999877929688,144.49000549316406,139108000
2025-06-18,145.455810546875,145.47999572753906,145.64999389648438,143.1199951171875,144.00999450683594,161494100
2025-06-20,143.8260955810547,143.85000610351562,146.1999969482422,142.64999389648438,145.4499969482422,242956200
2025-06-23,144.1460418701172,144.1699981689453,144.77999877929688,142.02999877929688,142.5,154308900
2025-06-24,147.8754119873047,147.89999389648438,147.9600067138672,145.5,145.55999755859375,187566100
2025-06-25,154.28436279296875,154.30999755859375,154.4499969482422,149.25999450683594,149.27000427246094,269146500
2025-06-26,154.99423217773438,155.02000427246094,156.72000122070312,154.0,155.97999572753906,198145700
2025-06-27,157.72377014160156,157.75,158.7100067138672,155.25999450683594,156.0399932861328,263234500
2025-06-30,157.96376037597656,157.99000549316406,158.66000366210938,155.9600067138672,158.39999389648438,194580300
2025-07-01,153.2745361328125,153.3000030517578,157.1999969482422,151.49000549316406,156.2899932861328,213143600
2025-07-02,157.22386169433594,157.25,157.60000610351562,152.97000122070312,152.97999572753906,171224100
2025-07-03,159.3135223388672,159.33999633789062,160.97999572753906,157.77000427246094,158.3699951171875,143716100
2025-07-07,158.21371459960938,158.24000549316406,159.30999755859375,157.33999633789062,158.1999969482422,140139000
2025-07-08,159.97340393066406,160.0,160.22000122070312,158.38999938964844,159.3300018310547,138133000
2025-07-09,162.85293579101562,162.8800048828125,164.4199981689453,161.16000366210938,161.22000122070312,183656400
2025-07-10,164.07273864746094,164.10000610351562,164.5,161.61000061035156,164.32000732421875,167704100
2025-07-11,164.89259338378906,164.9199981689453,167.88999938964844,163.47000122070312,163.72000122070312,193633300
2025-07-14,164.04273986816406,164.07000732421875,165.49000549316406,162.02000427246094,165.3699951171875,136975800
2025-07-15,170.671630859375,170.6999969482422,172.39999389648438,169.1999969482422,171.19000244140625,230627400
2025-07-16,171.34152221679688,171.3699951171875,171.75,168.89999389648438,171.05999755859375,158831500
2025-07-17,172.97125244140625,173.0,174.16000366210938,170.8300018310547,172.02000427246094,160841100
2025-07-18,172.38134765625,172.41000366210938,174.25,171.25999450683594,173.63999938964844,146456400
2025-07-21,171.35153198242188,171.3800048828125,173.3800048828125,171.0,172.75,123126100
2025-07-22,167.00225830078125,167.02999877929688,171.38999938964844,164.5800018310547,171.33999633789062,193114300
2025-07-23,170.75161743164062,170.77999877929688,171.25999450683594,167.97000122070312,169.52999877929688,154082200
2025-07-24,173.7111358642578,173.74000549316406,173.8300018310547,171.3000030517578,172.44000244140625,128984600
2025-07-25,173.47117614746094,173.5,174.72000122070312,172.9600067138672,173.61000061035156,122316800
2025-07-28,176.7206268310547,176.75,177.0,173.97000122070312,174.02000427246094,140023500
2025-07-29,175.4808349609375,175.50999450683594,179.3800048828125,175.02000427246094,177.9600067138672,154077500
2025-07-30,179.24021911621094,179.27000427246094,179.88999938964844,176.0399932861328,176.50999450683594,174312200
2025-07-31,177.84043884277344,177.8699951171875,183.3000030517578,175.92999267578125,182.8999938964844,221685400
2025-08-01,173.69113159179688,173.72000122070312,176.5399932861328,170.88999938964844,174.08999633789062,204529000
2025-08-04,179.9700927734375,180.0,180.1999969482422,174.52000427246094,175.16000366210938,148174600
2025-08-05,178.23037719726562,178.25999450683594,180.259994506836,175.89999389648438,179.6199951171875,156407600
2025-08-06,179.3901824951172,179.4199981689453,179.89999389648438,176.25,176.3300018310547,137192300
2025-08-07,180.739974975586,180.7700042724609,183.8800048828125,178.8000030517578,181.57000732421875,151878400
2025-08-08,182.6696319580078,182.6999969482422,183.3000030517578,180.3999938964844,181.5500030517578,123396700
2025-08-11,182.0297393798828,182.0599975585937,183.83999633789065,180.25,182.0500030517578,138323200
2025-08-12,183.1295623779297,183.1600036621093,184.47999572753903,179.4600067138672,182.9600067138672,145485700
2025-08-13,181.5598297119141,181.58999633789065,183.97000122070312,179.35000610351562,182.6199951171875,179871700
2025-08-14,181.98974609375,182.0200042724609,183.0200042724609,179.4600067138672,179.75,129554000
2025-08-15,180.4200134277344,180.4499969482422,181.8999938964844,178.0399932861328,181.8800048828125,156602200
2025-08-18,181.979736328125,182.009994506836,182.94000244140625,180.58999633789065,180.6000061035156,132008000
2025-08-19,175.61080932617188,175.63999938964844,182.5,175.49000549316406,182.42999267578125,185229200
2025-08-20,175.370849609375,175.39999389648438,176.0,168.8000030517578,175.1699981689453,215142700
2025-08-21,174.95091247558594,174.97999572753906,176.89999389648438,173.80999755859375,174.85000610351562,140040900
2025-08-22,177.96043395996094,177.99000549316406,178.58999633789062,171.1999969482422,172.61000061035156,172789400
2025-08-25,179.78012084960938,179.80999755859375,181.9100036621093,176.57000732421875,178.35000610351562,163012800
2025-08-26,181.7397918701172,181.7700042724609,182.38999938964844,178.80999755859375,180.05999755859375,168688200
2025-08-27,181.56982421875,181.6000061035156,182.4900054931641,179.10000610351562,181.97999572753903,235518900
2025-08-28,180.1400604248047,180.1699981689453,184.47000122070312,176.41000366210938,180.82000732421875,281787800
2025-08-29,174.1510467529297,174.17999267578125,178.14999389648438,173.14999389648438,178.11000061035156,243257900
2025-09-02,170.75161743164062,170.77999877929688,172.3800048828125,167.22000122070312,170.0,231164900
2025-09-03,170.59165954589844,170.6199951171875,172.41000366210938,168.8800048828125,171.05999755859375,164424900
2025-09-04,171.63148498535156,171.66000366210938,171.86000061035156,169.41000366210938,170.57000732421875,141670100
2025-09-05,166.9922637939453,167.02000427246094,169.02999877929688,164.07000732421875,168.02999877929688,224441400
2025-09-08,168.2820281982422,168.30999755859375,170.9600067138672,167.35000610351562,167.5500030517578,163769100
2025-09-09,170.7316131591797,170.75999450683594,170.97999572753906,166.74000549316406,169.08999633789062,157548400
2025-09-10,177.300537109375,177.3300018310547,179.2899932861328,175.47000122070312,176.63999938964844,226852000
2025-09-11,177.1505584716797,177.1699981689453,180.27999877929688,176.47999572753906,179.67999267578125,151159300
2025-09-12,177.80047607421875,177.82000732421875,178.60000610351562,176.4499969482422,177.77000427246094,124911000
2025-09-15,177.73049926757812,177.75,178.85000610351562,174.50999450683594,175.6699981689453,147061600
2025-09-16,174.86080932617188,174.8800048828125,177.5,174.3800048828125,177.0,140737800
2025-09-17,170.27130126953125,170.2899932861328,173.1999969482422,168.41000366210938,172.63999938964844,211843800
2025-09-18,176.2206573486328,176.24000549316406,177.10000610351562,172.9600067138672,173.97999572753906,191763300
2025-09-19,176.6505889892578,176.6699981689453,178.0800018310547,175.17999267578125,175.77000427246094,237182100
2025-09-22,183.58984375,183.6100006103516,184.5500030517578,174.7100067138672,175.3000030517578,269637000
2025-09-23,178.410400390625,178.42999267578125,182.4199981689453,176.2100067138672,181.97000122070312,192559600
2025-09-24,176.9505615234375,176.97000122070312,179.77999877929688,175.39999389648438,179.77000427246094,143564100
2025-09-25,177.67050170898438,177.69000244140625,180.259994506836,173.1300048828125,174.47999572753906,191586700
2025-09-26,178.17044067382812,178.19000244140625,179.77000427246094,174.92999267578125,178.1699981689453,148573700
2025-09-29,181.83004760742188,181.8500061035156,184.0,180.32000732421875,180.42999267578125,193063500
2025-09-30,186.5595092773437,186.5800018310547,187.3500061035156,181.47999572753903,182.0800018310547,236981000
2025-10-01,187.21945190429688,187.2400054931641,188.13999938964844,183.8999938964844,185.2400054931641,173844900
2025-10-02,188.8692626953125,188.88999938964844,191.0500030517578,188.0599975585937,189.6000061035156,136805800
2025-10-03,187.5994110107422,187.6199951171875,190.3600006103516,185.3800048828125,189.19000244140625,137596900
2025-10-06,185.5196228027344,185.5399932861328,187.22999572753903,183.3300018310547,185.5,157678100
2025-10-07,185.01968383789065,185.0399932861328,189.0599975585937,184.0,186.22999572753903,140088000
2025-10-08,189.0892333984375,189.1100006103516,189.6000061035156,186.5399932861328,186.57000732421875,130168900
2025-10-09,192.54885864257807,192.57000732421875,195.3000030517578,191.0599975585937,192.22999572753903,182997200
2025-10-10,183.139892578125,183.1600036621093,195.6199951171875,182.0500030517578,193.509994506836,268774400
2025-10-13,188.29933166503903,188.32000732421875,190.1100006103516,185.9600067138672,187.97000122070312,153482800
2025-10-14,180.01022338867188,180.02999877929688,184.8000030517578,179.6999969482422,184.7700042724609,205641400
2025-10-15,179.8102569580078,179.8300018310547,184.8699951171875,177.2899932861328,184.8000030517578,214450500
2025-10-16,181.7900390625,181.8099975585937,183.27999877929688,179.77000427246094,182.22999572753903,179723300
2025-10-17,183.19989013671875,183.22000122070312,184.1000061035156,179.75,180.17999267578125,173135200
2025-10-20,182.6199493408203,182.63999938964844,185.1999969482422,181.72999572753903,183.1300048828125,128544700
2025-10-21,181.14010620117188,181.1600036621093,182.7899932861328,179.8000030517578,182.7899932861328,124240200
2025-10-22,180.2602081298828,180.27999877929688,183.44000244140625,176.75999450683594,181.13999938964844,162249600
2025-10-23,182.13999938964844,182.1600036621093,183.02999877929688,179.7899932861328,180.4199981689453,111363700
2025-10-24,186.23953247070312,186.259994506836,187.47000122070312,183.5,183.83999633789065,131296700
2025-10-27,191.468978881836,191.4900054931641,192.0,188.42999267578125,189.9900054931641,153452700
2025-10-28,201.0079345703125,201.02999877929688,203.1499938964844,191.9100036621093,193.0500030517578,297986200
2025-10-29,207.01727294921875,207.0399932861328,212.19000244140625,204.77999877929688,207.97999572753903,308829600
2025-10-30,202.8677215576172,202.88999938964844,206.1600036621093,201.4100036621093,205.1499938964844,178864400
2025-10-31,202.4677734375,202.4900054931641,207.97000122070312,202.07000732421875,206.4499969482422,179802200
2025-11-03,206.85728454589844,206.8800048828125,211.33999633789065,205.5599975585937,208.0800018310547,180267300
2025-11-04,198.66818237304688,198.69000244140625,203.97000122070312,197.92999267578125,203.0,188919300
2025-11-05,195.18858337402344,195.2100067138672,202.9199981689453,194.6499938964844,198.7700042724609,171350300
2025-11-06,188.05935668945312,188.0800018310547,197.6199951171875,186.3800048828125,196.4199981689453,223029800
2025-11-07,188.1293487548828,188.1499938964844,188.32000732421875,178.91000366210938,184.8999938964844,264942300
2025-11-10,199.0281524658203,199.0500030517578,199.94000244140625,193.7899932861328,195.1100006103516,198897100
2025-11-11,193.1387939453125,193.1600036621093,195.4199981689453,191.3000030517578,195.1600036621093,176483300
2025-11-12,193.7787322998047,193.8000030517578,195.88999938964844,191.1300048828125,195.72000122070312,154935300
2025-11-13,186.8394775390625,186.8600006103516,191.44000244140625,183.8500061035156,191.0500030517578,207423100
2025-11-14,190.14910888671875,190.1699981689453,191.009994506836,180.5800018310547,182.8600006103516,186591900
2025-11-17,186.5795135498047,186.6000061035156,189.0,184.32000732421875,185.97000122070312,173628900
2025-11-18,181.340087890625,181.3600006103516,184.8000030517578,179.64999389648438,183.3800048828125,213598900
2025-11-19,186.49952697753903,186.5200042724609,187.8600006103516,182.8300018310547,184.7899932861328,247246400
2025-11-20,180.6201629638672,180.63999938964844,196.0,179.85000610351562,195.9499969482422,343504800
2025-11-21,178.86036682128906,178.8800048828125,184.5599975585937,172.92999267578125,181.2400054931641,346926200
2025-11-24,182.52996826171875,182.5500030517578,183.5,176.47999572753906,179.49000549316406,256618300
2025-11-25,177.80047607421875,177.82000732421875,178.16000366210938,169.5500030517578,174.91000366210938,320600300
2025-11-26,180.24020385742188,180.259994506836,182.9100036621093,178.24000549316406,181.6300048828125,183852000
2025-11-28,176.98056030273438,177.0,179.2899932861328,176.5,179.00999450683594,121332800
2025-12-01,179.90025329589844,179.9199981689453,180.3000030517578,173.67999267578125,174.75999450683594,188131000
2025-12-02,181.4400787353516,181.4600067138672,185.6600036621093,180.0,181.759994506836,182632200
2025-12-03,179.57028198242188,179.58999633789062,182.4499969482422,179.11000061035156,181.0800018310547,165138000
2025-12-04,183.37008666992188,183.3800048828125,184.5200042724609,179.9600067138672,181.6199951171875,167364900
2025-12-05,182.400131225586,182.4100036621093,184.6600036621093,180.9100036621093,183.88999938964844,143971100
2025-12-08,185.5399627685547,185.5500030517578,188.0,182.3999938964844,182.63999938964844,204378100
2025-12-09,184.95999145507807,184.97000122070312,185.72000122070312,183.32000732421875,185.5599975585937,144719700
2025-12-10,183.77005004882807,183.77999877929688,185.47999572753903,182.0399932861328,184.97000122070312,162785400
2025-12-11,180.92019653320312,180.92999267578125,181.32000732421875,176.6199951171875,180.27999877929688,182136600
2025-12-12,175.01052856445312,175.02000427246094,182.82000732421875,174.6199951171875,181.1100006103516,204274900
2025-12-15,176.28045654296875,176.2899932861328,178.4199981689453,175.02999877929688,177.94000244140625,164775600
2025-12-16,177.71038818359375,177.72000122070312,178.49000549316406,174.89999389648438,176.25999450683594,148588100
2025-12-17,170.93075561523438,170.94000244140625,176.1300048828125,170.30999755859375,176.10000610351562,222775500
2025-12-18,174.1305694580078,174.13999938964844,176.14999389648438,171.82000732421875,174.52999877929688,176096000
2025-12-19,180.980209350586,180.9900054931641,181.4499969482422,176.33999633789062,176.6699981689453,324925900
2025-12-22,183.6800537109375,183.69000244140625,184.1600036621093,182.3500061035156,183.9199981689453,129064400
2025-12-23,189.19976806640625,189.2100067138672,189.3300018310547,182.8999938964844,182.97000122070312,174873600
2025-12-24,188.59979248046875,188.6100006103516,188.9100036621093,186.58999633789065,187.94000244140625,65528500
2025-12-26,190.51968383789065,190.52999877929688,192.69000244140625,188.0,189.9199981689453,139740300
2025-12-29,188.2098083496093,188.22000122070312,188.759994506836,185.9100036621093,187.7100067138672,120006100
2025-12-30,187.52984619140625,187.5399932861328,188.9900054931641,186.92999267578125,188.2400054931641,97687300
2025-12-31,186.4899139404297,186.5,190.5599975585937,186.4900054931641,189.57000732421875,120100500
2026-01-02,188.8397827148437,188.8500061035156,192.92999267578125,188.259994506836,189.83999633789065,148240500
2026-01-05,188.1098175048828,188.1199951171875,193.6300048828125,186.1499938964844,191.759994506836,183529700
2026-01-06,187.22987365722656,187.2400054931641,192.1699981689453,186.82000732421875,190.5200042724609,176862600
2026-01-07,189.09976196289065,189.1100006103516,191.3699951171875,186.5599975585937,188.57000732421875,153543200
2026-01-08,185.0299835205078,185.0399932861328,189.5500030517578,183.7100067138672,189.1100006103516,172457000
2026-01-09,184.84999084472656,184.8600006103516,186.33999633789065,183.6699981689453,185.0800018310547,131327500
2026-01-12,184.92999267578125,184.94000244140625,187.1199951171875,183.0200042724609,183.22000122070312,137968500
2026-01-13,185.7999420166016,185.8099975585937,188.1100006103516,183.3999938964844,185.0,160128900
2026-01-14,183.1300811767578,183.13999938964844,184.4600067138672,180.8000030517578,184.32000732421875,159586100
2026-01-15,187.0398864746093,187.0500030517578,189.6999969482422,186.3300018310547,186.5,206188600
2026-01-16,186.21990966796875,186.22999572753903,190.44000244140625,186.0800018310547,189.0800018310547,187967200
2026-01-20,178.06036376953125,178.07000732421875,182.3800048828125,177.61000061035156,181.8999938964844,223345300
2026-01-21,183.31008911132807,183.32000732421875,185.3800048828125,178.39999389648438,179.0500030517578,200381000
2026-01-22,184.8299865722656,184.83999633789065,186.1699981689453,183.92999267578125,184.75,139636600
2026-01-23,187.6598358154297,187.6699981689453,189.6000061035156,186.82000732421875,187.5,142748100
2026-01-26,186.4599151611328,186.47000122070312,189.1199951171875,185.9900054931641,187.1600036621093,124799600
2026-01-27,188.50979614257807,188.5200042724609,190.0,185.6999969482422,187.2400054931641,143711600
2026-01-28,191.5096435546875,191.5200042724609,192.3500061035156,189.83999633789065,191.2700042724609,148552700
2026-01-29,192.49957275390625,192.509994506836,193.47999572753903,186.0599975585937,191.33999633789065,171764400
2026-01-30,191.11965942382807,191.1300048828125,194.4900054931641,189.47000122070312,191.2100067138672,179489500
2026-02-02,185.59996032714844,185.6100006103516,190.3000030517578,184.8800048828125,187.1999969482422,165794100
2026-02-03,180.33023071289065,180.33999633789065,186.2700042724609,176.22999572753906,186.2400054931641,204019600
2026-02-04,174.18057250976562,174.19000244140625,179.5800018310547,171.91000366210938,179.4600067138672,207014100
2026-02-05,171.87069702148438,171.8800048828125,176.82000732421875,171.02999877929688,174.92999267578125,206312900
2026-02-06,185.39996337890625,185.4100036621093,187.0,174.60000610351562,176.69000244140625,231346200
2026-02-09,190.0297088623047,190.0399932861328,193.6600036621093,183.9499969482422,184.259994506836,196387400
2026-02-10,188.52978515625,188.5399932861328,192.47999572753903,188.1199951171875,191.3800048828125,136764800
2026-02-11,190.0397186279297,190.0500030517578,193.259994506836,188.7700042724609,192.4499969482422,144192700
2026-02-12,186.9298858642578,186.94000244140625,193.6100006103516,186.509994506836,193.02999877929688,189932500
2026-02-13,182.80010986328125,182.8099975585937,187.5,181.58999633789065,187.47999572753903,161888000
2026-02-17,184.95999145507807,184.97000122070312,187.1499938964844,179.17999267578125,181.75,162276900
2026-02-18,187.9698181152344,187.97999572753903,190.3699951171875,186.759994506836,188.75,164749100
2026-02-19,187.88983154296875,187.8999938964844,188.42999267578125,185.6600036621093,187.0599975585937,126554500
2026-02-20,189.8097381591797,189.82000732421875,190.3300018310547,185.94000244140625,186.57000732421875,178422300
2026-02-23,191.5396423339844,191.5500030517578,193.9499969482422,189.5800018310547,191.3999938964844,171584800
2026-02-24,192.83956909179688,192.8500061035156,193.7700042724609,187.3999938964844,191.4900054931641,175123600
2026-02-25,195.5494079589844,195.5599975585937,197.6300048828125,193.7899932861328,194.4499969482422,250637100
2026-02-26,184.87998962402344,184.88999938964844,194.2899932861328,184.32000732421875,194.2700042724609,360807900
2026-02-27,177.180419921875,177.19000244140625,182.58999633789065,176.3800048828125,181.25,311636500
2026-03-02,182.4701232910156,182.47999572753903,183.4600067138672,174.63999938964844,175.00999450683594,209095300
2026-03-03,180.04025268554688,180.0500030517578,180.8999938964844,176.9199981689453,178.49000549316406,178099400
2026-03-04,183.03009033203125,183.0399932861328,184.6999969482422,180.05999755859375,180.44000244140625,177731200
2026-03-05,183.330078125,183.33999633789065,184.0599975585937,177.8800048828125,181.1699981689453,198779700
2026-03-06,177.8103790283203,177.82000732421875,182.759994506836,176.82000732421875,179.83999633789062,189021900
2026-03-09,182.64010620117188,182.6499938964844,182.9100036621093,175.55999755859375,176.8300018310547,177213600
2026-03-10,184.760009765625,184.7700042724609,186.44000244140625,182.009994506836,182.3999938964844,179118500
2026-03-11,186.02999877929688,186.02999877929688,187.6199951171875,184.4499969482422,185.9100036621093,145280400
2026-03-12,183.13999938964844,183.13999938964844,184.94000244140625,181.75,184.0500030517578,155762700
2026-03-13,180.25,180.25,186.08999633789065,179.94000244140625,184.9199981689453,160988400
2026-03-16,183.22000122070312,183.22000122070312,188.8800048828125,181.4100036621093,182.97000122070312,217307400
2026-03-17,181.92999267578125,181.92999267578125,185.3999938964844,181.67999267578125,185.0599975585937,182497800
2026-03-18,180.3999938964844,180.3999938964844,183.3800048828125,180.3300018310547,182.47999572753903,156683100
2026-03-19,178.55999755859375,178.55999755859375,179.97999572753906,175.7899932861328,178.00999450683594,170968500
2026-03-20,172.6999969482422,172.6999969482422,178.25999450683594,171.72000122070312,178.0,241323500
2026-03-23,175.63999938964844,175.63999938964844,178.3699951171875,174.75999450683594,177.25999450683594,182836300
2026-03-24,175.1999969482422,175.1999969482422,176.22000122070312,173.97999572753906,174.8300018310547,147667800
2026-03-25,178.67999267578125,178.67999267578125,181.22000122070312,176.85000610351562,177.10000610351562,162602100
2026-03-26,171.24000549316406,171.24000549316406,176.50999450683594,171.13999938964844,176.07000732421875,186152200
2026-03-27,167.52000427246094,167.52000427246094,170.97000122070312,167.00999450683594,170.0,196212700
2026-03-30,165.1699981689453,165.1699981689453,169.4499969482422,164.27000427246094,168.77999877929688,185627000
2026-03-31,174.39999389648438,174.39999389648438,174.6199951171875,166.9600067138672,166.97000122070312,226181300
2026-04-01,175.75,175.75,177.3699951171875,174.75,176.0,168132000
2026-04-02,177.38999938964844,177.38999938964844,177.49000549316406,171.3699951171875,172.17999267578125,143143200
2026-04-06,177.63999938964844,177.63999938964844,177.7899932861328,175.75999450683594,177.16000366210938,107564300
2026-04-07,178.10000610351562,178.10000610351562,178.22999572753906,173.66000366210938,175.72999572753906,132534900
2026-04-08,182.0800018310547,182.0800018310547,185.259994506836,180.3000030517578,184.5,147732700
2026-04-09,183.9100036621093,183.9100036621093,184.0800018310547,180.6199951171875,181.83999633789065,116428500
2026-04-10,188.6300048828125,188.6300048828125,190.0,184.3000030517578,184.3099975585937,160459500
2026-04-13,189.3099975585937,189.3099975585937,189.6600036621093,185.7400054931641,186.02999877929688,133242100
